ISO-10303-21;
HEADER;
FILE_DESCRIPTION(('Open CASCADE Model'),'2;1');
FILE_NAME('Open CASCADE Shape Model','2026-05-29T02:14:34',('Author'),(
    'Open CASCADE'),'Open CASCADE STEP processor 7.8','Open CASCADE 7.8'
  ,'Unknown');
FILE_SCHEMA(('AUTOMOTIVE_DESIGN { 1 0 10303 214 1 1 1 1 }'));
ENDSEC;
DATA;
#1 = APPLICATION_PROTOCOL_DEFINITION('international standard',
  'automotive_design',2000,#2);
#2 = APPLICATION_CONTEXT(
  'core data for automotive mechanical design processes');
#3 = SHAPE_DEFINITION_REPRESENTATION(#4,#10);
#4 = PRODUCT_DEFINITION_SHAPE('','',#5);
#5 = PRODUCT_DEFINITION('design','',#6,#9);
#6 = PRODUCT_DEFINITION_FORMATION('','',#7);
#7 = PRODUCT('Open CASCADE STEP translator 7.8 1',
  'Open CASCADE STEP translator 7.8 1','',(#8));
#8 = PRODUCT_CONTEXT('',#2,'mechanical');
#9 = PRODUCT_DEFINITION_CONTEXT('part definition',#2,'design');
#10 = SHAPE_REPRESENTATION('',(#11,#15,#19,#23),#27);
#11 = AXIS2_PLACEMENT_3D('',#12,#13,#14);
#12 = CARTESIAN_POINT('',(0.,0.,0.));
#13 = DIRECTION('',(0.,0.,1.));
#14 = DIRECTION('',(1.,0.,-0.));
#15 = AXIS2_PLACEMENT_3D('',#16,#17,#18);
#16 = CARTESIAN_POINT('',(0.,0.,0.));
#17 = DIRECTION('',(0.,0.,1.));
#18 = DIRECTION('',(1.,0.,0.));
#19 = AXIS2_PLACEMENT_3D('',#20,#21,#22);
#20 = CARTESIAN_POINT('',(0.,0.,0.));
#21 = DIRECTION('',(0.,0.,1.));
#22 = DIRECTION('',(1.,0.,0.));
#23 = AXIS2_PLACEMENT_3D('',#24,#25,#26);
#24 = CARTESIAN_POINT('',(0.,0.,0.));
#25 = DIRECTION('',(0.,0.,1.));
#26 = DIRECTION('',(1.,0.,0.));
#27 = ( GEOMETRIC_REPRESENTATION_CONTEXT(3) 
GLOBAL_UNCERTAINTY_ASSIGNED_CONTEXT((#31)) GLOBAL_UNIT_ASSIGNED_CONTEXT(
(#28,#29,#30)) REPRESENTATION_CONTEXT('Context #1',
  '3D Context with UNIT and UNCERTAINTY') );
#28 = ( LENGTH_UNIT() NAMED_UNIT(*) SI_UNIT(.MILLI.,.METRE.) );
#29 = ( NAMED_UNIT(*) PLANE_ANGLE_UNIT() SI_UNIT($,.RADIAN.) );
#30 = ( NAMED_UNIT(*) SI_UNIT($,.STERADIAN.) SOLID_ANGLE_UNIT() );
#31 = UNCERTAINTY_MEASURE_WITH_UNIT(LENGTH_MEASURE(1.E-04),#28,
  'distance_accuracy_value','confusion accuracy');
#32 = PRODUCT_RELATED_PRODUCT_CATEGORY('part',$,(#7));
#33 = SHAPE_DEFINITION_REPRESENTATION(#34,#40);
#34 = PRODUCT_DEFINITION_SHAPE('','',#35);
#35 = PRODUCT_DEFINITION('design','',#36,#39);
#36 = PRODUCT_DEFINITION_FORMATION('','',#37);
#37 = PRODUCT('Open CASCADE STEP translator 7.8 1.1',
  'Open CASCADE STEP translator 7.8 1.1','',(#38));
#38 = PRODUCT_CONTEXT('',#2,'mechanical');
#39 = PRODUCT_DEFINITION_CONTEXT('part definition',#2,'design');
#40 = ADVANCED_BREP_SHAPE_REPRESENTATION('',(#11,#41),#249);
#41 = MANIFOLD_SOLID_BREP('',#42);
#42 = CLOSED_SHELL('',(#43,#180,#211,#244));
#43 = ADVANCED_FACE('',(#44),#60,.T.);
#44 = FACE_BOUND('',#45,.T.);
#45 = EDGE_LOOP('',(#46,#93,#126,#160));
#46 = ORIENTED_EDGE('',*,*,#47,.F.);
#47 = EDGE_CURVE('',#48,#50,#52,.T.);
#48 = VERTEX_POINT('',#49);
#49 = CARTESIAN_POINT('',(-0.345,-4.37,-1.355252715607E-17));
#50 = VERTEX_POINT('',#51);
#51 = CARTESIAN_POINT('',(0.345,-4.37,-1.355252715607E-17));
#52 = SURFACE_CURVE('',#53,(#59,#79),.PCURVE_S1.);
#53 = ( BOUNDED_CURVE() B_SPLINE_CURVE(2,(#54,#55,#56,#57,#58),
.UNSPECIFIED.,.F.,.F.) B_SPLINE_CURVE_WITH_KNOTS((3,2,3),(3.14159265359,
4.712388980385,6.28318530718),.PIECEWISE_BEZIER_KNOTS.) CURVE() 
GEOMETRIC_REPRESENTATION_ITEM() RATIONAL_B_SPLINE_CURVE((1.,
0.707106781187,1.,0.707106781187,1.)) REPRESENTATION_ITEM('') );
#54 = CARTESIAN_POINT('',(-0.345,-4.37,-1.355252715607E-17));
#55 = CARTESIAN_POINT('',(-0.345,-4.025,-1.355252715607E-17));
#56 = CARTESIAN_POINT('',(-6.337547185588E-17,-4.025,-1.355252715607E-17
    ));
#57 = CARTESIAN_POINT('',(0.345,-4.025,-1.355252715607E-17));
#58 = CARTESIAN_POINT('',(0.345,-4.37,-1.355252715607E-17));
#59 = PCURVE('',#60,#71);
#60 = ( BOUNDED_SURFACE() B_SPLINE_SURFACE(2,1,(
    (#61,#62)
    ,(#63,#64)
    ,(#65,#66)
    ,(#67,#68)
,(#69,#70
    )),.UNSPECIFIED.,.F.,.F.,.F.) B_SPLINE_SURFACE_WITH_KNOTS((3,2,3),(2
    ,2),(0.,1.570796326795,3.14159265359),(0.,4.5),
.PIECEWISE_BEZIER_KNOTS.) GEOMETRIC_REPRESENTATION_ITEM() 
RATIONAL_B_SPLINE_SURFACE((
    (1.,1.)
    ,(0.707106781187,0.707106781187)
    ,(1.,1.)
    ,(0.707106781187,0.707106781187)
,(1.,1.))) REPRESENTATION_ITEM('') SURFACE() );
#61 = CARTESIAN_POINT('',(0.345,-4.37,-1.355252715607E-17));
#62 = CARTESIAN_POINT('',(0.345,-4.37,4.5));
#63 = CARTESIAN_POINT('',(0.345,-4.025,-1.355252715607E-17));
#64 = CARTESIAN_POINT('',(0.345,-4.025,4.5));
#65 = CARTESIAN_POINT('',(2.112515728529E-17,-4.025,-1.355252715607E-17)
  );
#66 = CARTESIAN_POINT('',(2.112515728529E-17,-4.025,4.5));
#67 = CARTESIAN_POINT('',(-0.345,-4.025,-1.355252715607E-17));
#68 = CARTESIAN_POINT('',(-0.345,-4.025,4.5));
#69 = CARTESIAN_POINT('',(-0.345,-4.37,-1.355252715607E-17));
#70 = CARTESIAN_POINT('',(-0.345,-4.37,4.5));
#71 = DEFINITIONAL_REPRESENTATION('',(#72),#78);
#72 = B_SPLINE_CURVE_WITH_KNOTS('',2,(#73,#74,#75,#76,#77),
  .UNSPECIFIED.,.F.,.F.,(3,2,3),(3.14159265359,4.712388980385,
    6.28318530718),.UNSPECIFIED.);
#73 = CARTESIAN_POINT('',(3.14159265359,-4.576417370061E-16));
#74 = CARTESIAN_POINT('',(2.356194490192,-1.606706446874E-17));
#75 = CARTESIAN_POINT('',(1.570796326795,-4.576417370061E-16));
#76 = CARTESIAN_POINT('',(0.785398163397,-3.767931604302E-16));
#77 = CARTESIAN_POINT('',(1.7763568394E-15,-4.576417370061E-16));
#78 = ( GEOMETRIC_REPRESENTATION_CONTEXT(2) 
PARAMETRIC_REPRESENTATION_CONTEXT() REPRESENTATION_CONTEXT('2D SPACE',''
  ) );
#79 = PCURVE('',#80,#85);
#80 = B_SPLINE_SURFACE_WITH_KNOTS('',1,1,(
    (#81,#82)
    ,(#83,#84
    )),.UNSPECIFIED.,.F.,.F.,.F.,(2,2),(2,2),(2.58584298707E-02,
    0.625858429871),(2.6667002912E-02,0.626667002912),
  .PIECEWISE_BEZIER_KNOTS.);
#81 = CARTESIAN_POINT('',(-0.345,-4.715,0.));
#82 = CARTESIAN_POINT('',(-0.345,-4.025,0.));
#83 = CARTESIAN_POINT('',(0.345,-4.715,0.));
#84 = CARTESIAN_POINT('',(0.345,-4.025,0.));
#85 = DEFINITIONAL_REPRESENTATION('',(#86),#92);
#86 = ( BOUNDED_CURVE() B_SPLINE_CURVE(2,(#87,#88,#89,#90,#91),
.UNSPECIFIED.,.F.,.F.) B_SPLINE_CURVE_WITH_KNOTS((3,2,3),(3.14159265359,
4.712388980385,6.28318530718),.PIECEWISE_BEZIER_KNOTS.) CURVE() 
GEOMETRIC_REPRESENTATION_ITEM() RATIONAL_B_SPLINE_CURVE((1.,
0.707106781187,1.,0.707106781187,1.)) REPRESENTATION_ITEM('') );
#87 = CARTESIAN_POINT('',(2.58584298707E-02,0.326667002912));
#88 = CARTESIAN_POINT('',(2.58584298707E-02,0.626667002912));
#89 = CARTESIAN_POINT('',(0.325858429871,0.626667002912));
#90 = CARTESIAN_POINT('',(0.625858429871,0.626667002912));
#91 = CARTESIAN_POINT('',(0.625858429871,0.326667002912));
#92 = ( GEOMETRIC_REPRESENTATION_CONTEXT(2) 
PARAMETRIC_REPRESENTATION_CONTEXT() REPRESENTATION_CONTEXT('2D SPACE',''
  ) );
#93 = ORIENTED_EDGE('',*,*,#94,.T.);
#94 = EDGE_CURVE('',#48,#95,#97,.T.);
#95 = VERTEX_POINT('',#96);
#96 = CARTESIAN_POINT('',(-0.345,-4.37,4.5));
#97 = SURFACE_CURVE('',#98,(#101,#108),.PCURVE_S1.);
#98 = B_SPLINE_CURVE_WITH_KNOTS('',1,(#99,#100),.UNSPECIFIED.,.F.,.F.,(2
    ,2),(0.,4.5),.PIECEWISE_BEZIER_KNOTS.);
#99 = CARTESIAN_POINT('',(-0.345,-4.37,-1.355252715607E-17));
#100 = CARTESIAN_POINT('',(-0.345,-4.37,4.5));
#101 = PCURVE('',#60,#102);
#102 = DEFINITIONAL_REPRESENTATION('',(#103),#107);
#103 = B_SPLINE_CURVE_WITH_KNOTS('',2,(#104,#105,#106),.UNSPECIFIED.,.F.
  ,.F.,(3,3),(0.,4.5),.PIECEWISE_BEZIER_KNOTS.);
#104 = CARTESIAN_POINT('',(3.14159265359,-4.576417370061E-16));
#105 = CARTESIAN_POINT('',(3.14159265359,2.25));
#106 = CARTESIAN_POINT('',(3.14159265359,4.5));
#107 = ( GEOMETRIC_REPRESENTATION_CONTEXT(2) 
PARAMETRIC_REPRESENTATION_CONTEXT() REPRESENTATION_CONTEXT('2D SPACE',''
  ) );
#108 = PCURVE('',#109,#120);
#109 = ( BOUNDED_SURFACE() B_SPLINE_SURFACE(2,1,(
    (#110,#111)
    ,(#112,#113)
    ,(#114,#115)
    ,(#116,#117)
,(#118,#119
    )),.UNSPECIFIED.,.F.,.F.,.F.) B_SPLINE_SURFACE_WITH_KNOTS((3,2,3),(2
    ,2),(3.14159265359,4.712388980385,6.28318530718),(0.,4.5),
.PIECEWISE_BEZIER_KNOTS.) GEOMETRIC_REPRESENTATION_ITEM() 
RATIONAL_B_SPLINE_SURFACE((
    (1.,1.)
    ,(0.707106781187,0.707106781187)
    ,(1.,1.)
    ,(0.707106781187,0.707106781187)
,(1.,1.))) REPRESENTATION_ITEM('') SURFACE() );
#110 = CARTESIAN_POINT('',(-0.345,-4.37,-1.355252715607E-17));
#111 = CARTESIAN_POINT('',(-0.345,-4.37,4.5));
#112 = CARTESIAN_POINT('',(-0.345,-4.715,-1.355252715607E-17));
#113 = CARTESIAN_POINT('',(-0.345,-4.715,4.5));
#114 = CARTESIAN_POINT('',(-6.337547185588E-17,-4.715,
    -1.355252715607E-17));
#115 = CARTESIAN_POINT('',(-6.337547185588E-17,-4.715,4.5));
#116 = CARTESIAN_POINT('',(0.345,-4.715,-1.355252715607E-17));
#117 = CARTESIAN_POINT('',(0.345,-4.715,4.5));
#118 = CARTESIAN_POINT('',(0.345,-4.37,-1.355252715607E-17));
#119 = CARTESIAN_POINT('',(0.345,-4.37,4.5));
#120 = DEFINITIONAL_REPRESENTATION('',(#121),#125);
#121 = B_SPLINE_CURVE_WITH_KNOTS('',2,(#122,#123,#124),.UNSPECIFIED.,.F.
  ,.F.,(3,3),(0.,4.5),.PIECEWISE_BEZIER_KNOTS.);
#122 = CARTESIAN_POINT('',(3.14159265359,-4.576417370061E-16));
#123 = CARTESIAN_POINT('',(3.14159265359,2.25));
#124 = CARTESIAN_POINT('',(3.14159265359,4.5));
#125 = ( GEOMETRIC_REPRESENTATION_CONTEXT(2) 
PARAMETRIC_REPRESENTATION_CONTEXT() REPRESENTATION_CONTEXT('2D SPACE',''
  ) );
#126 = ORIENTED_EDGE('',*,*,#127,.T.);
#127 = EDGE_CURVE('',#95,#128,#130,.T.);
#128 = VERTEX_POINT('',#129);
#129 = CARTESIAN_POINT('',(0.345,-4.37,4.5));
#130 = SURFACE_CURVE('',#131,(#137,#146),.PCURVE_S1.);
#131 = ( BOUNDED_CURVE() B_SPLINE_CURVE(2,(#132,#133,#134,#135,#136),
.UNSPECIFIED.,.F.,.F.) B_SPLINE_CURVE_WITH_KNOTS((3,2,3),(3.14159265359,
4.712388980385,6.28318530718),.PIECEWISE_BEZIER_KNOTS.) CURVE() 
GEOMETRIC_REPRESENTATION_ITEM() RATIONAL_B_SPLINE_CURVE((1.,
0.707106781187,1.,0.707106781187,1.)) REPRESENTATION_ITEM('') );
#132 = CARTESIAN_POINT('',(-0.345,-4.37,4.5));
#133 = CARTESIAN_POINT('',(-0.345,-4.025,4.5));
#134 = CARTESIAN_POINT('',(-6.337547185588E-17,-4.025,4.5));
#135 = CARTESIAN_POINT('',(0.345,-4.025,4.5));
#136 = CARTESIAN_POINT('',(0.345,-4.37,4.5));
#137 = PCURVE('',#60,#138);
#138 = DEFINITIONAL_REPRESENTATION('',(#139),#145);
#139 = B_SPLINE_CURVE_WITH_KNOTS('',2,(#140,#141,#142,#143,#144),
  .UNSPECIFIED.,.F.,.F.,(3,2,3),(3.14159265359,4.712388980385,
    6.28318530718),.UNSPECIFIED.);
#140 = CARTESIAN_POINT('',(3.14159265359,4.5));
#141 = CARTESIAN_POINT('',(2.356194490192,4.5));
#142 = CARTESIAN_POINT('',(1.570796326795,4.5));
#143 = CARTESIAN_POINT('',(0.785398163397,4.5));
#144 = CARTESIAN_POINT('',(1.7763568394E-15,4.5));
#145 = ( GEOMETRIC_REPRESENTATION_CONTEXT(2) 
PARAMETRIC_REPRESENTATION_CONTEXT() REPRESENTATION_CONTEXT('2D SPACE',''
  ) );
#146 = PCURVE('',#147,#152);
#147 = B_SPLINE_SURFACE_WITH_KNOTS('',1,1,(
    (#148,#149)
    ,(#150,#151
    )),.UNSPECIFIED.,.F.,.F.,.F.,(2,2),(2,2),(2.58584298707E-02,
    0.625858429871),(2.6667002912E-02,0.626667002912),
  .PIECEWISE_BEZIER_KNOTS.);
#148 = CARTESIAN_POINT('',(-0.345,-4.715,4.5));
#149 = CARTESIAN_POINT('',(-0.345,-4.025,4.5));
#150 = CARTESIAN_POINT('',(0.345,-4.715,4.5));
#151 = CARTESIAN_POINT('',(0.345,-4.025,4.5));
#152 = DEFINITIONAL_REPRESENTATION('',(#153),#159);
#153 = ( BOUNDED_CURVE() B_SPLINE_CURVE(2,(#154,#155,#156,#157,#158),
.UNSPECIFIED.,.F.,.F.) B_SPLINE_CURVE_WITH_KNOTS((3,2,3),(3.14159265359,
4.712388980385,6.28318530718),.PIECEWISE_BEZIER_KNOTS.) CURVE() 
GEOMETRIC_REPRESENTATION_ITEM() RATIONAL_B_SPLINE_CURVE((1.,
0.707106781187,1.,0.707106781187,1.)) REPRESENTATION_ITEM('') );
#154 = CARTESIAN_POINT('',(2.58584298707E-02,0.326667002912));
#155 = CARTESIAN_POINT('',(2.58584298707E-02,0.626667002912));
#156 = CARTESIAN_POINT('',(0.325858429871,0.626667002912));
#157 = CARTESIAN_POINT('',(0.625858429871,0.626667002912));
#158 = CARTESIAN_POINT('',(0.625858429871,0.326667002912));
#159 = ( GEOMETRIC_REPRESENTATION_CONTEXT(2) 
PARAMETRIC_REPRESENTATION_CONTEXT() REPRESENTATION_CONTEXT('2D SPACE',''
  ) );
#160 = ORIENTED_EDGE('',*,*,#161,.F.);
#161 = EDGE_CURVE('',#50,#128,#162,.T.);
#162 = SURFACE_CURVE('',#163,(#166,#173),.PCURVE_S1.);
#163 = B_SPLINE_CURVE_WITH_KNOTS('',1,(#164,#165),.UNSPECIFIED.,.F.,.F.,
  (2,2),(0.,4.5),.PIECEWISE_BEZIER_KNOTS.);
#164 = CARTESIAN_POINT('',(0.345,-4.37,-1.355252715607E-17));
#165 = CARTESIAN_POINT('',(0.345,-4.37,4.5));
#166 = PCURVE('',#60,#167);
#167 = DEFINITIONAL_REPRESENTATION('',(#168),#172);
#168 = B_SPLINE_CURVE_WITH_KNOTS('',2,(#169,#170,#171),.UNSPECIFIED.,.F.
  ,.F.,(3,3),(0.,4.5),.PIECEWISE_BEZIER_KNOTS.);
#169 = CARTESIAN_POINT('',(0.,-4.576417370061E-16));
#170 = CARTESIAN_POINT('',(-2.911720243356E-46,2.25));
#171 = CARTESIAN_POINT('',(0.,4.5));
#172 = ( GEOMETRIC_REPRESENTATION_CONTEXT(2) 
PARAMETRIC_REPRESENTATION_CONTEXT() REPRESENTATION_CONTEXT('2D SPACE',''
  ) );
#173 = PCURVE('',#109,#174);
#174 = DEFINITIONAL_REPRESENTATION('',(#175),#179);
#175 = B_SPLINE_CURVE_WITH_KNOTS('',2,(#176,#177,#178),.UNSPECIFIED.,.F.
  ,.F.,(3,3),(0.,4.5),.PIECEWISE_BEZIER_KNOTS.);
#176 = CARTESIAN_POINT('',(6.28318530718,-4.576417370061E-16));
#177 = CARTESIAN_POINT('',(6.28318530718,2.25));
#178 = CARTESIAN_POINT('',(6.28318530718,4.5));
#179 = ( GEOMETRIC_REPRESENTATION_CONTEXT(2) 
PARAMETRIC_REPRESENTATION_CONTEXT() REPRESENTATION_CONTEXT('2D SPACE',''
  ) );
#180 = ADVANCED_FACE('',(#181),#147,.T.);
#181 = FACE_BOUND('',#182,.T.);
#182 = EDGE_LOOP('',(#183,#210));
#183 = ORIENTED_EDGE('',*,*,#184,.F.);
#184 = EDGE_CURVE('',#128,#95,#185,.T.);
#185 = SURFACE_CURVE('',#186,(#192,#201),.PCURVE_S1.);
#186 = ( BOUNDED_CURVE() B_SPLINE_CURVE(2,(#187,#188,#189,#190,#191),
.UNSPECIFIED.,.F.,.F.) B_SPLINE_CURVE_WITH_KNOTS((3,2,3),(0.,
1.570796326795,3.14159265359),.PIECEWISE_BEZIER_KNOTS.) CURVE() 
GEOMETRIC_REPRESENTATION_ITEM() RATIONAL_B_SPLINE_CURVE((1.,
0.707106781187,1.,0.707106781187,1.)) REPRESENTATION_ITEM('') );
#187 = CARTESIAN_POINT('',(0.345,-4.37,4.5));
#188 = CARTESIAN_POINT('',(0.345,-4.715,4.5));
#189 = CARTESIAN_POINT('',(2.112515728529E-17,-4.715,4.5));
#190 = CARTESIAN_POINT('',(-0.345,-4.715,4.5));
#191 = CARTESIAN_POINT('',(-0.345,-4.37,4.5));
#192 = PCURVE('',#147,#193);
#193 = DEFINITIONAL_REPRESENTATION('',(#194),#200);
#194 = ( BOUNDED_CURVE() B_SPLINE_CURVE(2,(#195,#196,#197,#198,#199),
.UNSPECIFIED.,.F.,.F.) B_SPLINE_CURVE_WITH_KNOTS((3,2,3),(0.,
1.570796326795,3.14159265359),.PIECEWISE_BEZIER_KNOTS.) CURVE() 
GEOMETRIC_REPRESENTATION_ITEM() RATIONAL_B_SPLINE_CURVE((1.,
0.707106781187,1.,0.707106781187,1.)) REPRESENTATION_ITEM('') );
#195 = CARTESIAN_POINT('',(0.625858429871,0.326667002912));
#196 = CARTESIAN_POINT('',(0.625858429871,2.6667002912E-02));
#197 = CARTESIAN_POINT('',(0.325858429871,2.6667002912E-02));
#198 = CARTESIAN_POINT('',(2.58584298707E-02,2.6667002912E-02));
#199 = CARTESIAN_POINT('',(2.58584298707E-02,0.326667002912));
#200 = ( GEOMETRIC_REPRESENTATION_CONTEXT(2) 
PARAMETRIC_REPRESENTATION_CONTEXT() REPRESENTATION_CONTEXT('2D SPACE',''
  ) );
#201 = PCURVE('',#109,#202);
#202 = DEFINITIONAL_REPRESENTATION('',(#203),#209);
#203 = B_SPLINE_CURVE_WITH_KNOTS('',2,(#204,#205,#206,#207,#208),
  .UNSPECIFIED.,.F.,.F.,(3,2,3),(0.,1.570796326795,3.14159265359),
  .PIECEWISE_BEZIER_KNOTS.);
#204 = CARTESIAN_POINT('',(6.28318530718,4.5));
#205 = CARTESIAN_POINT('',(5.497787143782,4.5));
#206 = CARTESIAN_POINT('',(4.712388980385,4.5));
#207 = CARTESIAN_POINT('',(3.926990816987,4.5));
#208 = CARTESIAN_POINT('',(3.14159265359,4.5));
#209 = ( GEOMETRIC_REPRESENTATION_CONTEXT(2) 
PARAMETRIC_REPRESENTATION_CONTEXT() REPRESENTATION_CONTEXT('2D SPACE',''
  ) );
#210 = ORIENTED_EDGE('',*,*,#127,.F.);
#211 = ADVANCED_FACE('',(#212),#109,.T.);
#212 = FACE_BOUND('',#213,.T.);
#213 = EDGE_LOOP('',(#214,#215,#242,#243));
#214 = ORIENTED_EDGE('',*,*,#94,.F.);
#215 = ORIENTED_EDGE('',*,*,#216,.F.);
#216 = EDGE_CURVE('',#50,#48,#217,.T.);
#217 = SURFACE_CURVE('',#218,(#224,#233),.PCURVE_S1.);
#218 = ( BOUNDED_CURVE() B_SPLINE_CURVE(2,(#219,#220,#221,#222,#223),
.UNSPECIFIED.,.F.,.F.) B_SPLINE_CURVE_WITH_KNOTS((3,2,3),(0.,
1.570796326795,3.14159265359),.PIECEWISE_BEZIER_KNOTS.) CURVE() 
GEOMETRIC_REPRESENTATION_ITEM() RATIONAL_B_SPLINE_CURVE((1.,
0.707106781187,1.,0.707106781187,1.)) REPRESENTATION_ITEM('') );
#219 = CARTESIAN_POINT('',(0.345,-4.37,-1.355252715607E-17));
#220 = CARTESIAN_POINT('',(0.345,-4.715,-1.355252715607E-17));
#221 = CARTESIAN_POINT('',(2.112515728529E-17,-4.715,-1.355252715607E-17
    ));
#222 = CARTESIAN_POINT('',(-0.345,-4.715,-1.355252715607E-17));
#223 = CARTESIAN_POINT('',(-0.345,-4.37,-1.355252715607E-17));
#224 = PCURVE('',#109,#225);
#225 = DEFINITIONAL_REPRESENTATION('',(#226),#232);
#226 = B_SPLINE_CURVE_WITH_KNOTS('',2,(#227,#228,#229,#230,#231),
  .UNSPECIFIED.,.F.,.F.,(3,2,3),(0.,1.570796326795,3.14159265359),
  .PIECEWISE_BEZIER_KNOTS.);
#227 = CARTESIAN_POINT('',(6.28318530718,-4.576417370061E-16));
#228 = CARTESIAN_POINT('',(5.497787143782,-3.767931604302E-16));
#229 = CARTESIAN_POINT('',(4.712388980385,-4.576417370061E-16));
#230 = CARTESIAN_POINT('',(3.926990816987,-1.606706446874E-17));
#231 = CARTESIAN_POINT('',(3.14159265359,-4.576417370061E-16));
#232 = ( GEOMETRIC_REPRESENTATION_CONTEXT(2) 
PARAMETRIC_REPRESENTATION_CONTEXT() REPRESENTATION_CONTEXT('2D SPACE',''
  ) );
#233 = PCURVE('',#80,#234);
#234 = DEFINITIONAL_REPRESENTATION('',(#235),#241);
#235 = ( BOUNDED_CURVE() B_SPLINE_CURVE(2,(#236,#237,#238,#239,#240),
.UNSPECIFIED.,.F.,.F.) B_SPLINE_CURVE_WITH_KNOTS((3,2,3),(0.,
1.570796326795,3.14159265359),.PIECEWISE_BEZIER_KNOTS.) CURVE() 
GEOMETRIC_REPRESENTATION_ITEM() RATIONAL_B_SPLINE_CURVE((1.,
0.707106781187,1.,0.707106781187,1.)) REPRESENTATION_ITEM('') );
#236 = CARTESIAN_POINT('',(0.625858429871,0.326667002912));
#237 = CARTESIAN_POINT('',(0.625858429871,2.6667002912E-02));
#238 = CARTESIAN_POINT('',(0.325858429871,2.6667002912E-02));
#239 = CARTESIAN_POINT('',(2.58584298707E-02,2.6667002912E-02));
#240 = CARTESIAN_POINT('',(2.58584298707E-02,0.326667002912));
#241 = ( GEOMETRIC_REPRESENTATION_CONTEXT(2) 
PARAMETRIC_REPRESENTATION_CONTEXT() REPRESENTATION_CONTEXT('2D SPACE',''
  ) );
#242 = ORIENTED_EDGE('',*,*,#161,.T.);
#243 = ORIENTED_EDGE('',*,*,#184,.T.);
#244 = ADVANCED_FACE('',(#245),#80,.F.);
#245 = FACE_BOUND('',#246,.T.);
#246 = EDGE_LOOP('',(#247,#248));
#247 = ORIENTED_EDGE('',*,*,#216,.T.);
#248 = ORIENTED_EDGE('',*,*,#47,.T.);
#249 = ( GEOMETRIC_REPRESENTATION_CONTEXT(3) 
GLOBAL_UNCERTAINTY_ASSIGNED_CONTEXT((#253)) GLOBAL_UNIT_ASSIGNED_CONTEXT
((#250,#251,#252)) REPRESENTATION_CONTEXT('Context #1',
  '3D Context with UNIT and UNCERTAINTY') );
#250 = ( LENGTH_UNIT() NAMED_UNIT(*) SI_UNIT(.MILLI.,.METRE.) );
#251 = ( NAMED_UNIT(*) PLANE_ANGLE_UNIT() SI_UNIT($,.RADIAN.) );
#252 = ( NAMED_UNIT(*) SI_UNIT($,.STERADIAN.) SOLID_ANGLE_UNIT() );
#253 = UNCERTAINTY_MEASURE_WITH_UNIT(LENGTH_MEASURE(1.E-07),#250,
  'distance_accuracy_value','confusion accuracy');
#254 = CONTEXT_DEPENDENT_SHAPE_REPRESENTATION(#255,#257);
#255 = ( REPRESENTATION_RELATIONSHIP('','',#40,#10) 
REPRESENTATION_RELATIONSHIP_WITH_TRANSFORMATION(#256) 
SHAPE_REPRESENTATION_RELATIONSHIP() );
#256 = ITEM_DEFINED_TRANSFORMATION('','',#11,#15);
#257 = PRODUCT_DEFINITION_SHAPE('Placement','Placement of an item',#258
  );
#258 = NEXT_ASSEMBLY_USAGE_OCCURRENCE('1','','',#5,#35,$);
#259 = PRODUCT_RELATED_PRODUCT_CATEGORY('part',$,(#37));
#260 = SHAPE_DEFINITION_REPRESENTATION(#261,#267);
#261 = PRODUCT_DEFINITION_SHAPE('','',#262);
#262 = PRODUCT_DEFINITION('design','',#263,#266);
#263 = PRODUCT_DEFINITION_FORMATION('','',#264);
#264 = PRODUCT('Open CASCADE STEP translator 7.8 1.2',
  'Open CASCADE STEP translator 7.8 1.2','',(#265));
#265 = PRODUCT_CONTEXT('',#2,'mechanical');
#266 = PRODUCT_DEFINITION_CONTEXT('part definition',#2,'design');
#267 = ADVANCED_BREP_SHAPE_REPRESENTATION('',(#11,#268),#476);
#268 = MANIFOLD_SOLID_BREP('',#269);
#269 = CLOSED_SHELL('',(#270,#407,#438,#471));
#270 = ADVANCED_FACE('',(#271),#287,.T.);
#271 = FACE_BOUND('',#272,.T.);
#272 = EDGE_LOOP('',(#273,#320,#353,#387));
#273 = ORIENTED_EDGE('',*,*,#274,.F.);
#274 = EDGE_CURVE('',#275,#277,#279,.T.);
#275 = VERTEX_POINT('',#276);
#276 = CARTESIAN_POINT('',(-0.345,4.37,0.));
#277 = VERTEX_POINT('',#278);
#278 = CARTESIAN_POINT('',(0.345,4.37,0.));
#279 = SURFACE_CURVE('',#280,(#286,#306),.PCURVE_S1.);
#280 = ( BOUNDED_CURVE() B_SPLINE_CURVE(2,(#281,#282,#283,#284,#285),
.UNSPECIFIED.,.F.,.F.) B_SPLINE_CURVE_WITH_KNOTS((3,2,3),(3.14159265359,
4.712388980385,6.28318530718),.PIECEWISE_BEZIER_KNOTS.) CURVE() 
GEOMETRIC_REPRESENTATION_ITEM() RATIONAL_B_SPLINE_CURVE((1.,
0.707106781187,1.,0.707106781187,1.)) REPRESENTATION_ITEM('') );
#281 = CARTESIAN_POINT('',(-0.345,4.37,0.));
#282 = CARTESIAN_POINT('',(-0.345,4.715,0.));
#283 = CARTESIAN_POINT('',(-6.337547185588E-17,4.715,0.));
#284 = CARTESIAN_POINT('',(0.345,4.715,0.));
#285 = CARTESIAN_POINT('',(0.345,4.37,0.));
#286 = PCURVE('',#287,#298);
#287 = ( BOUNDED_SURFACE() B_SPLINE_SURFACE(2,1,(
    (#288,#289)
    ,(#290,#291)
    ,(#292,#293)
    ,(#294,#295)
,(#296,#297
    )),.UNSPECIFIED.,.F.,.F.,.F.) B_SPLINE_SURFACE_WITH_KNOTS((3,2,3),(2
    ,2),(0.,1.570796326795,3.14159265359),(0.,6.),
.PIECEWISE_BEZIER_KNOTS.) GEOMETRIC_REPRESENTATION_ITEM() 
RATIONAL_B_SPLINE_SURFACE((
    (1.,1.)
    ,(0.707106781187,0.707106781187)
    ,(1.,1.)
    ,(0.707106781187,0.707106781187)
,(1.,1.))) REPRESENTATION_ITEM('') SURFACE() );
#288 = CARTESIAN_POINT('',(0.345,4.37,0.));
#289 = CARTESIAN_POINT('',(0.345,4.37,6.));
#290 = CARTESIAN_POINT('',(0.345,4.715,0.));
#291 = CARTESIAN_POINT('',(0.345,4.715,6.));
#292 = CARTESIAN_POINT('',(2.112515728529E-17,4.715,0.));
#293 = CARTESIAN_POINT('',(2.112515728529E-17,4.715,6.));
#294 = CARTESIAN_POINT('',(-0.345,4.715,0.));
#295 = CARTESIAN_POINT('',(-0.345,4.715,6.));
#296 = CARTESIAN_POINT('',(-0.345,4.37,0.));
#297 = CARTESIAN_POINT('',(-0.345,4.37,6.));
#298 = DEFINITIONAL_REPRESENTATION('',(#299),#305);
#299 = B_SPLINE_CURVE_WITH_KNOTS('',2,(#300,#301,#302,#303,#304),
  .UNSPECIFIED.,.F.,.F.,(3,2,3),(3.14159265359,4.712388980385,
    6.28318530718),.PIECEWISE_BEZIER_KNOTS.);
#300 = CARTESIAN_POINT('',(3.14159265359,0.));
#301 = CARTESIAN_POINT('',(2.356194490192,-1.347242343928E-16));
#302 = CARTESIAN_POINT('',(1.570796326795,-8.881784197001E-16));
#303 = CARTESIAN_POINT('',(0.785398163397,-1.048789829918E-15));
#304 = CARTESIAN_POINT('',(0.,0.));
#305 = ( GEOMETRIC_REPRESENTATION_CONTEXT(2) 
PARAMETRIC_REPRESENTATION_CONTEXT() REPRESENTATION_CONTEXT('2D SPACE',''
  ) );
#306 = PCURVE('',#307,#312);
#307 = B_SPLINE_SURFACE_WITH_KNOTS('',1,1,(
    (#308,#309)
    ,(#310,#311
    )),.UNSPECIFIED.,.F.,.F.,.F.,(2,2),(2,2),(2.58584298707E-02,
    0.625858429871),(2.6667002912E-02,0.626667002912),
  .PIECEWISE_BEZIER_KNOTS.);
#308 = CARTESIAN_POINT('',(-0.345,4.025,0.));
#309 = CARTESIAN_POINT('',(-0.345,4.715,0.));
#310 = CARTESIAN_POINT('',(0.345,4.025,0.));
#311 = CARTESIAN_POINT('',(0.345,4.715,0.));
#312 = DEFINITIONAL_REPRESENTATION('',(#313),#319);
#313 = ( BOUNDED_CURVE() B_SPLINE_CURVE(2,(#314,#315,#316,#317,#318),
.UNSPECIFIED.,.F.,.F.) B_SPLINE_CURVE_WITH_KNOTS((3,2,3),(3.14159265359,
4.712388980385,6.28318530718),.PIECEWISE_BEZIER_KNOTS.) CURVE() 
GEOMETRIC_REPRESENTATION_ITEM() RATIONAL_B_SPLINE_CURVE((1.,
0.707106781187,1.,0.707106781187,1.)) REPRESENTATION_ITEM('') );
#314 = CARTESIAN_POINT('',(2.58584298707E-02,0.326667002912));
#315 = CARTESIAN_POINT('',(2.58584298707E-02,0.626667002912));
#316 = CARTESIAN_POINT('',(0.325858429871,0.626667002912));
#317 = CARTESIAN_POINT('',(0.625858429871,0.626667002912));
#318 = CARTESIAN_POINT('',(0.625858429871,0.326667002912));
#319 = ( GEOMETRIC_REPRESENTATION_CONTEXT(2) 
PARAMETRIC_REPRESENTATION_CONTEXT() REPRESENTATION_CONTEXT('2D SPACE',''
  ) );
#320 = ORIENTED_EDGE('',*,*,#321,.T.);
#321 = EDGE_CURVE('',#275,#322,#324,.T.);
#322 = VERTEX_POINT('',#323);
#323 = CARTESIAN_POINT('',(-0.345,4.37,6.));
#324 = SURFACE_CURVE('',#325,(#328,#335),.PCURVE_S1.);
#325 = B_SPLINE_CURVE_WITH_KNOTS('',1,(#326,#327),.UNSPECIFIED.,.F.,.F.,
  (2,2),(0.,6.),.PIECEWISE_BEZIER_KNOTS.);
#326 = CARTESIAN_POINT('',(-0.345,4.37,0.));
#327 = CARTESIAN_POINT('',(-0.345,4.37,6.));
#328 = PCURVE('',#287,#329);
#329 = DEFINITIONAL_REPRESENTATION('',(#330),#334);
#330 = B_SPLINE_CURVE_WITH_KNOTS('',2,(#331,#332,#333),.UNSPECIFIED.,.F.
  ,.F.,(3,3),(0.,6.),.PIECEWISE_BEZIER_KNOTS.);
#331 = CARTESIAN_POINT('',(3.14159265359,0.));
#332 = CARTESIAN_POINT('',(3.14159265359,3.));
#333 = CARTESIAN_POINT('',(3.14159265359,6.));
#334 = ( GEOMETRIC_REPRESENTATION_CONTEXT(2) 
PARAMETRIC_REPRESENTATION_CONTEXT() REPRESENTATION_CONTEXT('2D SPACE',''
  ) );
#335 = PCURVE('',#336,#347);
#336 = ( BOUNDED_SURFACE() B_SPLINE_SURFACE(2,1,(
    (#337,#338)
    ,(#339,#340)
    ,(#341,#342)
    ,(#343,#344)
,(#345,#346
    )),.UNSPECIFIED.,.F.,.F.,.F.) B_SPLINE_SURFACE_WITH_KNOTS((3,2,3),(2
    ,2),(3.14159265359,4.712388980385,6.28318530718),(0.,6.),
.PIECEWISE_BEZIER_KNOTS.) GEOMETRIC_REPRESENTATION_ITEM() 
RATIONAL_B_SPLINE_SURFACE((
    (1.,1.)
    ,(0.707106781187,0.707106781187)
    ,(1.,1.)
    ,(0.707106781187,0.707106781187)
,(1.,1.))) REPRESENTATION_ITEM('') SURFACE() );
#337 = CARTESIAN_POINT('',(-0.345,4.37,0.));
#338 = CARTESIAN_POINT('',(-0.345,4.37,6.));
#339 = CARTESIAN_POINT('',(-0.345,4.025,0.));
#340 = CARTESIAN_POINT('',(-0.345,4.025,6.));
#341 = CARTESIAN_POINT('',(-6.337547185588E-17,4.025,0.));
#342 = CARTESIAN_POINT('',(-6.337547185588E-17,4.025,6.));
#343 = CARTESIAN_POINT('',(0.345,4.025,0.));
#344 = CARTESIAN_POINT('',(0.345,4.025,6.));
#345 = CARTESIAN_POINT('',(0.345,4.37,0.));
#346 = CARTESIAN_POINT('',(0.345,4.37,6.));
#347 = DEFINITIONAL_REPRESENTATION('',(#348),#352);
#348 = B_SPLINE_CURVE_WITH_KNOTS('',2,(#349,#350,#351),.UNSPECIFIED.,.F.
  ,.F.,(3,3),(0.,6.),.PIECEWISE_BEZIER_KNOTS.);
#349 = CARTESIAN_POINT('',(3.14159265359,0.));
#350 = CARTESIAN_POINT('',(3.14159265359,3.));
#351 = CARTESIAN_POINT('',(3.14159265359,6.));
#352 = ( GEOMETRIC_REPRESENTATION_CONTEXT(2) 
PARAMETRIC_REPRESENTATION_CONTEXT() REPRESENTATION_CONTEXT('2D SPACE',''
  ) );
#353 = ORIENTED_EDGE('',*,*,#354,.T.);
#354 = EDGE_CURVE('',#322,#355,#357,.T.);
#355 = VERTEX_POINT('',#356);
#356 = CARTESIAN_POINT('',(0.345,4.37,6.));
#357 = SURFACE_CURVE('',#358,(#364,#373),.PCURVE_S1.);
#358 = ( BOUNDED_CURVE() B_SPLINE_CURVE(2,(#359,#360,#361,#362,#363),
.UNSPECIFIED.,.F.,.F.) B_SPLINE_CURVE_WITH_KNOTS((3,2,3),(3.14159265359,
4.712388980385,6.28318530718),.PIECEWISE_BEZIER_KNOTS.) CURVE() 
GEOMETRIC_REPRESENTATION_ITEM() RATIONAL_B_SPLINE_CURVE((1.,
0.707106781187,1.,0.707106781187,1.)) REPRESENTATION_ITEM('') );
#359 = CARTESIAN_POINT('',(-0.345,4.37,6.));
#360 = CARTESIAN_POINT('',(-0.345,4.715,6.));
#361 = CARTESIAN_POINT('',(-6.337547185588E-17,4.715,6.));
#362 = CARTESIAN_POINT('',(0.345,4.715,6.));
#363 = CARTESIAN_POINT('',(0.345,4.37,6.));
#364 = PCURVE('',#287,#365);
#365 = DEFINITIONAL_REPRESENTATION('',(#366),#372);
#366 = B_SPLINE_CURVE_WITH_KNOTS('',2,(#367,#368,#369,#370,#371),
  .UNSPECIFIED.,.F.,.F.,(3,2,3),(3.14159265359,4.712388980385,
    6.28318530718),.PIECEWISE_BEZIER_KNOTS.);
#367 = CARTESIAN_POINT('',(3.14159265359,6.));
#368 = CARTESIAN_POINT('',(2.356194490192,6.));
#369 = CARTESIAN_POINT('',(1.570796326795,6.));
#370 = CARTESIAN_POINT('',(0.785398163397,6.));
#371 = CARTESIAN_POINT('',(0.,6.));
#372 = ( GEOMETRIC_REPRESENTATION_CONTEXT(2) 
PARAMETRIC_REPRESENTATION_CONTEXT() REPRESENTATION_CONTEXT('2D SPACE',''
  ) );
#373 = PCURVE('',#374,#379);
#374 = B_SPLINE_SURFACE_WITH_KNOTS('',1,1,(
    (#375,#376)
    ,(#377,#378
    )),.UNSPECIFIED.,.F.,.F.,.F.,(2,2),(2,2),(2.58584298707E-02,
    0.625858429871),(2.6667002912E-02,0.626667002912),
  .PIECEWISE_BEZIER_KNOTS.);
#375 = CARTESIAN_POINT('',(-0.345,4.025,6.));
#376 = CARTESIAN_POINT('',(-0.345,4.715,6.));
#377 = CARTESIAN_POINT('',(0.345,4.025,6.));
#378 = CARTESIAN_POINT('',(0.345,4.715,6.));
#379 = DEFINITIONAL_REPRESENTATION('',(#380),#386);
#380 = ( BOUNDED_CURVE() B_SPLINE_CURVE(2,(#381,#382,#383,#384,#385),
.UNSPECIFIED.,.F.,.F.) B_SPLINE_CURVE_WITH_KNOTS((3,2,3),(3.14159265359,
4.712388980385,6.28318530718),.PIECEWISE_BEZIER_KNOTS.) CURVE() 
GEOMETRIC_REPRESENTATION_ITEM() RATIONAL_B_SPLINE_CURVE((1.,
0.707106781187,1.,0.707106781187,1.)) REPRESENTATION_ITEM('') );
#381 = CARTESIAN_POINT('',(2.58584298707E-02,0.326667002912));
#382 = CARTESIAN_POINT('',(2.58584298707E-02,0.626667002912));
#383 = CARTESIAN_POINT('',(0.325858429871,0.626667002912));
#384 = CARTESIAN_POINT('',(0.625858429871,0.626667002912));
#385 = CARTESIAN_POINT('',(0.625858429871,0.326667002912));
#386 = ( GEOMETRIC_REPRESENTATION_CONTEXT(2) 
PARAMETRIC_REPRESENTATION_CONTEXT() REPRESENTATION_CONTEXT('2D SPACE',''
  ) );
#387 = ORIENTED_EDGE('',*,*,#388,.F.);
#388 = EDGE_CURVE('',#277,#355,#389,.T.);
#389 = SURFACE_CURVE('',#390,(#393,#400),.PCURVE_S1.);
#390 = B_SPLINE_CURVE_WITH_KNOTS('',1,(#391,#392),.UNSPECIFIED.,.F.,.F.,
  (2,2),(0.,6.),.PIECEWISE_BEZIER_KNOTS.);
#391 = CARTESIAN_POINT('',(0.345,4.37,0.));
#392 = CARTESIAN_POINT('',(0.345,4.37,6.));
#393 = PCURVE('',#287,#394);
#394 = DEFINITIONAL_REPRESENTATION('',(#395),#399);
#395 = B_SPLINE_CURVE_WITH_KNOTS('',2,(#396,#397,#398),.UNSPECIFIED.,.F.
  ,.F.,(3,3),(0.,6.),.PIECEWISE_BEZIER_KNOTS.);
#396 = CARTESIAN_POINT('',(0.,0.));
#397 = CARTESIAN_POINT('',(-3.09551910749E-46,3.));
#398 = CARTESIAN_POINT('',(0.,6.));
#399 = ( GEOMETRIC_REPRESENTATION_CONTEXT(2) 
PARAMETRIC_REPRESENTATION_CONTEXT() REPRESENTATION_CONTEXT('2D SPACE',''
  ) );
#400 = PCURVE('',#336,#401);
#401 = DEFINITIONAL_REPRESENTATION('',(#402),#406);
#402 = B_SPLINE_CURVE_WITH_KNOTS('',2,(#403,#404,#405),.UNSPECIFIED.,.F.
  ,.F.,(3,3),(0.,6.),.PIECEWISE_BEZIER_KNOTS.);
#403 = CARTESIAN_POINT('',(6.28318530718,0.));
#404 = CARTESIAN_POINT('',(6.28318530718,3.));
#405 = CARTESIAN_POINT('',(6.28318530718,6.));
#406 = ( GEOMETRIC_REPRESENTATION_CONTEXT(2) 
PARAMETRIC_REPRESENTATION_CONTEXT() REPRESENTATION_CONTEXT('2D SPACE',''
  ) );
#407 = ADVANCED_FACE('',(#408),#374,.T.);
#408 = FACE_BOUND('',#409,.T.);
#409 = EDGE_LOOP('',(#410,#437));
#410 = ORIENTED_EDGE('',*,*,#411,.F.);
#411 = EDGE_CURVE('',#355,#322,#412,.T.);
#412 = SURFACE_CURVE('',#413,(#419,#428),.PCURVE_S1.);
#413 = ( BOUNDED_CURVE() B_SPLINE_CURVE(2,(#414,#415,#416,#417,#418),
.UNSPECIFIED.,.F.,.F.) B_SPLINE_CURVE_WITH_KNOTS((3,2,3),(0.,
1.570796326795,3.14159265359),.PIECEWISE_BEZIER_KNOTS.) CURVE() 
GEOMETRIC_REPRESENTATION_ITEM() RATIONAL_B_SPLINE_CURVE((1.,
0.707106781187,1.,0.707106781187,1.)) REPRESENTATION_ITEM('') );
#414 = CARTESIAN_POINT('',(0.345,4.37,6.));
#415 = CARTESIAN_POINT('',(0.345,4.025,6.));
#416 = CARTESIAN_POINT('',(2.112515728529E-17,4.025,6.));
#417 = CARTESIAN_POINT('',(-0.345,4.025,6.));
#418 = CARTESIAN_POINT('',(-0.345,4.37,6.));
#419 = PCURVE('',#374,#420);
#420 = DEFINITIONAL_REPRESENTATION('',(#421),#427);
#421 = ( BOUNDED_CURVE() B_SPLINE_CURVE(2,(#422,#423,#424,#425,#426),
.UNSPECIFIED.,.F.,.F.) B_SPLINE_CURVE_WITH_KNOTS((3,2,3),(0.,
1.570796326795,3.14159265359),.PIECEWISE_BEZIER_KNOTS.) CURVE() 
GEOMETRIC_REPRESENTATION_ITEM() RATIONAL_B_SPLINE_CURVE((1.,
0.707106781187,1.,0.707106781187,1.)) REPRESENTATION_ITEM('') );
#422 = CARTESIAN_POINT('',(0.625858429871,0.326667002912));
#423 = CARTESIAN_POINT('',(0.625858429871,2.6667002912E-02));
#424 = CARTESIAN_POINT('',(0.325858429871,2.6667002912E-02));
#425 = CARTESIAN_POINT('',(2.58584298707E-02,2.6667002912E-02));
#426 = CARTESIAN_POINT('',(2.58584298707E-02,0.326667002912));
#427 = ( GEOMETRIC_REPRESENTATION_CONTEXT(2) 
PARAMETRIC_REPRESENTATION_CONTEXT() REPRESENTATION_CONTEXT('2D SPACE',''
  ) );
#428 = PCURVE('',#336,#429);
#429 = DEFINITIONAL_REPRESENTATION('',(#430),#436);
#430 = B_SPLINE_CURVE_WITH_KNOTS('',2,(#431,#432,#433,#434,#435),
  .UNSPECIFIED.,.F.,.F.,(3,2,3),(0.,1.570796326795,3.14159265359),
  .UNSPECIFIED.);
#431 = CARTESIAN_POINT('',(6.28318530718,6.));
#432 = CARTESIAN_POINT('',(5.497787143782,6.));
#433 = CARTESIAN_POINT('',(4.712388980385,6.));
#434 = CARTESIAN_POINT('',(3.926990816987,6.));
#435 = CARTESIAN_POINT('',(3.14159265359,6.));
#436 = ( GEOMETRIC_REPRESENTATION_CONTEXT(2) 
PARAMETRIC_REPRESENTATION_CONTEXT() REPRESENTATION_CONTEXT('2D SPACE',''
  ) );
#437 = ORIENTED_EDGE('',*,*,#354,.F.);
#438 = ADVANCED_FACE('',(#439),#336,.T.);
#439 = FACE_BOUND('',#440,.T.);
#440 = EDGE_LOOP('',(#441,#442,#469,#470));
#441 = ORIENTED_EDGE('',*,*,#321,.F.);
#442 = ORIENTED_EDGE('',*,*,#443,.F.);
#443 = EDGE_CURVE('',#277,#275,#444,.T.);
#444 = SURFACE_CURVE('',#445,(#451,#460),.PCURVE_S1.);
#445 = ( BOUNDED_CURVE() B_SPLINE_CURVE(2,(#446,#447,#448,#449,#450),
.UNSPECIFIED.,.F.,.F.) B_SPLINE_CURVE_WITH_KNOTS((3,2,3),(0.,
1.570796326795,3.14159265359),.PIECEWISE_BEZIER_KNOTS.) CURVE() 
GEOMETRIC_REPRESENTATION_ITEM() RATIONAL_B_SPLINE_CURVE((1.,
0.707106781187,1.,0.707106781187,1.)) REPRESENTATION_ITEM('') );
#446 = CARTESIAN_POINT('',(0.345,4.37,0.));
#447 = CARTESIAN_POINT('',(0.345,4.025,0.));
#448 = CARTESIAN_POINT('',(2.112515728529E-17,4.025,0.));
#449 = CARTESIAN_POINT('',(-0.345,4.025,0.));
#450 = CARTESIAN_POINT('',(-0.345,4.37,0.));
#451 = PCURVE('',#336,#452);
#452 = DEFINITIONAL_REPRESENTATION('',(#453),#459);
#453 = B_SPLINE_CURVE_WITH_KNOTS('',2,(#454,#455,#456,#457,#458),
  .UNSPECIFIED.,.F.,.F.,(3,2,3),(0.,1.570796326795,3.14159265359),
  .UNSPECIFIED.);
#454 = CARTESIAN_POINT('',(6.28318530718,0.));
#455 = CARTESIAN_POINT('',(5.497787143782,-4.417950595934E-16));
#456 = CARTESIAN_POINT('',(4.712388980385,0.));
#457 = CARTESIAN_POINT('',(3.926990816987,-1.616315315193E-15));
#458 = CARTESIAN_POINT('',(3.14159265359,0.));
#459 = ( GEOMETRIC_REPRESENTATION_CONTEXT(2) 
PARAMETRIC_REPRESENTATION_CONTEXT() REPRESENTATION_CONTEXT('2D SPACE',''
  ) );
#460 = PCURVE('',#307,#461);
#461 = DEFINITIONAL_REPRESENTATION('',(#462),#468);
#462 = ( BOUNDED_CURVE() B_SPLINE_CURVE(2,(#463,#464,#465,#466,#467),
.UNSPECIFIED.,.F.,.F.) B_SPLINE_CURVE_WITH_KNOTS((3,2,3),(0.,
1.570796326795,3.14159265359),.PIECEWISE_BEZIER_KNOTS.) CURVE() 
GEOMETRIC_REPRESENTATION_ITEM() RATIONAL_B_SPLINE_CURVE((1.,
0.707106781187,1.,0.707106781187,1.)) REPRESENTATION_ITEM('') );
#463 = CARTESIAN_POINT('',(0.625858429871,0.326667002912));
#464 = CARTESIAN_POINT('',(0.625858429871,2.6667002912E-02));
#465 = CARTESIAN_POINT('',(0.325858429871,2.6667002912E-02));
#466 = CARTESIAN_POINT('',(2.58584298707E-02,2.6667002912E-02));
#467 = CARTESIAN_POINT('',(2.58584298707E-02,0.326667002912));
#468 = ( GEOMETRIC_REPRESENTATION_CONTEXT(2) 
PARAMETRIC_REPRESENTATION_CONTEXT() REPRESENTATION_CONTEXT('2D SPACE',''
  ) );
#469 = ORIENTED_EDGE('',*,*,#388,.T.);
#470 = ORIENTED_EDGE('',*,*,#411,.T.);
#471 = ADVANCED_FACE('',(#472),#307,.F.);
#472 = FACE_BOUND('',#473,.T.);
#473 = EDGE_LOOP('',(#474,#475));
#474 = ORIENTED_EDGE('',*,*,#443,.T.);
#475 = ORIENTED_EDGE('',*,*,#274,.T.);
#476 = ( GEOMETRIC_REPRESENTATION_CONTEXT(3) 
GLOBAL_UNCERTAINTY_ASSIGNED_CONTEXT((#480)) GLOBAL_UNIT_ASSIGNED_CONTEXT
((#477,#478,#479)) REPRESENTATION_CONTEXT('Context #1',
  '3D Context with UNIT and UNCERTAINTY') );
#477 = ( LENGTH_UNIT() NAMED_UNIT(*) SI_UNIT(.MILLI.,.METRE.) );
#478 = ( NAMED_UNIT(*) PLANE_ANGLE_UNIT() SI_UNIT($,.RADIAN.) );
#479 = ( NAMED_UNIT(*) SI_UNIT($,.STERADIAN.) SOLID_ANGLE_UNIT() );
#480 = UNCERTAINTY_MEASURE_WITH_UNIT(LENGTH_MEASURE(1.E-07),#477,
  'distance_accuracy_value','confusion accuracy');
#481 = CONTEXT_DEPENDENT_SHAPE_REPRESENTATION(#482,#484);
#482 = ( REPRESENTATION_RELATIONSHIP('','',#267,#10) 
REPRESENTATION_RELATIONSHIP_WITH_TRANSFORMATION(#483) 
SHAPE_REPRESENTATION_RELATIONSHIP() );
#483 = ITEM_DEFINED_TRANSFORMATION('','',#11,#19);
#484 = PRODUCT_DEFINITION_SHAPE('Placement','Placement of an item',#485
  );
#485 = NEXT_ASSEMBLY_USAGE_OCCURRENCE('2','','',#5,#262,$);
#486 = PRODUCT_RELATED_PRODUCT_CATEGORY('part',$,(#264));
#487 = SHAPE_DEFINITION_REPRESENTATION(#488,#494);
#488 = PRODUCT_DEFINITION_SHAPE('','',#489);
#489 = PRODUCT_DEFINITION('design','',#490,#493);
#490 = PRODUCT_DEFINITION_FORMATION('','',#491);
#491 = PRODUCT('Open CASCADE STEP translator 7.8 1.3',
  'Open CASCADE STEP translator 7.8 1.3','',(#492));
#492 = PRODUCT_CONTEXT('',#2,'mechanical');
#493 = PRODUCT_DEFINITION_CONTEXT('part definition',#2,'design');
#494 = ADVANCED_BREP_SHAPE_REPRESENTATION('',(#11,#495),#4393);
#495 = MANIFOLD_SOLID_BREP('',#496);
#496 = CLOSED_SHELL('',(#497,#662,#799,#942,#1066,#1464,#1613,#1928,
    #2003,#2036,#2071,#2345,#2386,#2477,#2528,#2574,#2618,#2689,#2943,
    #3274,#3325,#3371,#3415,#3464,#3515,#3561,#3586,#3634,#3641,#3678,
    #3745,#3788,#3831,#3874,#3917,#3960,#4003,#4046,#4089,#4132,#4175,
    #4199,#4227,#4258,#4265,#4272,#4287,#4320,#4355,#4388));
#497 = ADVANCED_FACE('',(#498),#512,.T.);
#498 = FACE_BOUND('',#499,.T.);
#499 = EDGE_LOOP('',(#500,#559,#612));
#500 = ORIENTED_EDGE('',*,*,#501,.T.);
#501 = EDGE_CURVE('',#502,#504,#506,.T.);
#502 = VERTEX_POINT('',#503);
#503 = CARTESIAN_POINT('',(6.324988578513,-4.920302236022E-09,
    -4.535938011294E-05));
#504 = VERTEX_POINT('',#505);
#505 = CARTESIAN_POINT('',(6.312965149876,0.397178101789,
    3.857611517647E-13));
#506 = SURFACE_CURVE('',#507,(#511,#547),.PCURVE_S1.);
#507 = ( BOUNDED_CURVE() B_SPLINE_CURVE(2,(#508,#509,#510),
.UNSPECIFIED.,.F.,.F.) B_SPLINE_CURVE_WITH_KNOTS((3,3),(4.712388979607,
4.775220833457),.PIECEWISE_BEZIER_KNOTS.) CURVE() 
GEOMETRIC_REPRESENTATION_ITEM() RATIONAL_B_SPLINE_CURVE((1.,
0.999506560354,1.)) REPRESENTATION_ITEM('') );
#508 = CARTESIAN_POINT('',(6.32544697457,-4.920662381561E-09,
    -1.980582956818E-16));
#509 = CARTESIAN_POINT('',(6.325446974724,0.198785177008,
    1.933625563459E-13));
#510 = CARTESIAN_POINT('',(6.312965149876,0.397178101789,
    3.857611517647E-13));
#511 = PCURVE('',#512,#541);
#512 = ( BOUNDED_SURFACE() B_SPLINE_SURFACE(3,3,(
    (#513,#514,#515,#516,#517,#518,#519)
    ,(#520,#521,#522,#523,#524,#525,#526)
    ,(#527,#528,#529,#530,#531,#532,#533)
    ,(#534,#535,#536,#537,#538,#539,#540
)),.UNSPECIFIED.,.F.,.T.,.F.) B_SPLINE_SURFACE_WITH_KNOTS((4,4),(1,3,3,3
    ,1),(1.958728344735E-02,1.),(-0.5,0.,0.5,1.,1.5),.UNSPECIFIED.) 
GEOMETRIC_REPRESENTATION_ITEM() RATIONAL_B_SPLINE_SURFACE((
    (0.999692372918,0.333230790973,0.333230790973,0.999692372918
      ,0.333230790973,0.333230790973,0.999692372918)
    ,(0.99466230796,0.331554102653,0.331554102653,0.99466230796
      ,0.331554102653,0.331554102653,0.99466230796)
    ,(0.99476485032,0.33158828344,0.33158828344,0.99476485032
      ,0.33158828344,0.33158828344,0.99476485032)
    ,(1.,0.333333333333,0.333333333333,1.,0.333333333333,0.333333333333
,1.))) REPRESENTATION_ITEM('') SURFACE() );
#513 = CARTESIAN_POINT('',(-6.312965149876,-0.39717810179,
    -1.177095852272E-12));
#514 = CARTESIAN_POINT('',(-7.107321353455,12.228752197962,
    1.106734914603E-11));
#515 = CARTESIAN_POINT('',(5.518608946297,13.023108401541,
    1.262990535461E-11));
#516 = CARTESIAN_POINT('',(6.312965149876,0.397178101789,
    3.854603563043E-13));
#517 = CARTESIAN_POINT('',(7.107321353455,-12.22875219796,
    -1.1858984642E-11));
#518 = CARTESIAN_POINT('',(-5.518608946298,-13.02310840154,
    -1.342154085058E-11));
#519 = CARTESIAN_POINT('',(-6.312965149876,-0.39717810179,
    -1.177095852272E-12));
#520 = CARTESIAN_POINT('',(-4.237785052341,-0.266618836461,
    -0.394550737704));
#521 = CARTESIAN_POINT('',(-4.771022725264,8.208951268221,
    -0.394550737696));
#522 = CARTESIAN_POINT('',(3.704547379419,8.742188941144,-0.394550737695
    ));
#523 = CARTESIAN_POINT('',(4.237785052341,0.266618836461,-0.394550737703
    ));
#524 = CARTESIAN_POINT('',(4.771022725264,-8.208951268221,
    -0.394550737711));
#525 = CARTESIAN_POINT('',(-3.704547379419,-8.742188941144,
    -0.394550737712));
#526 = CARTESIAN_POINT('',(-4.237785052341,-0.266618836461,
    -0.394550737704));
#527 = CARTESIAN_POINT('',(-2.122602834069,-0.133542851017,
    -0.562086498238));
#528 = CARTESIAN_POINT('',(-2.389688536103,4.11166281712,-0.562086498234
    ));
#529 = CARTESIAN_POINT('',(1.855517132034,4.378748519155,-0.562086498233
    ));
#530 = CARTESIAN_POINT('',(2.122602834069,0.133542851017,-0.562086498238
    ));
#531 = CARTESIAN_POINT('',(2.389688536103,-4.11166281712,-0.562086498242
    ));
#532 = CARTESIAN_POINT('',(-1.855517132034,-4.378748519155,
    -0.562086498242));
#533 = CARTESIAN_POINT('',(-2.122602834069,-0.133542851017,
    -0.562086498238));
#534 = CARTESIAN_POINT('',(2.222852978073E-12,1.352345698532E-13,
    -0.500097431746));
#535 = CARTESIAN_POINT('',(2.493322117536E-12,-4.31047138626E-12,
    -0.500097431746));
#536 = CARTESIAN_POINT('',(-1.952383838577E-12,-4.580940525722E-12,
    -0.500097431746));
#537 = CARTESIAN_POINT('',(-2.22285297804E-12,-1.352345696091E-13,
    -0.500097431746));
#538 = CARTESIAN_POINT('',(-2.493322117502E-12,4.310471386504E-12,
    -0.500097431746));
#539 = CARTESIAN_POINT('',(1.952383838611E-12,4.580940525966E-12,
    -0.500097431746));
#540 = CARTESIAN_POINT('',(2.222852978073E-12,1.352345698532E-13,
    -0.500097431746));
#541 = DEFINITIONAL_REPRESENTATION('',(#542),#546);
#542 = B_SPLINE_CURVE_WITH_KNOTS('',2,(#543,#544,#545),.UNSPECIFIED.,.F.
  ,.F.,(3,3),(4.712388979607,4.775220833457),.PIECEWISE_BEZIER_KNOTS.);
#543 = CARTESIAN_POINT('',(1.958728344735E-02,0.515234373729));
#544 = CARTESIAN_POINT('',(1.958728344664E-02,0.507849115117));
#545 = CARTESIAN_POINT('',(1.958728344735E-02,0.5));
#546 = ( GEOMETRIC_REPRESENTATION_CONTEXT(2) 
PARAMETRIC_REPRESENTATION_CONTEXT() REPRESENTATION_CONTEXT('2D SPACE',''
  ) );
#547 = PCURVE('',#548,#553);
#548 = B_SPLINE_SURFACE_WITH_KNOTS('',1,1,(
    (#549,#550)
    ,(#551,#552
    )),.UNSPECIFIED.,.F.,.F.,.F.,(2,2),(2,2),(8.201493450989E-02,
    4.182014971647),(0.137827669144,7.029211490672),
  .PIECEWISE_BEZIER_KNOTS.);
#549 = CARTESIAN_POINT('',(2.184999957292,-1.380186746012,0.));
#550 = CARTESIAN_POINT('',(2.184999957292,6.544904648744,0.));
#551 = CARTESIAN_POINT('',(6.9,-1.380186746012,0.));
#552 = CARTESIAN_POINT('',(6.9,6.544904648744,0.));
#553 = DEFINITIONAL_REPRESENTATION('',(#554),#558);
#554 = ( BOUNDED_CURVE() B_SPLINE_CURVE(2,(#555,#556,#557),
.UNSPECIFIED.,.F.,.F.) B_SPLINE_CURVE_WITH_KNOTS((3,3),(4.712388979607,
4.775220833457),.PIECEWISE_BEZIER_KNOTS.) CURVE() 
GEOMETRIC_REPRESENTATION_ITEM() RATIONAL_B_SPLINE_CURVE((1.,
0.999506560354,1.)) REPRESENTATION_ITEM('') );
#555 = CARTESIAN_POINT('',(3.682403645186,1.337990052702));
#556 = CARTESIAN_POINT('',(3.68240364532,1.51084673264));
#557 = CARTESIAN_POINT('',(3.671549884583,1.683362319406));
#558 = ( GEOMETRIC_REPRESENTATION_CONTEXT(2) 
PARAMETRIC_REPRESENTATION_CONTEXT() REPRESENTATION_CONTEXT('2D SPACE',''
  ) );
#559 = ORIENTED_EDGE('',*,*,#560,.T.);
#560 = EDGE_CURVE('',#504,#561,#563,.T.);
#561 = VERTEX_POINT('',#562);
#562 = CARTESIAN_POINT('',(-5.015934200675E-10,2.270442208461E-15,
    -0.500097431746));
#563 = SURFACE_CURVE('',#564,(#569,#576),.PCURVE_S1.);
#564 = ( BOUNDED_CURVE() B_SPLINE_CURVE(3,(#565,#566,#567,#568),
.UNSPECIFIED.,.F.,.F.) B_SPLINE_CURVE_WITH_KNOTS((4,4),(
1.958728344735E-02,1.),.PIECEWISE_BEZIER_KNOTS.) CURVE() 
GEOMETRIC_REPRESENTATION_ITEM() RATIONAL_B_SPLINE_CURVE((0.999692372918,
0.99466230796,0.99476485032,1.)) REPRESENTATION_ITEM('') );
#565 = CARTESIAN_POINT('',(6.312965149876,0.397178101789,
    3.857611517647E-13));
#566 = CARTESIAN_POINT('',(4.237785052341,0.266618836461,-0.394550737703
    ));
#567 = CARTESIAN_POINT('',(2.122602834069,0.133542851017,-0.562086498238
    ));
#568 = CARTESIAN_POINT('',(-5.015934200675E-10,2.270442208461E-15,
    -0.500097431746));
#569 = PCURVE('',#512,#570);
#570 = DEFINITIONAL_REPRESENTATION('',(#571),#575);
#571 = B_SPLINE_CURVE_WITH_KNOTS('',2,(#572,#573,#574),.UNSPECIFIED.,.F.
  ,.F.,(3,3),(1.958728344735E-02,1.),.PIECEWISE_BEZIER_KNOTS.);
#572 = CARTESIAN_POINT('',(1.958728344735E-02,0.5));
#573 = CARTESIAN_POINT('',(0.509793641704,0.500000000014));
#574 = CARTESIAN_POINT('',(1.000000000077,0.499999999976));
#575 = ( GEOMETRIC_REPRESENTATION_CONTEXT(2) 
PARAMETRIC_REPRESENTATION_CONTEXT() REPRESENTATION_CONTEXT('2D SPACE',''
  ) );
#576 = PCURVE('',#577,#606);
#577 = ( BOUNDED_SURFACE() B_SPLINE_SURFACE(3,3,(
    (#578,#579,#580,#581,#582,#583,#584)
    ,(#585,#586,#587,#588,#589,#590,#591)
    ,(#592,#593,#594,#595,#596,#597,#598)
    ,(#599,#600,#601,#602,#603,#604,#605
)),.UNSPECIFIED.,.F.,.T.,.F.) B_SPLINE_SURFACE_WITH_KNOTS((4,4),(1,3,3,3
    ,1),(1.958728344735E-02,1.),(-0.5,0.,0.5,1.,1.5),.UNSPECIFIED.) 
GEOMETRIC_REPRESENTATION_ITEM() RATIONAL_B_SPLINE_SURFACE((
    (0.999692372918,0.333230790973,0.333230790973,0.999692372918
      ,0.333230790973,0.333230790973,0.999692372918)
    ,(0.99466230796,0.331554102653,0.331554102653,0.99466230796
      ,0.331554102653,0.331554102653,0.99466230796)
    ,(0.99476485032,0.33158828344,0.33158828344,0.99476485032
      ,0.33158828344,0.33158828344,0.99476485032)
    ,(1.,0.333333333333,0.333333333333,1.,0.333333333333,0.333333333333
,1.))) REPRESENTATION_ITEM('') SURFACE() );
#578 = CARTESIAN_POINT('',(-6.312965149876,-0.39717810179,
    -1.177095852272E-12));
#579 = CARTESIAN_POINT('',(-7.107321353455,12.228752197962,
    1.106734914603E-11));
#580 = CARTESIAN_POINT('',(5.518608946297,13.023108401541,
    1.262990535461E-11));
#581 = CARTESIAN_POINT('',(6.312965149876,0.397178101789,
    3.854603563043E-13));
#582 = CARTESIAN_POINT('',(7.107321353455,-12.22875219796,
    -1.1858984642E-11));
#583 = CARTESIAN_POINT('',(-5.518608946298,-13.02310840154,
    -1.342154085058E-11));
#584 = CARTESIAN_POINT('',(-6.312965149876,-0.39717810179,
    -1.177095852272E-12));
#585 = CARTESIAN_POINT('',(-4.237785052341,-0.266618836461,
    -0.394550737704));
#586 = CARTESIAN_POINT('',(-4.771022725264,8.208951268221,
    -0.394550737696));
#587 = CARTESIAN_POINT('',(3.704547379419,8.742188941144,-0.394550737695
    ));
#588 = CARTESIAN_POINT('',(4.237785052341,0.266618836461,-0.394550737703
    ));
#589 = CARTESIAN_POINT('',(4.771022725264,-8.208951268221,
    -0.394550737711));
#590 = CARTESIAN_POINT('',(-3.704547379419,-8.742188941144,
    -0.394550737712));
#591 = CARTESIAN_POINT('',(-4.237785052341,-0.266618836461,
    -0.394550737704));
#592 = CARTESIAN_POINT('',(-2.122602834069,-0.133542851017,
    -0.562086498238));
#593 = CARTESIAN_POINT('',(-2.389688536103,4.11166281712,-0.562086498234
    ));
#594 = CARTESIAN_POINT('',(1.855517132034,4.378748519155,-0.562086498233
    ));
#595 = CARTESIAN_POINT('',(2.122602834069,0.133542851017,-0.562086498238
    ));
#596 = CARTESIAN_POINT('',(2.389688536103,-4.11166281712,-0.562086498242
    ));
#597 = CARTESIAN_POINT('',(-1.855517132034,-4.378748519155,
    -0.562086498242));
#598 = CARTESIAN_POINT('',(-2.122602834069,-0.133542851017,
    -0.562086498238));
#599 = CARTESIAN_POINT('',(2.222852978073E-12,1.352345698532E-13,
    -0.500097431746));
#600 = CARTESIAN_POINT('',(2.493322117536E-12,-4.31047138626E-12,
    -0.500097431746));
#601 = CARTESIAN_POINT('',(-1.952383838577E-12,-4.580940525722E-12,
    -0.500097431746));
#602 = CARTESIAN_POINT('',(-2.22285297804E-12,-1.352345696091E-13,
    -0.500097431746));
#603 = CARTESIAN_POINT('',(-2.493322117502E-12,4.310471386504E-12,
    -0.500097431746));
#604 = CARTESIAN_POINT('',(1.952383838611E-12,4.580940525966E-12,
    -0.500097431746));
#605 = CARTESIAN_POINT('',(2.222852978073E-12,1.352345698532E-13,
    -0.500097431746));
#606 = DEFINITIONAL_REPRESENTATION('',(#607),#611);
#607 = B_SPLINE_CURVE_WITH_KNOTS('',2,(#608,#609,#610),.UNSPECIFIED.,.F.
  ,.F.,(3,3),(1.958728344735E-02,1.),.PIECEWISE_BEZIER_KNOTS.);
#608 = CARTESIAN_POINT('',(1.958728344735E-02,0.5));
#609 = CARTESIAN_POINT('',(0.509793641704,0.500000000014));
#610 = CARTESIAN_POINT('',(1.000000000077,0.499999999976));
#611 = ( GEOMETRIC_REPRESENTATION_CONTEXT(2) 
PARAMETRIC_REPRESENTATION_CONTEXT() REPRESENTATION_CONTEXT('2D SPACE',''
  ) );
#612 = ORIENTED_EDGE('',*,*,#613,.F.);
#613 = EDGE_CURVE('',#502,#561,#614,.T.);
#614 = SURFACE_CURVE('',#615,(#619,#626),.PCURVE_S1.);
#615 = ( BOUNDED_CURVE() B_SPLINE_CURVE(2,(#616,#617,#618),
.UNSPECIFIED.,.F.,.F.) B_SPLINE_CURVE_WITH_KNOTS((3,3),(1.355965964526,
1.60430242102),.PIECEWISE_BEZIER_KNOTS.) CURVE() 
GEOMETRIC_REPRESENTATION_ITEM() RATIONAL_B_SPLINE_CURVE((1.,
0.992301024916,1.)) REPRESENTATION_ITEM('') );
#616 = CARTESIAN_POINT('',(6.324998547224,-4.920316123109E-09,
    -8.508689308329E-05));
#617 = CARTESIAN_POINT('',(3.198383126272,-2.487624695922E-09,
    -0.593319560237));
#618 = CARTESIAN_POINT('',(-5.010226067359E-10,4.620740129318E-15,
    -0.500097431731));
#619 = PCURVE('',#512,#620);
#620 = DEFINITIONAL_REPRESENTATION('',(#621),#625);
#621 = B_SPLINE_CURVE_WITH_KNOTS('',2,(#622,#623,#624),.UNSPECIFIED.,.F.
  ,.F.,(3,3),(1.355965964526,1.60430242102),.PIECEWISE_BEZIER_KNOTS.);
#622 = CARTESIAN_POINT('',(1.965811973313E-02,0.515234373729));
#623 = CARTESIAN_POINT('',(0.509753386101,0.515234373729));
#624 = CARTESIAN_POINT('',(1.000000000077,0.515234373729));
#625 = ( GEOMETRIC_REPRESENTATION_CONTEXT(2) 
PARAMETRIC_REPRESENTATION_CONTEXT() REPRESENTATION_CONTEXT('2D SPACE',''
  ) );
#626 = PCURVE('',#627,#656);
#627 = ( BOUNDED_SURFACE() B_SPLINE_SURFACE(3,3,(
    (#628,#629,#630,#631,#632,#633,#634)
    ,(#635,#636,#637,#638,#639,#640,#641)
    ,(#642,#643,#644,#645,#646,#647,#648)
    ,(#649,#650,#651,#652,#653,#654,#655
)),.UNSPECIFIED.,.F.,.F.,.F.) B_SPLINE_SURFACE_WITH_KNOTS((4,4),(4,3,4),
  (1.958951049497E-02,1.),(0.,0.5,1.),.PIECEWISE_BEZIER_KNOTS.) 
GEOMETRIC_REPRESENTATION_ITEM() RATIONAL_B_SPLINE_SURFACE((
    (0.999692337248,0.804489206512,0.804489206512,0.999692337248
      ,0.804489206512,0.804489206512,0.999692337248)
    ,(0.994662284269,0.800441337804,0.800441337804,0.994662284269
      ,0.800441337804,0.800441337804,0.994662284269)
    ,(0.99476483852,0.800523866983,0.800523866983,0.99476483852
      ,0.800523866983,0.800523866983,0.99476483852)
    ,(1.,0.804736794049,0.804736794049,1.,0.804736794049,0.804736794049
,1.))) REPRESENTATION_ITEM('') SURFACE() );
#628 = CARTESIAN_POINT('',(6.325446974572,-4.920075454409E-09,
    1.118427588886E-16));
#629 = CARTESIAN_POINT('',(6.325446971689,-3.70537426806,
    3.605368430792E-12));
#630 = CARTESIAN_POINT('',(3.705345809401,-6.325463642359,
    5.9893051202E-12));
#631 = CARTESIAN_POINT('',(-2.845370112309E-05,-6.325446974507,
    5.755436548709E-12));
#632 = CARTESIAN_POINT('',(-3.705402716803,-6.325430306655,
    5.521567977218E-12));
#633 = CARTESIAN_POINT('',(-6.325480307136,-3.705317360508,
    2.806891925951E-12));
#634 = CARTESIAN_POINT('',(-6.325446974316,5.690248208667E-05,
    -7.983625584289E-13));
#635 = CARTESIAN_POINT('',(4.246163874402,-3.303058308379E-09,
    -0.394550740062));
#636 = CARTESIAN_POINT('',(4.246163872467,-2.48735408287,-0.394550740059
    ));
#637 = CARTESIAN_POINT('',(2.487334979061,-4.246175063201,
    -0.394550740058));
#638 = CARTESIAN_POINT('',(-1.910048067216E-05,-4.246163874359,
    -0.394550740058));
#639 = CARTESIAN_POINT('',(-2.487373180022,-4.246152685517,
    -0.394550740058));
#640 = CARTESIAN_POINT('',(-4.24618624998,-2.487315881808,-0.39455074006
    ));
#641 = CARTESIAN_POINT('',(-4.24616387423,3.8197658268E-05,
    -0.394550740062));
#642 = CARTESIAN_POINT('',(2.12679957452,-1.654569021457E-09,
    -0.562086497867));
#643 = CARTESIAN_POINT('',(2.126799573551,-1.245854790725,
    -0.562086497866));
#644 = CARTESIAN_POINT('',(1.245845222095,-2.126805178716,
    -0.562086497865));
#645 = CARTESIAN_POINT('',(-9.566963341081E-06,-2.126799574499,
    -0.562086497865));
#646 = CARTESIAN_POINT('',(-1.245864356022,-2.126793970282,
    -0.562086497866));
#647 = CARTESIAN_POINT('',(-2.1268107819,-1.245835656748,-0.562086497866
    ));
#648 = CARTESIAN_POINT('',(-2.126799574434,1.913227212329E-05,
    -0.562086497868));
#649 = CARTESIAN_POINT('',(-5.696899032386E-13,-1.613470061032E-16,
    -0.500097431746));
#650 = CARTESIAN_POINT('',(-5.697844185209E-13,3.335564620182E-13,
    -0.500097431746));
#651 = CARTESIAN_POINT('',(-3.338765943561E-13,5.695968896803E-13,
    -0.500097431746));
#652 = CARTESIAN_POINT('',(-1.587849100982E-16,5.696899040624E-13,
    -0.500097431746));
#653 = CARTESIAN_POINT('',(3.335590245359E-13,5.697829184444E-13,
    -0.500097431746));
#654 = CARTESIAN_POINT('',(5.695983911971E-13,3.338740326871E-13,
    -0.500097431746));
#655 = CARTESIAN_POINT('',(5.69689904679E-13,1.562228261675E-16,
    -0.500097431746));
#656 = DEFINITIONAL_REPRESENTATION('',(#657),#661);
#657 = B_SPLINE_CURVE_WITH_KNOTS('',2,(#658,#659,#660),.UNSPECIFIED.,.F.
  ,.F.,(3,3),(1.355965964526,1.60430242102),.PIECEWISE_BEZIER_KNOTS.);
#658 = CARTESIAN_POINT('',(1.966034661887E-02,3.295585792646E-14));
#659 = CARTESIAN_POINT('',(0.509754490972,-8.292448567302E-14));
#660 = CARTESIAN_POINT('',(1.000000000077,-1.373412635826E-25));
#661 = ( GEOMETRIC_REPRESENTATION_CONTEXT(2) 
PARAMETRIC_REPRESENTATION_CONTEXT() REPRESENTATION_CONTEXT('2D SPACE',''
  ) );
#662 = ADVANCED_FACE('',(#663),#676,.F.);
#663 = FACE_BOUND('',#664,.F.);
#664 = EDGE_LOOP('',(#665,#711,#745,#767));
#665 = ORIENTED_EDGE('',*,*,#666,.T.);
#666 = EDGE_CURVE('',#667,#669,#671,.T.);
#667 = VERTEX_POINT('',#668);
#668 = CARTESIAN_POINT('',(-6.325,0.,-5.5));
#669 = VERTEX_POINT('',#670);
#670 = CARTESIAN_POINT('',(-6.325,0.,-6.));
#671 = SURFACE_CURVE('',#672,(#675,#693),.PCURVE_S1.);
#672 = B_SPLINE_CURVE_WITH_KNOTS('',1,(#673,#674),.UNSPECIFIED.,.F.,.F.,
  (2,2),(-0.,0.5),.PIECEWISE_BEZIER_KNOTS.);
#673 = CARTESIAN_POINT('',(-6.325,0.,-5.5));
#674 = CARTESIAN_POINT('',(-6.325,0.,-6.));
#675 = PCURVE('',#676,#687);
#676 = ( BOUNDED_SURFACE() B_SPLINE_SURFACE(2,1,(
    (#677,#678)
    ,(#679,#680)
    ,(#681,#682)
    ,(#683,#684)
,(#685,#686
    )),.UNSPECIFIED.,.F.,.F.,.F.) B_SPLINE_SURFACE_WITH_KNOTS((3,2,3),(2
    ,2),(3.14159265359,4.712388980385,6.28318530718),(0.,0.5),
.PIECEWISE_BEZIER_KNOTS.) GEOMETRIC_REPRESENTATION_ITEM() 
RATIONAL_B_SPLINE_SURFACE((
    (1.,1.)
    ,(0.707106781187,0.707106781187)
    ,(1.,1.)
    ,(0.707106781187,0.707106781187)
,(1.,1.))) REPRESENTATION_ITEM('') SURFACE() );
#677 = CARTESIAN_POINT('',(6.325,7.745891004607E-16,-5.5));
#678 = CARTESIAN_POINT('',(6.325,7.745891004607E-16,-6.));
#679 = CARTESIAN_POINT('',(6.325,-6.325,-5.5));
#680 = CARTESIAN_POINT('',(6.325,-6.325,-6.));
#681 = CARTESIAN_POINT('',(1.161883650691E-15,-6.325,-5.5));
#682 = CARTESIAN_POINT('',(1.161883650691E-15,-6.325,-6.));
#683 = CARTESIAN_POINT('',(-6.325,-6.325,-5.5));
#684 = CARTESIAN_POINT('',(-6.325,-6.325,-6.));
#685 = CARTESIAN_POINT('',(-6.325,-1.549178200921E-15,-5.5));
#686 = CARTESIAN_POINT('',(-6.325,-1.549178200921E-15,-6.));
#687 = DEFINITIONAL_REPRESENTATION('',(#688),#692);
#688 = B_SPLINE_CURVE_WITH_KNOTS('',2,(#689,#690,#691),.UNSPECIFIED.,.F.
  ,.F.,(3,3),(-0.,0.5),.PIECEWISE_BEZIER_KNOTS.);
#689 = CARTESIAN_POINT('',(6.28318530718,0.));
#690 = CARTESIAN_POINT('',(6.28318530718,0.25));
#691 = CARTESIAN_POINT('',(6.28318530718,0.5));
#692 = ( GEOMETRIC_REPRESENTATION_CONTEXT(2) 
PARAMETRIC_REPRESENTATION_CONTEXT() REPRESENTATION_CONTEXT('2D SPACE',''
  ) );
#693 = PCURVE('',#694,#705);
#694 = ( BOUNDED_SURFACE() B_SPLINE_SURFACE(2,1,(
    (#695,#696)
    ,(#697,#698)
    ,(#699,#700)
    ,(#701,#702)
,(#703,#704
    )),.UNSPECIFIED.,.F.,.F.,.F.) B_SPLINE_SURFACE_WITH_KNOTS((3,2,3),(2
    ,2),(0.,1.570796326795,3.14159265359),(0.,0.5),
.PIECEWISE_BEZIER_KNOTS.) GEOMETRIC_REPRESENTATION_ITEM() 
RATIONAL_B_SPLINE_SURFACE((
    (1.,1.)
    ,(0.707106781187,0.707106781187)
    ,(1.,1.)
    ,(0.707106781187,0.707106781187)
,(1.,1.))) REPRESENTATION_ITEM('') SURFACE() );
#695 = CARTESIAN_POINT('',(-6.325,0.,-5.5));
#696 = CARTESIAN_POINT('',(-6.325,0.,-6.));
#697 = CARTESIAN_POINT('',(-6.325,6.325,-5.5));
#698 = CARTESIAN_POINT('',(-6.325,6.325,-6.));
#699 = CARTESIAN_POINT('',(-3.872945502304E-16,6.325,-5.5));
#700 = CARTESIAN_POINT('',(-3.872945502304E-16,6.325,-6.));
#701 = CARTESIAN_POINT('',(6.325,6.325,-5.5));
#702 = CARTESIAN_POINT('',(6.325,6.325,-6.));
#703 = CARTESIAN_POINT('',(6.325,7.745891004607E-16,-5.5));
#704 = CARTESIAN_POINT('',(6.325,7.745891004607E-16,-6.));
#705 = DEFINITIONAL_REPRESENTATION('',(#706),#710);
#706 = B_SPLINE_CURVE_WITH_KNOTS('',2,(#707,#708,#709),.UNSPECIFIED.,.F.
  ,.F.,(3,3),(-0.,0.5),.PIECEWISE_BEZIER_KNOTS.);
#707 = CARTESIAN_POINT('',(0.,0.));
#708 = CARTESIAN_POINT('',(2.94713885275E-47,0.25));
#709 = CARTESIAN_POINT('',(0.,0.5));
#710 = ( GEOMETRIC_REPRESENTATION_CONTEXT(2) 
PARAMETRIC_REPRESENTATION_CONTEXT() REPRESENTATION_CONTEXT('2D SPACE',''
  ) );
#711 = ORIENTED_EDGE('',*,*,#712,.F.);
#712 = EDGE_CURVE('',#713,#669,#715,.T.);
#713 = VERTEX_POINT('',#714);
#714 = CARTESIAN_POINT('',(6.325,7.745891004607E-16,-6.));
#715 = SURFACE_CURVE('',#716,(#722,#731),.PCURVE_S1.);
#716 = ( BOUNDED_CURVE() B_SPLINE_CURVE(2,(#717,#718,#719,#720,#721),
.UNSPECIFIED.,.F.,.F.) B_SPLINE_CURVE_WITH_KNOTS((3,2,3),(3.14159265359,
4.712388980385,6.28318530718),.PIECEWISE_BEZIER_KNOTS.) CURVE() 
GEOMETRIC_REPRESENTATION_ITEM() RATIONAL_B_SPLINE_CURVE((1.,
0.707106781187,1.,0.707106781187,1.)) REPRESENTATION_ITEM('') );
#717 = CARTESIAN_POINT('',(6.325,7.745891004607E-16,-6.));
#718 = CARTESIAN_POINT('',(6.325,-6.325,-6.));
#719 = CARTESIAN_POINT('',(1.161883650691E-15,-6.325,-6.));
#720 = CARTESIAN_POINT('',(-6.325,-6.325,-6.));
#721 = CARTESIAN_POINT('',(-6.325,-1.549178200921E-15,-6.));
#722 = PCURVE('',#676,#723);
#723 = DEFINITIONAL_REPRESENTATION('',(#724),#730);
#724 = B_SPLINE_CURVE_WITH_KNOTS('',2,(#725,#726,#727,#728,#729),
  .UNSPECIFIED.,.F.,.F.,(3,2,3),(3.14159265359,4.712388980385,
    6.28318530718),.PIECEWISE_BEZIER_KNOTS.);
#725 = CARTESIAN_POINT('',(3.14159265359,0.5));
#726 = CARTESIAN_POINT('',(3.926990816987,0.5));
#727 = CARTESIAN_POINT('',(4.712388980385,0.5));
#728 = CARTESIAN_POINT('',(5.497787143782,0.5));
#729 = CARTESIAN_POINT('',(6.28318530718,0.5));
#730 = ( GEOMETRIC_REPRESENTATION_CONTEXT(2) 
PARAMETRIC_REPRESENTATION_CONTEXT() REPRESENTATION_CONTEXT('2D SPACE',''
  ) );
#731 = PCURVE('',#732,#737);
#732 = B_SPLINE_SURFACE_WITH_KNOTS('',1,1,(
    (#733,#734)
    ,(#735,#736
    )),.UNSPECIFIED.,.F.,.F.,.F.,(2,2),(2,2),(0.22,11.22),(
    0.219996952336,11.219996952336),.PIECEWISE_BEZIER_KNOTS.);
#733 = CARTESIAN_POINT('',(6.325,6.325,-6.));
#734 = CARTESIAN_POINT('',(6.325,-6.325,-6.));
#735 = CARTESIAN_POINT('',(-6.325,6.325,-6.));
#736 = CARTESIAN_POINT('',(-6.325,-6.325,-6.));
#737 = DEFINITIONAL_REPRESENTATION('',(#738),#744);
#738 = ( BOUNDED_CURVE() B_SPLINE_CURVE(2,(#739,#740,#741,#742,#743),
.UNSPECIFIED.,.F.,.F.) B_SPLINE_CURVE_WITH_KNOTS((3,2,3),(3.14159265359,
4.712388980385,6.28318530718),.PIECEWISE_BEZIER_KNOTS.) CURVE() 
GEOMETRIC_REPRESENTATION_ITEM() RATIONAL_B_SPLINE_CURVE((1.,
0.707106781187,1.,0.707106781187,1.)) REPRESENTATION_ITEM('') );
#739 = CARTESIAN_POINT('',(0.22,5.719996952336));
#740 = CARTESIAN_POINT('',(0.22,11.219996952336));
#741 = CARTESIAN_POINT('',(5.72,11.219996952336));
#742 = CARTESIAN_POINT('',(11.22,11.219996952336));
#743 = CARTESIAN_POINT('',(11.22,5.719996952336));
#744 = ( GEOMETRIC_REPRESENTATION_CONTEXT(2) 
PARAMETRIC_REPRESENTATION_CONTEXT() REPRESENTATION_CONTEXT('2D SPACE',''
  ) );
#745 = ORIENTED_EDGE('',*,*,#746,.F.);
#746 = EDGE_CURVE('',#747,#713,#749,.T.);
#747 = VERTEX_POINT('',#748);
#748 = CARTESIAN_POINT('',(6.325,7.745891004607E-16,-5.5));
#749 = SURFACE_CURVE('',#750,(#753,#760),.PCURVE_S1.);
#750 = B_SPLINE_CURVE_WITH_KNOTS('',1,(#751,#752),.UNSPECIFIED.,.F.,.F.,
  (2,2),(-0.,0.5),.PIECEWISE_BEZIER_KNOTS.);
#751 = CARTESIAN_POINT('',(6.325,7.745891004607E-16,-5.5));
#752 = CARTESIAN_POINT('',(6.325,7.745891004607E-16,-6.));
#753 = PCURVE('',#676,#754);
#754 = DEFINITIONAL_REPRESENTATION('',(#755),#759);
#755 = B_SPLINE_CURVE_WITH_KNOTS('',2,(#756,#757,#758),.UNSPECIFIED.,.F.
  ,.F.,(3,3),(-0.,0.5),.PIECEWISE_BEZIER_KNOTS.);
#756 = CARTESIAN_POINT('',(3.14159265359,8.881784197001E-16));
#757 = CARTESIAN_POINT('',(3.14159265359,0.25));
#758 = CARTESIAN_POINT('',(3.14159265359,0.5));
#759 = ( GEOMETRIC_REPRESENTATION_CONTEXT(2) 
PARAMETRIC_REPRESENTATION_CONTEXT() REPRESENTATION_CONTEXT('2D SPACE',''
  ) );
#760 = PCURVE('',#694,#761);
#761 = DEFINITIONAL_REPRESENTATION('',(#762),#766);
#762 = B_SPLINE_CURVE_WITH_KNOTS('',2,(#763,#764,#765),.UNSPECIFIED.,.F.
  ,.F.,(3,3),(-0.,0.5),.PIECEWISE_BEZIER_KNOTS.);
#763 = CARTESIAN_POINT('',(3.14159265359,0.));
#764 = CARTESIAN_POINT('',(3.14159265359,0.25));
#765 = CARTESIAN_POINT('',(3.14159265359,0.5));
#766 = ( GEOMETRIC_REPRESENTATION_CONTEXT(2) 
PARAMETRIC_REPRESENTATION_CONTEXT() REPRESENTATION_CONTEXT('2D SPACE',''
  ) );
#767 = ORIENTED_EDGE('',*,*,#768,.T.);
#768 = EDGE_CURVE('',#747,#667,#769,.T.);
#769 = SURFACE_CURVE('',#770,(#776,#785),.PCURVE_S1.);
#770 = ( BOUNDED_CURVE() B_SPLINE_CURVE(2,(#771,#772,#773,#774,#775),
.UNSPECIFIED.,.F.,.F.) B_SPLINE_CURVE_WITH_KNOTS((3,2,3),(3.14159265359,
4.712388980385,6.28318530718),.PIECEWISE_BEZIER_KNOTS.) CURVE() 
GEOMETRIC_REPRESENTATION_ITEM() RATIONAL_B_SPLINE_CURVE((1.,
0.707106781187,1.,0.707106781187,1.)) REPRESENTATION_ITEM('') );
#771 = CARTESIAN_POINT('',(6.325,7.745891004607E-16,-5.5));
#772 = CARTESIAN_POINT('',(6.325,-6.325,-5.5));
#773 = CARTESIAN_POINT('',(1.161883650691E-15,-6.325,-5.5));
#774 = CARTESIAN_POINT('',(-6.325,-6.325,-5.5));
#775 = CARTESIAN_POINT('',(-6.325,-1.549178200921E-15,-5.5));
#776 = PCURVE('',#676,#777);
#777 = DEFINITIONAL_REPRESENTATION('',(#778),#784);
#778 = B_SPLINE_CURVE_WITH_KNOTS('',2,(#779,#780,#781,#782,#783),
  .UNSPECIFIED.,.F.,.F.,(3,2,3),(3.14159265359,4.712388980385,
    6.28318530718),.PIECEWISE_BEZIER_KNOTS.);
#779 = CARTESIAN_POINT('',(3.14159265359,8.881784197001E-16));
#780 = CARTESIAN_POINT('',(3.926990816987,-1.437294820186E-15));
#781 = CARTESIAN_POINT('',(4.712388980385,8.881784197001E-16));
#782 = CARTESIAN_POINT('',(5.497787143782,-8.620555250031E-16));
#783 = CARTESIAN_POINT('',(6.28318530718,0.));
#784 = ( GEOMETRIC_REPRESENTATION_CONTEXT(2) 
PARAMETRIC_REPRESENTATION_CONTEXT() REPRESENTATION_CONTEXT('2D SPACE',''
  ) );
#785 = PCURVE('',#786,#791);
#786 = B_SPLINE_SURFACE_WITH_KNOTS('',1,1,(
    (#787,#788)
    ,(#789,#790
    )),.UNSPECIFIED.,.F.,.F.,.F.,(2,2),(2,2),(0.22,11.22),(
    0.219996952336,11.219996952336),.PIECEWISE_BEZIER_KNOTS.);
#787 = CARTESIAN_POINT('',(-6.325,-6.325,-5.5));
#788 = CARTESIAN_POINT('',(-6.325,6.325,-5.5));
#789 = CARTESIAN_POINT('',(6.325,-6.325,-5.5));
#790 = CARTESIAN_POINT('',(6.325,6.325,-5.5));
#791 = DEFINITIONAL_REPRESENTATION('',(#792),#798);
#792 = ( BOUNDED_CURVE() B_SPLINE_CURVE(2,(#793,#794,#795,#796,#797),
.UNSPECIFIED.,.F.,.F.) B_SPLINE_CURVE_WITH_KNOTS((3,2,3),(3.14159265359,
4.712388980385,6.28318530718),.PIECEWISE_BEZIER_KNOTS.) CURVE() 
GEOMETRIC_REPRESENTATION_ITEM() RATIONAL_B_SPLINE_CURVE((1.,
0.707106781187,1.,0.707106781187,1.)) REPRESENTATION_ITEM('') );
#793 = CARTESIAN_POINT('',(11.22,5.719996952336));
#794 = CARTESIAN_POINT('',(11.22,0.219996952336));
#795 = CARTESIAN_POINT('',(5.72,0.219996952336));
#796 = CARTESIAN_POINT('',(0.22,0.219996952336));
#797 = CARTESIAN_POINT('',(0.22,5.719996952336));
#798 = ( GEOMETRIC_REPRESENTATION_CONTEXT(2) 
PARAMETRIC_REPRESENTATION_CONTEXT() REPRESENTATION_CONTEXT('2D SPACE',''
  ) );
#799 = ADVANCED_FACE('',(#800),#813,.F.);
#800 = FACE_BOUND('',#801,.F.);
#801 = EDGE_LOOP('',(#802,#848,#893,#915));
#802 = ORIENTED_EDGE('',*,*,#803,.T.);
#803 = EDGE_CURVE('',#804,#806,#808,.T.);
#804 = VERTEX_POINT('',#805);
#805 = CARTESIAN_POINT('',(-1.4375,0.,-6.));
#806 = VERTEX_POINT('',#807);
#807 = CARTESIAN_POINT('',(-1.4375,0.,-6.74));
#808 = SURFACE_CURVE('',#809,(#812,#830),.PCURVE_S1.);
#809 = B_SPLINE_CURVE_WITH_KNOTS('',1,(#810,#811),.UNSPECIFIED.,.F.,.F.,
  (2,2),(0.,0.74),.PIECEWISE_BEZIER_KNOTS.);
#810 = CARTESIAN_POINT('',(-1.4375,0.,-6.));
#811 = CARTESIAN_POINT('',(-1.4375,0.,-6.74));
#812 = PCURVE('',#813,#824);
#813 = ( BOUNDED_SURFACE() B_SPLINE_SURFACE(2,1,(
    (#814,#815)
    ,(#816,#817)
    ,(#818,#819)
    ,(#820,#821)
,(#822,#823
    )),.UNSPECIFIED.,.F.,.F.,.F.) B_SPLINE_SURFACE_WITH_KNOTS((3,2,3),(2
    ,2),(3.14159265359,4.712388980385,6.28318530718),(0.,0.74),
.PIECEWISE_BEZIER_KNOTS.) GEOMETRIC_REPRESENTATION_ITEM() 
RATIONAL_B_SPLINE_SURFACE((
    (1.,1.)
    ,(0.707106781187,0.707106781187)
    ,(1.,1.)
    ,(0.707106781187,0.707106781187)
,(1.,1.))) REPRESENTATION_ITEM('') SURFACE() );
#814 = CARTESIAN_POINT('',(1.4375,1.760429773774E-16,-6.));
#815 = CARTESIAN_POINT('',(1.4375,1.760429773774E-16,-6.74));
#816 = CARTESIAN_POINT('',(1.4375,-1.4375,-6.));
#817 = CARTESIAN_POINT('',(1.4375,-1.4375,-6.74));
#818 = CARTESIAN_POINT('',(2.640644660661E-16,-1.4375,-6.));
#819 = CARTESIAN_POINT('',(2.640644660661E-16,-1.4375,-6.74));
#820 = CARTESIAN_POINT('',(-1.4375,-1.4375,-6.));
#821 = CARTESIAN_POINT('',(-1.4375,-1.4375,-6.74));
#822 = CARTESIAN_POINT('',(-1.4375,-3.520859547549E-16,-6.));
#823 = CARTESIAN_POINT('',(-1.4375,-3.520859547549E-16,-6.74));
#824 = DEFINITIONAL_REPRESENTATION('',(#825),#829);
#825 = B_SPLINE_CURVE_WITH_KNOTS('',2,(#826,#827,#828),.UNSPECIFIED.,.F.
  ,.F.,(3,3),(0.,0.74),.PIECEWISE_BEZIER_KNOTS.);
#826 = CARTESIAN_POINT('',(6.28318530718,0.));
#827 = CARTESIAN_POINT('',(6.28318530718,0.37));
#828 = CARTESIAN_POINT('',(6.28318530718,0.74));
#829 = ( GEOMETRIC_REPRESENTATION_CONTEXT(2) 
PARAMETRIC_REPRESENTATION_CONTEXT() REPRESENTATION_CONTEXT('2D SPACE',''
  ) );
#830 = PCURVE('',#831,#842);
#831 = ( BOUNDED_SURFACE() B_SPLINE_SURFACE(2,1,(
    (#832,#833)
    ,(#834,#835)
    ,(#836,#837)
    ,(#838,#839)
,(#840,#841
    )),.UNSPECIFIED.,.F.,.F.,.F.) B_SPLINE_SURFACE_WITH_KNOTS((3,2,3),(2
    ,2),(0.,1.570796326795,3.14159265359),(0.,0.74),
.PIECEWISE_BEZIER_KNOTS.) GEOMETRIC_REPRESENTATION_ITEM() 
RATIONAL_B_SPLINE_SURFACE((
    (1.,1.)
    ,(0.707106781187,0.707106781187)
    ,(1.,1.)
    ,(0.707106781187,0.707106781187)
,(1.,1.))) REPRESENTATION_ITEM('') SURFACE() );
#832 = CARTESIAN_POINT('',(-1.4375,0.,-6.));
#833 = CARTESIAN_POINT('',(-1.4375,0.,-6.74));
#834 = CARTESIAN_POINT('',(-1.4375,1.4375,-6.));
#835 = CARTESIAN_POINT('',(-1.4375,1.4375,-6.74));
#836 = CARTESIAN_POINT('',(-8.802148868872E-17,1.4375,-6.));
#837 = CARTESIAN_POINT('',(-8.802148868872E-17,1.4375,-6.74));
#838 = CARTESIAN_POINT('',(1.4375,1.4375,-6.));
#839 = CARTESIAN_POINT('',(1.4375,1.4375,-6.74));
#840 = CARTESIAN_POINT('',(1.4375,1.760429773774E-16,-6.));
#841 = CARTESIAN_POINT('',(1.4375,1.760429773774E-16,-6.74));
#842 = DEFINITIONAL_REPRESENTATION('',(#843),#847);
#843 = B_SPLINE_CURVE_WITH_KNOTS('',2,(#844,#845,#846),.UNSPECIFIED.,.F.
  ,.F.,(3,3),(0.,0.74),.PIECEWISE_BEZIER_KNOTS.);
#844 = CARTESIAN_POINT('',(0.,0.));
#845 = CARTESIAN_POINT('',(0.,0.37));
#846 = CARTESIAN_POINT('',(0.,0.74));
#847 = ( GEOMETRIC_REPRESENTATION_CONTEXT(2) 
PARAMETRIC_REPRESENTATION_CONTEXT() REPRESENTATION_CONTEXT('2D SPACE',''
  ) );
#848 = ORIENTED_EDGE('',*,*,#849,.F.);
#849 = EDGE_CURVE('',#850,#806,#852,.T.);
#850 = VERTEX_POINT('',#851);
#851 = CARTESIAN_POINT('',(1.4375,1.943514470247E-16,-6.74));
#852 = SURFACE_CURVE('',#853,(#859,#868),.PCURVE_S1.);
#853 = ( BOUNDED_CURVE() B_SPLINE_CURVE(2,(#854,#855,#856,#857,#858),
.UNSPECIFIED.,.F.,.F.) B_SPLINE_CURVE_WITH_KNOTS((3,2,3),(6.245530733508
,7.816327060303,9.387123387098),.PIECEWISE_BEZIER_KNOTS.) CURVE() 
GEOMETRIC_REPRESENTATION_ITEM() RATIONAL_B_SPLINE_CURVE((1.,
0.707106781187,1.,0.707106781187,1.)) REPRESENTATION_ITEM('') );
#854 = CARTESIAN_POINT('',(1.4375,9.655470867287E-16,-6.74));
#855 = CARTESIAN_POINT('',(1.4375,-1.4375,-6.74));
#856 = CARTESIAN_POINT('',(1.045344366624E-15,-1.4375,-6.74));
#857 = CARTESIAN_POINT('',(-1.4375,-1.4375,-6.74));
#858 = CARTESIAN_POINT('',(-1.4375,-1.133121374508E-15,-6.74));
#859 = PCURVE('',#813,#860);
#860 = DEFINITIONAL_REPRESENTATION('',(#861),#867);
#861 = B_SPLINE_CURVE_WITH_KNOTS('',2,(#862,#863,#864,#865,#866),
  .UNSPECIFIED.,.F.,.F.,(3,2,3),(6.245530733508,7.816327060303,
    9.387123387098),.PIECEWISE_BEZIER_KNOTS.);
#862 = CARTESIAN_POINT('',(3.14159265359,0.74));
#863 = CARTESIAN_POINT('',(3.926990816987,0.74));
#864 = CARTESIAN_POINT('',(4.712388980385,0.74));
#865 = CARTESIAN_POINT('',(5.497787143782,0.74));
#866 = CARTESIAN_POINT('',(6.28318530718,0.74));
#867 = ( GEOMETRIC_REPRESENTATION_CONTEXT(2) 
PARAMETRIC_REPRESENTATION_CONTEXT() REPRESENTATION_CONTEXT('2D SPACE',''
  ) );
#868 = PCURVE('',#869,#885);
#869 = ( BOUNDED_SURFACE() B_SPLINE_SURFACE(2,2,(
    (#870,#871,#872)
    ,(#873,#874,#875)
    ,(#876,#877,#878)
    ,(#879,#880,#881)
    ,(#882,#883,#884
)),.UNSPECIFIED.,.F.,.F.,.F.) B_SPLINE_SURFACE_WITH_KNOTS((3,2,3),(3,3),
  (3.14159265359,4.712388980385,6.28318530718),(1.570796326795,
    3.14159265359),.PIECEWISE_BEZIER_KNOTS.) 
GEOMETRIC_REPRESENTATION_ITEM() RATIONAL_B_SPLINE_SURFACE((
    (1.,0.707106781187,1.)
    ,(0.707106781187,0.5,0.707106781187)
    ,(1.,0.707106781187,1.)
    ,(0.707106781187,0.5,0.707106781187)
,(1.,0.707106781187,1.))) REPRESENTATION_ITEM('') SURFACE() );
#870 = CARTESIAN_POINT('',(1.7365,9.838208295766E-16,-7.));
#871 = CARTESIAN_POINT('',(1.4375,8.144212165369E-16,-7.));
#872 = CARTESIAN_POINT('',(1.4375,8.144212165369E-16,-6.74));
#873 = CARTESIAN_POINT('',(1.7365,-1.7365,-7.));
#874 = CARTESIAN_POINT('',(1.4375,-1.4375,-7.));
#875 = CARTESIAN_POINT('',(1.4375,-1.4375,-6.74));
#876 = CARTESIAN_POINT('',(3.189898750079E-16,-1.7365,-7.));
#877 = CARTESIAN_POINT('',(2.640644660662E-16,-1.4375,-7.));
#878 = CARTESIAN_POINT('',(2.640644660662E-16,-1.4375,-6.74));
#879 = CARTESIAN_POINT('',(-1.7365,-1.7365,-7.));
#880 = CARTESIAN_POINT('',(-1.4375,-1.4375,-7.));
#881 = CARTESIAN_POINT('',(-1.4375,-1.4375,-6.74));
#882 = CARTESIAN_POINT('',(-1.7365,-4.253198333439E-16,-7.));
#883 = CARTESIAN_POINT('',(-1.4375,-3.520859547549E-16,-7.));
#884 = CARTESIAN_POINT('',(-1.4375,-3.520859547549E-16,-6.74));
#885 = DEFINITIONAL_REPRESENTATION('',(#886),#892);
#886 = B_SPLINE_CURVE_WITH_KNOTS('',2,(#887,#888,#889,#890,#891),
  .UNSPECIFIED.,.F.,.F.,(3,2,3),(6.245530733508,7.816327060303,
    9.387123387098),.PIECEWISE_BEZIER_KNOTS.);
#887 = CARTESIAN_POINT('',(3.14159265359,3.14159265359));
#888 = CARTESIAN_POINT('',(3.926990816987,3.14159265359));
#889 = CARTESIAN_POINT('',(4.712388980385,3.14159265359));
#890 = CARTESIAN_POINT('',(5.497787143782,3.14159265359));
#891 = CARTESIAN_POINT('',(6.28318530718,3.14159265359));
#892 = ( GEOMETRIC_REPRESENTATION_CONTEXT(2) 
PARAMETRIC_REPRESENTATION_CONTEXT() REPRESENTATION_CONTEXT('2D SPACE',''
  ) );
#893 = ORIENTED_EDGE('',*,*,#894,.F.);
#894 = EDGE_CURVE('',#895,#850,#897,.T.);
#895 = VERTEX_POINT('',#896);
#896 = CARTESIAN_POINT('',(1.4375,1.760429773774E-16,-6.));
#897 = SURFACE_CURVE('',#898,(#901,#908),.PCURVE_S1.);
#898 = B_SPLINE_CURVE_WITH_KNOTS('',1,(#899,#900),.UNSPECIFIED.,.F.,.F.,
  (2,2),(0.,0.74),.PIECEWISE_BEZIER_KNOTS.);
#899 = CARTESIAN_POINT('',(1.4375,1.760429773774E-16,-6.));
#900 = CARTESIAN_POINT('',(1.4375,1.760429773774E-16,-6.74));
#901 = PCURVE('',#813,#902);
#902 = DEFINITIONAL_REPRESENTATION('',(#903),#907);
#903 = B_SPLINE_CURVE_WITH_KNOTS('',2,(#904,#905,#906),.UNSPECIFIED.,.F.
  ,.F.,(3,3),(0.,0.74),.PIECEWISE_BEZIER_KNOTS.);
#904 = CARTESIAN_POINT('',(3.14159265359,0.));
#905 = CARTESIAN_POINT('',(3.14159265359,0.37));
#906 = CARTESIAN_POINT('',(3.14159265359,0.74));
#907 = ( GEOMETRIC_REPRESENTATION_CONTEXT(2) 
PARAMETRIC_REPRESENTATION_CONTEXT() REPRESENTATION_CONTEXT('2D SPACE',''
  ) );
#908 = PCURVE('',#831,#909);
#909 = DEFINITIONAL_REPRESENTATION('',(#910),#914);
#910 = B_SPLINE_CURVE_WITH_KNOTS('',2,(#911,#912,#913),.UNSPECIFIED.,.F.
  ,.F.,(3,3),(0.,0.74),.PIECEWISE_BEZIER_KNOTS.);
#911 = CARTESIAN_POINT('',(3.14159265359,0.));
#912 = CARTESIAN_POINT('',(3.14159265359,0.37));
#913 = CARTESIAN_POINT('',(3.14159265359,0.74));
#914 = ( GEOMETRIC_REPRESENTATION_CONTEXT(2) 
PARAMETRIC_REPRESENTATION_CONTEXT() REPRESENTATION_CONTEXT('2D SPACE',''
  ) );
#915 = ORIENTED_EDGE('',*,*,#916,.T.);
#916 = EDGE_CURVE('',#895,#804,#917,.T.);
#917 = SURFACE_CURVE('',#918,(#924,#933),.PCURVE_S1.);
#918 = ( BOUNDED_CURVE() B_SPLINE_CURVE(2,(#919,#920,#921,#922,#923),
.UNSPECIFIED.,.F.,.F.) B_SPLINE_CURVE_WITH_KNOTS((3,2,3),(3.14159265359,
4.712388980385,6.28318530718),.PIECEWISE_BEZIER_KNOTS.) CURVE() 
GEOMETRIC_REPRESENTATION_ITEM() RATIONAL_B_SPLINE_CURVE((1.,
0.707106781187,1.,0.707106781187,1.)) REPRESENTATION_ITEM('') );
#919 = CARTESIAN_POINT('',(1.4375,1.760429773774E-16,-6.));
#920 = CARTESIAN_POINT('',(1.4375,-1.4375,-6.));
#921 = CARTESIAN_POINT('',(2.640644660661E-16,-1.4375,-6.));
#922 = CARTESIAN_POINT('',(-1.4375,-1.4375,-6.));
#923 = CARTESIAN_POINT('',(-1.4375,-3.520859547549E-16,-6.));
#924 = PCURVE('',#813,#925);
#925 = DEFINITIONAL_REPRESENTATION('',(#926),#932);
#926 = B_SPLINE_CURVE_WITH_KNOTS('',2,(#927,#928,#929,#930,#931),
  .UNSPECIFIED.,.F.,.F.,(3,2,3),(3.14159265359,4.712388980385,
    6.28318530718),.PIECEWISE_BEZIER_KNOTS.);
#927 = CARTESIAN_POINT('',(3.14159265359,0.));
#928 = CARTESIAN_POINT('',(3.926990816987,0.));
#929 = CARTESIAN_POINT('',(4.712388980385,0.));
#930 = CARTESIAN_POINT('',(5.497787143782,0.));
#931 = CARTESIAN_POINT('',(6.28318530718,0.));
#932 = ( GEOMETRIC_REPRESENTATION_CONTEXT(2) 
PARAMETRIC_REPRESENTATION_CONTEXT() REPRESENTATION_CONTEXT('2D SPACE',''
  ) );
#933 = PCURVE('',#732,#934);
#934 = DEFINITIONAL_REPRESENTATION('',(#935),#941);
#935 = ( BOUNDED_CURVE() B_SPLINE_CURVE(2,(#936,#937,#938,#939,#940),
.UNSPECIFIED.,.F.,.F.) B_SPLINE_CURVE_WITH_KNOTS((3,2,3),(3.14159265359,
4.712388980385,6.28318530718),.PIECEWISE_BEZIER_KNOTS.) CURVE() 
GEOMETRIC_REPRESENTATION_ITEM() RATIONAL_B_SPLINE_CURVE((1.,
0.707106781187,1.,0.707106781187,1.)) REPRESENTATION_ITEM('') );
#936 = CARTESIAN_POINT('',(4.47,5.719996952336));
#937 = CARTESIAN_POINT('',(4.47,6.969996952336));
#938 = CARTESIAN_POINT('',(5.72,6.969996952336));
#939 = CARTESIAN_POINT('',(6.97,6.969996952336));
#940 = CARTESIAN_POINT('',(6.97,5.719996952336));
#941 = ( GEOMETRIC_REPRESENTATION_CONTEXT(2) 
PARAMETRIC_REPRESENTATION_CONTEXT() REPRESENTATION_CONTEXT('2D SPACE',''
  ) );
#942 = ADVANCED_FACE('',(#943),#959,.T.);
#943 = FACE_BOUND('',#944,.T.);
#944 = EDGE_LOOP('',(#945,#997,#1018,#1045));
#945 = ORIENTED_EDGE('',*,*,#946,.T.);
#946 = EDGE_CURVE('',#947,#949,#951,.T.);
#947 = VERTEX_POINT('',#948);
#948 = CARTESIAN_POINT('',(-1.7365,6.644458308136E-31,-7.));
#949 = VERTEX_POINT('',#950);
#950 = CARTESIAN_POINT('',(1.7365,2.126599166719E-16,-7.));
#951 = SURFACE_CURVE('',#952,(#958,#983),.PCURVE_S1.);
#952 = ( BOUNDED_CURVE() B_SPLINE_CURVE(2,(#953,#954,#955,#956,#957),
.UNSPECIFIED.,.F.,.F.) B_SPLINE_CURVE_WITH_KNOTS((3,2,3),(3.14159265359,
4.712388980385,6.28318530718),.PIECEWISE_BEZIER_KNOTS.) CURVE() 
GEOMETRIC_REPRESENTATION_ITEM() RATIONAL_B_SPLINE_CURVE((1.,
0.707106781187,1.,0.707106781187,1.)) REPRESENTATION_ITEM('') );
#953 = CARTESIAN_POINT('',(-1.7365,6.137466865478E-16,-7.));
#954 = CARTESIAN_POINT('',(-1.7365,1.7365,-7.));
#955 = CARTESIAN_POINT('',(1.185333897419E-13,1.7365,-7.));
#956 = CARTESIAN_POINT('',(1.7365,1.7365,-7.));
#957 = CARTESIAN_POINT('',(1.7365,-2.367023992969E-13,-7.));
#958 = PCURVE('',#959,#975);
#959 = ( BOUNDED_SURFACE() B_SPLINE_SURFACE(2,2,(
    (#960,#961,#962)
    ,(#963,#964,#965)
    ,(#966,#967,#968)
    ,(#969,#970,#971)
    ,(#972,#973,#974
)),.UNSPECIFIED.,.F.,.F.,.F.) B_SPLINE_SURFACE_WITH_KNOTS((3,2,3),(3,3),
  (0.,1.570796326795,3.14159265359),(1.570796326795,3.14159265359),
.PIECEWISE_BEZIER_KNOTS.) GEOMETRIC_REPRESENTATION_ITEM() 
RATIONAL_B_SPLINE_SURFACE((
    (1.,0.707106781187,1.)
    ,(0.707106781187,0.5,0.707106781187)
    ,(1.,0.707106781187,1.)
    ,(0.707106781187,0.5,0.707106781187)
,(1.,0.707106781187,1.))) REPRESENTATION_ITEM('') SURFACE() );
#960 = CARTESIAN_POINT('',(-1.7365,0.,-7.));
#961 = CARTESIAN_POINT('',(-1.4375,0.,-7.));
#962 = CARTESIAN_POINT('',(-1.4375,0.,-6.74));
#963 = CARTESIAN_POINT('',(-1.7365,1.7365,-7.));
#964 = CARTESIAN_POINT('',(-1.4375,1.4375,-7.));
#965 = CARTESIAN_POINT('',(-1.4375,1.4375,-6.74));
#966 = CARTESIAN_POINT('',(-1.06329958336E-16,1.7365,-7.));
#967 = CARTESIAN_POINT('',(-8.802148868872E-17,1.4375,-7.));
#968 = CARTESIAN_POINT('',(-8.802148868872E-17,1.4375,-6.74));
#969 = CARTESIAN_POINT('',(1.7365,1.7365,-7.));
#970 = CARTESIAN_POINT('',(1.4375,1.4375,-7.));
#971 = CARTESIAN_POINT('',(1.4375,1.4375,-6.74));
#972 = CARTESIAN_POINT('',(1.7365,2.126599166719E-16,-7.));
#973 = CARTESIAN_POINT('',(1.4375,1.760429773774E-16,-7.));
#974 = CARTESIAN_POINT('',(1.4375,1.760429773774E-16,-6.74));
#975 = DEFINITIONAL_REPRESENTATION('',(#976),#982);
#976 = B_SPLINE_CURVE_WITH_KNOTS('',2,(#977,#978,#979,#980,#981),
  .UNSPECIFIED.,.F.,.F.,(3,2,3),(3.14159265359,4.712388980385,
    6.283185307179),.UNSPECIFIED.);
#977 = CARTESIAN_POINT('',(3.109065252871E-16,1.570796326795));
#978 = CARTESIAN_POINT('',(0.785398163397,1.570796326795));
#979 = CARTESIAN_POINT('',(1.570796326795,1.570796326796));
#980 = CARTESIAN_POINT('',(2.356194490192,1.570796326795));
#981 = CARTESIAN_POINT('',(3.14159265359,1.570796326795));
#982 = ( GEOMETRIC_REPRESENTATION_CONTEXT(2) 
PARAMETRIC_REPRESENTATION_CONTEXT() REPRESENTATION_CONTEXT('2D SPACE',''
  ) );
#983 = PCURVE('',#984,#989);
#984 = B_SPLINE_SURFACE_WITH_KNOTS('',1,1,(
    (#985,#986)
    ,(#987,#988
  )),.UNSPECIFIED.,.F.,.F.,.F.,(2,2),(2,2),(0.2296,11.7096),(
    0.229524628293,11.709668941816),.PIECEWISE_BEZIER_KNOTS.);
#985 = CARTESIAN_POINT('',(6.601,6.601082980275,-7.));
#986 = CARTESIAN_POINT('',(6.601,-6.601082980276,-7.));
#987 = CARTESIAN_POINT('',(-6.601,6.601082980275,-7.));
#988 = CARTESIAN_POINT('',(-6.601,-6.601082980276,-7.));
#989 = DEFINITIONAL_REPRESENTATION('',(#990),#996);
#990 = ( BOUNDED_CURVE() B_SPLINE_CURVE(2,(#991,#992,#993,#994,#995),
.UNSPECIFIED.,.F.,.F.) B_SPLINE_CURVE_WITH_KNOTS((3,2,3),(3.14159265359,
4.712388980385,6.28318530718),.PIECEWISE_BEZIER_KNOTS.) CURVE() 
GEOMETRIC_REPRESENTATION_ITEM() RATIONAL_B_SPLINE_CURVE((1.,
0.707106781187,1.,0.707106781187,1.)) REPRESENTATION_ITEM('') );
#991 = CARTESIAN_POINT('',(7.4796,5.969596785054));
#992 = CARTESIAN_POINT('',(7.4796,4.459596785054));
#993 = CARTESIAN_POINT('',(5.9696,4.459596785054));
#994 = CARTESIAN_POINT('',(4.4596,4.459596785054));
#995 = CARTESIAN_POINT('',(4.4596,5.969596785054));
#996 = ( GEOMETRIC_REPRESENTATION_CONTEXT(2) 
PARAMETRIC_REPRESENTATION_CONTEXT() REPRESENTATION_CONTEXT('2D SPACE',''
  ) );
#997 = ORIENTED_EDGE('',*,*,#998,.T.);
#998 = EDGE_CURVE('',#949,#850,#999,.T.);
#999 = SURFACE_CURVE('',#1000,(#1004,#1011),.PCURVE_S1.);
#1000 = ( BOUNDED_CURVE() B_SPLINE_CURVE(2,(#1001,#1002,#1003),
.UNSPECIFIED.,.F.,.F.) B_SPLINE_CURVE_WITH_KNOTS((3,3),(4.712388980385,
6.28318530718),.PIECEWISE_BEZIER_KNOTS.) CURVE() 
GEOMETRIC_REPRESENTATION_ITEM() RATIONAL_B_SPLINE_CURVE((1.,
0.707106781187,1.)) REPRESENTATION_ITEM('') );
#1001 = CARTESIAN_POINT('',(1.7365,2.126599166719E-16,-7.));
#1002 = CARTESIAN_POINT('',(1.4375,1.760429773774E-16,-7.));
#1003 = CARTESIAN_POINT('',(1.4375,1.760429773774E-16,-6.74));
#1004 = PCURVE('',#959,#1005);
#1005 = DEFINITIONAL_REPRESENTATION('',(#1006),#1010);
#1006 = B_SPLINE_CURVE_WITH_KNOTS('',2,(#1007,#1008,#1009),
  .UNSPECIFIED.,.F.,.F.,(3,3),(4.712388980385,6.28318530718),
  .PIECEWISE_BEZIER_KNOTS.);
#1007 = CARTESIAN_POINT('',(3.14159265359,1.570796326795));
#1008 = CARTESIAN_POINT('',(3.14159265359,2.356194490192));
#1009 = CARTESIAN_POINT('',(3.14159265359,3.14159265359));
#1010 = ( GEOMETRIC_REPRESENTATION_CONTEXT(2) 
PARAMETRIC_REPRESENTATION_CONTEXT() REPRESENTATION_CONTEXT('2D SPACE',''
  ) );
#1011 = PCURVE('',#869,#1012);
#1012 = DEFINITIONAL_REPRESENTATION('',(#1013),#1017);
#1013 = B_SPLINE_CURVE_WITH_KNOTS('',2,(#1014,#1015,#1016),
  .UNSPECIFIED.,.F.,.F.,(3,3),(4.712388980385,6.28318530718),
  .PIECEWISE_BEZIER_KNOTS.);
#1014 = CARTESIAN_POINT('',(3.14159265359,1.570796326795));
#1015 = CARTESIAN_POINT('',(3.14159265359,2.356194490192));
#1016 = CARTESIAN_POINT('',(3.14159265359,3.14159265359));
#1017 = ( GEOMETRIC_REPRESENTATION_CONTEXT(2) 
PARAMETRIC_REPRESENTATION_CONTEXT() REPRESENTATION_CONTEXT('2D SPACE',''
  ) );
#1018 = ORIENTED_EDGE('',*,*,#1019,.F.);
#1019 = EDGE_CURVE('',#806,#850,#1020,.T.);
#1020 = SURFACE_CURVE('',#1021,(#1027,#1036),.PCURVE_S1.);
#1021 = ( BOUNDED_CURVE() B_SPLINE_CURVE(2,(#1022,#1023,#1024,#1025,
#1026),.UNSPECIFIED.,.F.,.F.) B_SPLINE_CURVE_WITH_KNOTS((3,2,3),(
    3.103938079918,4.674734406713,6.245530733508),
.PIECEWISE_BEZIER_KNOTS.) CURVE() GEOMETRIC_REPRESENTATION_ITEM() 
RATIONAL_B_SPLINE_CURVE((1.,0.707106781187,1.,0.707106781187,1.)) 
REPRESENTATION_ITEM('') );
#1022 = CARTESIAN_POINT('',(-1.4375,-1.356553758214E-16,-6.74));
#1023 = CARTESIAN_POINT('',(-1.4375,1.4375,-6.74));
#1024 = CARTESIAN_POINT('',(-8.618106228653E-16,1.4375,-6.74));
#1025 = CARTESIAN_POINT('',(1.4375,1.4375,-6.74));
#1026 = CARTESIAN_POINT('',(1.4375,9.655470867287E-16,-6.74));
#1027 = PCURVE('',#959,#1028);
#1028 = DEFINITIONAL_REPRESENTATION('',(#1029),#1035);
#1029 = B_SPLINE_CURVE_WITH_KNOTS('',2,(#1030,#1031,#1032,#1033,#1034),
  .UNSPECIFIED.,.F.,.F.,(3,2,3),(3.103938079918,4.674734406713,
    6.245530733508),.PIECEWISE_BEZIER_KNOTS.);
#1030 = CARTESIAN_POINT('',(-1.048175573402E-16,3.14159265359));
#1031 = CARTESIAN_POINT('',(0.785398163397,3.14159265359));
#1032 = CARTESIAN_POINT('',(1.570796326795,3.14159265359));
#1033 = CARTESIAN_POINT('',(2.356194490192,3.14159265359));
#1034 = CARTESIAN_POINT('',(3.14159265359,3.14159265359));
#1035 = ( GEOMETRIC_REPRESENTATION_CONTEXT(2) 
PARAMETRIC_REPRESENTATION_CONTEXT() REPRESENTATION_CONTEXT('2D SPACE',''
  ) );
#1036 = PCURVE('',#831,#1037);
#1037 = DEFINITIONAL_REPRESENTATION('',(#1038),#1044);
#1038 = B_SPLINE_CURVE_WITH_KNOTS('',2,(#1039,#1040,#1041,#1042,#1043),
  .UNSPECIFIED.,.F.,.F.,(3,2,3),(3.103938079918,4.674734406713,
    6.245530733508),.PIECEWISE_BEZIER_KNOTS.);
#1039 = CARTESIAN_POINT('',(0.,0.74));
#1040 = CARTESIAN_POINT('',(0.785398163397,0.74));
#1041 = CARTESIAN_POINT('',(1.570796326795,0.74));
#1042 = CARTESIAN_POINT('',(2.356194490192,0.74));
#1043 = CARTESIAN_POINT('',(3.14159265359,0.74));
#1044 = ( GEOMETRIC_REPRESENTATION_CONTEXT(2) 
PARAMETRIC_REPRESENTATION_CONTEXT() REPRESENTATION_CONTEXT('2D SPACE',''
  ) );
#1045 = ORIENTED_EDGE('',*,*,#1046,.F.);
#1046 = EDGE_CURVE('',#947,#806,#1047,.T.);
#1047 = SURFACE_CURVE('',#1048,(#1052,#1059),.PCURVE_S1.);
#1048 = ( BOUNDED_CURVE() B_SPLINE_CURVE(2,(#1049,#1050,#1051),
.UNSPECIFIED.,.F.,.F.) B_SPLINE_CURVE_WITH_KNOTS((3,3),(0.,
1.570796326795),.PIECEWISE_BEZIER_KNOTS.) CURVE() 
GEOMETRIC_REPRESENTATION_ITEM() RATIONAL_B_SPLINE_CURVE((1.,
0.707106781187,1.)) REPRESENTATION_ITEM('') );
#1049 = CARTESIAN_POINT('',(-1.7365,0.,-7.));
#1050 = CARTESIAN_POINT('',(-1.4375,0.,-7.));
#1051 = CARTESIAN_POINT('',(-1.4375,0.,-6.74));
#1052 = PCURVE('',#959,#1053);
#1053 = DEFINITIONAL_REPRESENTATION('',(#1054),#1058);
#1054 = B_SPLINE_CURVE_WITH_KNOTS('',2,(#1055,#1056,#1057),
  .UNSPECIFIED.,.F.,.F.,(3,3),(1.014975442118E-13,1.570796326795),
  .PIECEWISE_BEZIER_KNOTS.);
#1055 = CARTESIAN_POINT('',(0.,1.570796326795));
#1056 = CARTESIAN_POINT('',(1.09746559122E-16,2.356194490192));
#1057 = CARTESIAN_POINT('',(0.,3.14159265359));
#1058 = ( GEOMETRIC_REPRESENTATION_CONTEXT(2) 
PARAMETRIC_REPRESENTATION_CONTEXT() REPRESENTATION_CONTEXT('2D SPACE',''
  ) );
#1059 = PCURVE('',#869,#1060);
#1060 = DEFINITIONAL_REPRESENTATION('',(#1061),#1065);
#1061 = B_SPLINE_CURVE_WITH_KNOTS('',2,(#1062,#1063,#1064),
  .UNSPECIFIED.,.F.,.F.,(3,3),(1.014975442118E-13,1.570796326795),
  .PIECEWISE_BEZIER_KNOTS.);
#1062 = CARTESIAN_POINT('',(6.28318530718,1.570796326795));
#1063 = CARTESIAN_POINT('',(6.28318530718,2.356194490192));
#1064 = CARTESIAN_POINT('',(6.28318530718,3.14159265359));
#1065 = ( GEOMETRIC_REPRESENTATION_CONTEXT(2) 
PARAMETRIC_REPRESENTATION_CONTEXT() REPRESENTATION_CONTEXT('2D SPACE',''
  ) );
#1066 = ADVANCED_FACE('',(#1067),#1081,.T.);
#1067 = FACE_BOUND('',#1068,.T.);
#1068 = EDGE_LOOP('',(#1069,#1121,#1160,#1261,#1409,#1432));
#1069 = ORIENTED_EDGE('',*,*,#1070,.T.);
#1070 = EDGE_CURVE('',#1071,#1073,#1075,.T.);
#1071 = VERTEX_POINT('',#1072);
#1072 = CARTESIAN_POINT('',(6.9,8.450062914117E-16,-6.74));
#1073 = VERTEX_POINT('',#1074);
#1074 = CARTESIAN_POINT('',(8.45006291411E-16,-6.899999999995,-6.74));
#1075 = SURFACE_CURVE('',#1076,(#1080,#1103),.PCURVE_S1.);
#1076 = ( BOUNDED_CURVE() B_SPLINE_CURVE(2,(#1077,#1078,#1079),
.UNSPECIFIED.,.F.,.F.) B_SPLINE_CURVE_WITH_KNOTS((3,3),(0.,
1.570796326795),.PIECEWISE_BEZIER_KNOTS.) CURVE() 
GEOMETRIC_REPRESENTATION_ITEM() RATIONAL_B_SPLINE_CURVE((1.,
0.707106781187,1.)) REPRESENTATION_ITEM('') );
#1077 = CARTESIAN_POINT('',(6.9,0.,-6.74));
#1078 = CARTESIAN_POINT('',(6.9,-6.9,-6.74));
#1079 = CARTESIAN_POINT('',(4.225031457058E-16,-6.9,-6.74));
#1080 = PCURVE('',#1081,#1097);
#1081 = ( BOUNDED_SURFACE() B_SPLINE_SURFACE(2,2,(
    (#1082,#1083,#1084)
    ,(#1085,#1086,#1087)
    ,(#1088,#1089,#1090)
    ,(#1091,#1092,#1093)
    ,(#1094,#1095,#1096
)),.UNSPECIFIED.,.F.,.F.,.F.) B_SPLINE_SURFACE_WITH_KNOTS((3,2,3),(3,3),
  (0.,1.570796326795,3.14159265359),(0.,1.57126183745),
.PIECEWISE_BEZIER_KNOTS.) GEOMETRIC_REPRESENTATION_ITEM() 
RATIONAL_B_SPLINE_SURFACE((
    (1.,0.706942179164,1.)
    ,(0.707106781187,0.499883608794,0.707106781187)
    ,(1.,0.706942179164,1.)
    ,(0.707106781187,0.499883608794,0.707106781187)
,(1.,0.706942179164,1.))) REPRESENTATION_ITEM('') SURFACE() );
#1082 = CARTESIAN_POINT('',(9.952680272678E-34,6.89999999999,-6.74));
#1083 = CARTESIAN_POINT('',(5.970056155217E-19,6.89999999999,
    -7.00012106095));
#1084 = CARTESIAN_POINT('',(5.967277030566E-19,6.600860812309,
    -6.999999971829));
#1085 = CARTESIAN_POINT('',(6.89999999999,6.89999999999,-6.74));
#1086 = CARTESIAN_POINT('',(6.89999999999,6.89999999999,-7.00012106095)
  );
#1087 = CARTESIAN_POINT('',(6.600860812309,6.600860812309,
    -6.999999971829));
#1088 = CARTESIAN_POINT('',(6.89999999999,4.225031457052E-16,-6.74));
#1089 = CARTESIAN_POINT('',(6.89999999999,3.143956633581E-16,
    -7.00012106095));
#1090 = CARTESIAN_POINT('',(6.600860812309,2.961289961066E-16,
    -6.999999971829));
#1091 = CARTESIAN_POINT('',(6.89999999999,-6.89999999999,-6.74));
#1092 = CARTESIAN_POINT('',(6.89999999999,-6.89999999999,-7.00012106095)
  );
#1093 = CARTESIAN_POINT('',(6.600860812309,-6.600860812309,
    -6.999999971829));
#1094 = CARTESIAN_POINT('',(8.450062914104E-16,-6.89999999999,-6.74));
#1095 = CARTESIAN_POINT('',(8.456032970259E-16,-6.89999999999,
    -7.00012106095));
#1096 = CARTESIAN_POINT('',(8.089690342442E-16,-6.600860812309,
    -6.999999971829));
#1097 = DEFINITIONAL_REPRESENTATION('',(#1098),#1102);
#1098 = B_SPLINE_CURVE_WITH_KNOTS('',2,(#1099,#1100,#1101),
  .UNSPECIFIED.,.F.,.F.,(3,3),(0.,1.570796326795),
  .PIECEWISE_BEZIER_KNOTS.);
#1099 = CARTESIAN_POINT('',(1.570796326795,0.));
#1100 = CARTESIAN_POINT('',(2.356194490192,-4.462981887019E-15));
#1101 = CARTESIAN_POINT('',(3.14159265359,-3.79454207461E-15));
#1102 = ( GEOMETRIC_REPRESENTATION_CONTEXT(2) 
PARAMETRIC_REPRESENTATION_CONTEXT() REPRESENTATION_CONTEXT('2D SPACE',''
  ) );
#1103 = PCURVE('',#1104,#1115);
#1104 = ( BOUNDED_SURFACE() B_SPLINE_SURFACE(2,1,(
    (#1105,#1106)
    ,(#1107,#1108)
    ,(#1109,#1110)
    ,(#1111,#1112)
    ,(#1113,#1114
)),.UNSPECIFIED.,.F.,.F.,.F.) B_SPLINE_SURFACE_WITH_KNOTS((3,2,3),(2,2),
  (3.14159265359,4.712388980385,6.28318530718),(0.,7.24),
.PIECEWISE_BEZIER_KNOTS.) GEOMETRIC_REPRESENTATION_ITEM() 
RATIONAL_B_SPLINE_SURFACE((
    (1.,1.)
    ,(0.707106781187,0.707106781187)
    ,(1.,1.)
    ,(0.707106781187,0.707106781187)
,(1.,1.))) REPRESENTATION_ITEM('') SURFACE() );
#1105 = CARTESIAN_POINT('',(6.9,8.450062914117E-16,0.5));
#1106 = CARTESIAN_POINT('',(6.9,8.450062914117E-16,-6.74));
#1107 = CARTESIAN_POINT('',(6.9,-6.9,0.5));
#1108 = CARTESIAN_POINT('',(6.9,-6.9,-6.74));
#1109 = CARTESIAN_POINT('',(1.267509437118E-15,-6.9,0.5));
#1110 = CARTESIAN_POINT('',(1.267509437118E-15,-6.9,-6.74));
#1111 = CARTESIAN_POINT('',(-6.9,-6.9,0.5));
#1112 = CARTESIAN_POINT('',(-6.9,-6.9,-6.74));
#1113 = CARTESIAN_POINT('',(-6.9,-1.690012582823E-15,0.5));
#1114 = CARTESIAN_POINT('',(-6.9,-1.690012582823E-15,-6.74));
#1115 = DEFINITIONAL_REPRESENTATION('',(#1116),#1120);
#1116 = B_SPLINE_CURVE_WITH_KNOTS('',2,(#1117,#1118,#1119),
  .UNSPECIFIED.,.F.,.F.,(3,3),(0.,1.570796326795),
  .PIECEWISE_BEZIER_KNOTS.);
#1117 = CARTESIAN_POINT('',(3.14159265359,7.24));
#1118 = CARTESIAN_POINT('',(3.926990816987,7.24));
#1119 = CARTESIAN_POINT('',(4.712388980385,7.24));
#1120 = ( GEOMETRIC_REPRESENTATION_CONTEXT(2) 
PARAMETRIC_REPRESENTATION_CONTEXT() REPRESENTATION_CONTEXT('2D SPACE',''
  ) );
#1121 = ORIENTED_EDGE('',*,*,#1122,.T.);
#1122 = EDGE_CURVE('',#1073,#1123,#1125,.T.);
#1123 = VERTEX_POINT('',#1124);
#1124 = CARTESIAN_POINT('',(1.063758528029E-08,-6.600999999999,-7.));
#1125 = SURFACE_CURVE('',#1126,(#1130,#1137),.PCURVE_S1.);
#1126 = ( BOUNDED_CURVE() B_SPLINE_CURVE(2,(#1127,#1128,#1129),
.UNSPECIFIED.,.F.,.F.) B_SPLINE_CURVE_WITH_KNOTS((3,3),(3.14159265359,
4.712388980354),.PIECEWISE_BEZIER_KNOTS.) CURVE() 
GEOMETRIC_REPRESENTATION_ITEM() RATIONAL_B_SPLINE_CURVE((1.,
0.707106781197,1.)) REPRESENTATION_ITEM('') );
#1127 = CARTESIAN_POINT('',(8.450062914104E-16,-6.89999999999,-6.74));
#1128 = CARTESIAN_POINT('',(8.456030191781E-16,-6.89999999999,
    -6.999999999992));
#1129 = CARTESIAN_POINT('',(8.089860798848E-16,-6.600999999999,-7.));
#1130 = PCURVE('',#1081,#1131);
#1131 = DEFINITIONAL_REPRESENTATION('',(#1132),#1136);
#1132 = B_SPLINE_CURVE_WITH_KNOTS('',2,(#1133,#1134,#1135),
  .UNSPECIFIED.,.F.,.F.,(3,3),(3.14159265359,4.712388980354),
  .PIECEWISE_BEZIER_KNOTS.);
#1133 = CARTESIAN_POINT('',(3.14159265359,3.754974492849E-15));
#1134 = CARTESIAN_POINT('',(3.14159265359,0.785448119105));
#1135 = CARTESIAN_POINT('',(3.14159265359,1.570744802044));
#1136 = ( GEOMETRIC_REPRESENTATION_CONTEXT(2) 
PARAMETRIC_REPRESENTATION_CONTEXT() REPRESENTATION_CONTEXT('2D SPACE',''
  ) );
#1137 = PCURVE('',#1138,#1154);
#1138 = ( BOUNDED_SURFACE() B_SPLINE_SURFACE(2,2,(
    (#1139,#1140,#1141)
    ,(#1142,#1143,#1144)
    ,(#1145,#1146,#1147)
    ,(#1148,#1149,#1150)
    ,(#1151,#1152,#1153
)),.UNSPECIFIED.,.F.,.F.,.F.) B_SPLINE_SURFACE_WITH_KNOTS((3,2,3),(3,3),
  (3.141592651978,4.712388979579,6.28318530718),(0.,1.571261837448),
.PIECEWISE_BEZIER_KNOTS.) GEOMETRIC_REPRESENTATION_ITEM() 
RATIONAL_B_SPLINE_SURFACE((
    (1.,0.706942179164,1.)
    ,(0.707106780902,0.499883608593,0.707106780902)
    ,(1.,0.706942179164,1.)
    ,(0.707106780902,0.499883608593,0.707106780902)
,(1.,0.706942179164,1.))) REPRESENTATION_ITEM('') SURFACE() );
#1139 = CARTESIAN_POINT('',(1.111942622545E-08,-6.89999999999,-6.74));
#1140 = CARTESIAN_POINT('',(1.111942622604E-08,-6.89999999999,
    -7.000121060949));
#1141 = CARTESIAN_POINT('',(1.063736012046E-08,-6.60086081231,
    -6.999999971829));
#1142 = CARTESIAN_POINT('',(-6.89999999443,-6.900000011109,-6.74));
#1143 = CARTESIAN_POINT('',(-6.89999999443,-6.900000011109,
    -7.000121060949));
#1144 = CARTESIAN_POINT('',(-6.600860806991,-6.600860822947,
    -6.999999971829));
#1145 = CARTESIAN_POINT('',(-6.89999999999,-5.55971395773E-09,-6.74));
#1146 = CARTESIAN_POINT('',(-6.89999999999,-5.559714065837E-09,
    -7.000121060949));
#1147 = CARTESIAN_POINT('',(-6.60086081231,-5.318680976359E-09,
    -6.999999971829));
#1148 = CARTESIAN_POINT('',(-6.900000005549,6.89999999999,-6.74));
#1149 = CARTESIAN_POINT('',(-6.900000005549,6.89999999999,
    -7.000121060949));
#1150 = CARTESIAN_POINT('',(-6.600860817628,6.60086081231,
    -6.999999971829));
#1151 = CARTESIAN_POINT('',(-1.690012582821E-15,6.89999999999,-6.74));
#1152 = CARTESIAN_POINT('',(-1.689415577205E-15,6.89999999999,
    -7.000121060949));
#1153 = CARTESIAN_POINT('',(-1.616147885379E-15,6.60086081231,
    -6.999999971829));
#1154 = DEFINITIONAL_REPRESENTATION('',(#1155),#1159);
#1155 = B_SPLINE_CURVE_WITH_KNOTS('',2,(#1156,#1157,#1158),
  .UNSPECIFIED.,.F.,.F.,(3,3),(3.14159265359,4.712388980354),
  .PIECEWISE_BEZIER_KNOTS.);
#1156 = CARTESIAN_POINT('',(3.141592653768,7.54951656702E-15));
#1157 = CARTESIAN_POINT('',(3.141592653768,0.785448119105));
#1158 = CARTESIAN_POINT('',(3.141592653768,1.570744802045));
#1159 = ( GEOMETRIC_REPRESENTATION_CONTEXT(2) 
PARAMETRIC_REPRESENTATION_CONTEXT() REPRESENTATION_CONTEXT('2D SPACE',''
  ) );
#1160 = ORIENTED_EDGE('',*,*,#1161,.F.);
#1161 = EDGE_CURVE('',#1162,#1123,#1164,.T.);
#1162 = VERTEX_POINT('',#1163);
#1163 = CARTESIAN_POINT('',(6.600999999999,1.784879712748E-15,-7.));
#1164 = SURFACE_CURVE('',#1165,(#1176,#1247),.PCURVE_S1.);
#1165 = B_SPLINE_CURVE_WITH_KNOTS('',3,(#1166,#1167,#1168,#1169,#1170,
    #1171,#1172,#1173,#1174,#1175),.UNSPECIFIED.,.F.,.F.,(4,2,2,2,4),(0.
    ,0.125,0.25,0.375,0.499999999488),.UNSPECIFIED.);
#1166 = CARTESIAN_POINT('',(6.600999999999,1.784879712748E-15,-7.));
#1167 = CARTESIAN_POINT('',(6.601,-0.866429709154,-7.));
#1168 = CARTESIAN_POINT('',(6.429860701292,-1.725970515159,-7.));
#1169 = CARTESIAN_POINT('',(5.767196886922,-3.326216158925,-7.));
#1170 = CARTESIAN_POINT('',(5.279916377918,-4.055189995475,-7.));
#1171 = CARTESIAN_POINT('',(4.055307347307,-5.28003372975,-7.));
#1172 = CARTESIAN_POINT('',(3.326152648577,-5.767043559363,-7.));
#1173 = CARTESIAN_POINT('',(1.726034025507,-6.430014028851,-7.));
#1174 = CARTESIAN_POINT('',(0.86601233013,-6.600917019724,-7.));
#1175 = CARTESIAN_POINT('',(1.063758528029E-08,-6.600999999999,-7.));
#1176 = PCURVE('',#1081,#1177);
#1177 = DEFINITIONAL_REPRESENTATION('',(#1178),#1246);
#1178 = B_SPLINE_CURVE_WITH_KNOTS('',6,(#1179,#1180,#1181,#1182,#1183,
    #1184,#1185,#1186,#1187,#1188,#1189,#1190,#1191,#1192,#1193,#1194,
    #1195,#1196,#1197,#1198,#1199,#1200,#1201,#1202,#1203,#1204,#1205,
    #1206,#1207,#1208,#1209,#1210,#1211,#1212,#1213,#1214,#1215,#1216,
    #1217,#1218,#1219,#1220,#1221,#1222,#1223,#1224,#1225,#1226,#1227,
    #1228,#1229,#1230,#1231,#1232,#1233,#1234,#1235,#1236,#1237,#1238,
    #1239,#1240,#1241,#1242,#1243,#1244,#1245),.UNSPECIFIED.,.F.,.F.,(7,
    5,5,5,5,5,5,5,5,5,5,5,5,7),(0.,0.124999999872,0.218749999776,
    0.236328124758,0.244567870843,0.248558997853,0.250523380679,
    0.312892535381,0.359669401408,0.368440063788,0.372551311779,
    0.374542697524,0.37846323821,0.499999999488),.UNSPECIFIED.);
#1179 = CARTESIAN_POINT('',(1.570796326795,1.570744802044));
#1180 = CARTESIAN_POINT('',(1.643691435427,1.570744807562));
#1181 = CARTESIAN_POINT('',(1.713976928364,1.571154380609));
#1182 = CARTESIAN_POINT('',(1.782237150872,1.57145220379));
#1183 = CARTESIAN_POINT('',(1.848909952369,1.571285813123));
#1184 = CARTESIAN_POINT('',(1.914382483427,1.570898908857));
#1185 = CARTESIAN_POINT('',(2.027520881523,1.570629225106));
#1186 = CARTESIAN_POINT('',(2.075337137378,1.570882044643));
#1187 = CARTESIAN_POINT('',(2.122649519282,1.571187752653));
#1188 = CARTESIAN_POINT('',(2.169601746047,1.571319830757));
#1189 = CARTESIAN_POINT('',(2.216328371223,1.571246963761));
#1190 = CARTESIAN_POINT('',(2.271710471169,1.57105901577));
#1191 = CARTESIAN_POINT('',(2.280451883171,1.571026333143));
#1192 = CARTESIAN_POINT('',(2.289191063624,1.570991439144));
#1193 = CARTESIAN_POINT('',(2.297928916541,1.57095530323));
#1194 = CARTESIAN_POINT('',(2.30666635138,1.570919068641));
#1195 = CARTESIAN_POINT('',(2.31950018883,1.57086764177));
#1196 = CARTESIAN_POINT('',(2.323596203425,1.570851489093));
#1197 = CARTESIAN_POINT('',(2.327692421885,1.570835740199));
#1198 = CARTESIAN_POINT('',(2.331788939273,1.570820540916));
#1199 = CARTESIAN_POINT('',(2.335885850648,1.570806037073));
#1200 = CARTESIAN_POINT('',(2.341967929531,1.570785758651));
#1201 = CARTESIAN_POINT('',(2.343952722828,1.570779341757));
#1202 = CARTESIAN_POINT('',(2.345937641893,1.570773142152));
#1203 = CARTESIAN_POINT('',(2.347922697655,1.570767178167));
#1204 = CARTESIAN_POINT('',(2.349907901045,1.570761468133));
#1205 = CARTESIAN_POINT('',(2.352870441831,1.570753345609));
#1206 = CARTESIAN_POINT('',(2.353847628331,1.570750757693));
#1207 = CARTESIAN_POINT('',(2.354824880117,1.570748212286));
#1208 = CARTESIAN_POINT('',(2.355802201022,1.570745709309));
#1209 = CARTESIAN_POINT('',(2.356779541086,1.57074330295));
#1210 = CARTESIAN_POINT('',(2.388784856417,1.570670986073));
#1211 = CARTESIAN_POINT('',(2.419770821705,1.570760815641));
#1212 = CARTESIAN_POINT('',(2.450757339439,1.570918104496));
#1213 = CARTESIAN_POINT('',(2.481784890276,1.57106810164));
#1214 = CARTESIAN_POINT('',(2.512893316878,1.571167376169));
#1215 = CARTESIAN_POINT('',(2.567545950158,1.571232532471));
#1216 = CARTESIAN_POINT('',(2.591036934076,1.57122561076));
#1217 = CARTESIAN_POINT('',(2.614613551972,1.571178874698));
#1218 = CARTESIAN_POINT('',(2.638293296521,1.571098024304));
#1219 = CARTESIAN_POINT('',(2.662094352926,1.570998411682));
#1220 = CARTESIAN_POINT('',(2.6905250669,1.570886323452));
#1221 = CARTESIAN_POINT('',(2.69501906883,1.57086879786));
#1222 = CARTESIAN_POINT('',(2.699518141235,1.570851613609));
#1223 = CARTESIAN_POINT('',(2.704022413434,1.570834942086));
#1224 = CARTESIAN_POINT('',(2.708532014742,1.570818954675));
#1225 = CARTESIAN_POINT('',(2.715163509127,1.570796732134));
#1226 = CARTESIAN_POINT('',(2.717281143441,1.570789831451));
#1227 = CARTESIAN_POINT('',(2.719399991094,1.570783140427));
#1228 = CARTESIAN_POINT('',(2.721520065758,1.570776678777));
#1229 = CARTESIAN_POINT('',(2.723641381105,1.570770466218));
#1230 = CARTESIAN_POINT('',(2.726792067907,1.570761639664));
#1231 = CARTESIAN_POINT('',(2.727820482466,1.570758824709));
#1232 = CARTESIAN_POINT('',(2.728849194488,1.570756077598));
#1233 = CARTESIAN_POINT('',(2.729878203971,1.57075339833));
#1234 = CARTESIAN_POINT('',(2.730907510916,1.570750786906));
#1235 = CARTESIAN_POINT('',(2.733964143249,1.570743253384));
#1236 = CARTESIAN_POINT('',(2.735992531223,1.570738355436));
#1237 = CARTESIAN_POINT('',(2.738021080083,1.570734771622));
#1238 = CARTESIAN_POINT('',(2.740051001661,1.570731241309));
#1239 = CARTESIAN_POINT('',(2.742081489427,1.57072858741));
#1240 = CARTESIAN_POINT('',(2.807086902171,1.570659275975));
#1241 = CARTESIAN_POINT('',(2.870885568424,1.571134127606));
#1242 = CARTESIAN_POINT('',(2.935854627968,1.571486237195));
#1243 = CARTESIAN_POINT('',(3.002345215653,1.571322883509));
#1244 = CARTESIAN_POINT('',(3.070751308994,1.570894635775));
#1245 = CARTESIAN_POINT('',(3.1415926518,1.570744802044));
#1246 = ( GEOMETRIC_REPRESENTATION_CONTEXT(2) 
PARAMETRIC_REPRESENTATION_CONTEXT() REPRESENTATION_CONTEXT('2D SPACE',''
  ) );
#1247 = PCURVE('',#984,#1248);
#1248 = DEFINITIONAL_REPRESENTATION('',(#1249),#1260);
#1249 = B_SPLINE_CURVE_WITH_KNOTS('',3,(#1250,#1251,#1252,#1253,#1254,
    #1255,#1256,#1257,#1258,#1259),.UNSPECIFIED.,.F.,.F.,(4,2,2,2,4),(0.
    ,0.125,0.25,0.375,0.499999999488),.UNSPECIFIED.);
#1250 = CARTESIAN_POINT('',(0.229600000001,5.969596785054));
#1251 = CARTESIAN_POINT('',(0.2296,6.723013923449));
#1252 = CARTESIAN_POINT('',(0.378416781485,7.470440711279));
#1253 = CARTESIAN_POINT('',(0.954646185285,8.86195866238));
#1254 = CARTESIAN_POINT('',(1.378368367028,9.495848955032));
#1255 = CARTESIAN_POINT('',(2.443245784951,10.560930463097));
#1256 = CARTESIAN_POINT('',(3.077293349063,10.984417271457));
#1257 = CARTESIAN_POINT('',(4.468700847386,11.560913331881));
#1258 = CARTESIAN_POINT('',(5.216545799887,11.709524628292));
#1259 = CARTESIAN_POINT('',(5.96959999075,11.709596785053));
#1260 = ( GEOMETRIC_REPRESENTATION_CONTEXT(2) 
PARAMETRIC_REPRESENTATION_CONTEXT() REPRESENTATION_CONTEXT('2D SPACE',''
  ) );
#1261 = ORIENTED_EDGE('',*,*,#1262,.F.);
#1262 = EDGE_CURVE('',#1263,#1162,#1265,.T.);
#1263 = VERTEX_POINT('',#1264);
#1264 = CARTESIAN_POINT('',(-1.063758808563E-08,6.600999999999,-7.));
#1265 = SURFACE_CURVE('',#1266,(#1279,#1393),.PCURVE_S1.);
#1266 = B_SPLINE_CURVE_WITH_KNOTS('',3,(#1267,#1268,#1269,#1270,#1271,
    #1272,#1273,#1274,#1275,#1276,#1277,#1278),.UNSPECIFIED.,.F.,.F.,(4,
    2,2,2,2,4),(0.499999999488,0.625,0.75,0.875,0.9375,1.),
  .UNSPECIFIED.);
#1267 = CARTESIAN_POINT('',(-1.063758808563E-08,6.600999999999,-7.));
#1268 = CARTESIAN_POINT('',(0.866012330126,6.601082980275,-7.));
#1269 = CARTESIAN_POINT('',(1.725970515161,6.429860701291,-7.));
#1270 = CARTESIAN_POINT('',(3.326216158923,5.767196886923,-7.));
#1271 = CARTESIAN_POINT('',(4.055189995473,5.279916377919,-7.));
#1272 = CARTESIAN_POINT('',(5.280033729751,4.055307347306,-7.));
#1273 = CARTESIAN_POINT('',(5.767043559362,3.326152648582,-7.));
#1274 = CARTESIAN_POINT('',(6.26427141148,2.126063681272,-7.));
#1275 = CARTESIAN_POINT('',(6.389606059903,1.712678080973,-7.));
#1276 = CARTESIAN_POINT('',(6.558721211981,0.862904350284,-7.));
#1277 = CARTESIAN_POINT('',(6.601,0.433640611741,-7.));
#1278 = CARTESIAN_POINT('',(6.600999999999,1.784879712748E-15,-7.));
#1279 = PCURVE('',#1081,#1280);
#1280 = DEFINITIONAL_REPRESENTATION('',(#1281),#1392);
#1281 = B_SPLINE_CURVE_WITH_KNOTS('',7,(#1282,#1283,#1284,#1285,#1286,
    #1287,#1288,#1289,#1290,#1291,#1292,#1293,#1294,#1295,#1296,#1297,
    #1298,#1299,#1300,#1301,#1302,#1303,#1304,#1305,#1306,#1307,#1308,
    #1309,#1310,#1311,#1312,#1313,#1314,#1315,#1316,#1317,#1318,#1319,
    #1320,#1321,#1322,#1323,#1324,#1325,#1326,#1327,#1328,#1329,#1330,
    #1331,#1332,#1333,#1334,#1335,#1336,#1337,#1338,#1339,#1340,#1341,
    #1342,#1343,#1344,#1345,#1346,#1347,#1348,#1349,#1350,#1351,#1352,
    #1353,#1354,#1355,#1356,#1357,#1358,#1359,#1360,#1361,#1362,#1363,
    #1364,#1365,#1366,#1367,#1368,#1369,#1370,#1371,#1372,#1373,#1374,
    #1375,#1376,#1377,#1378,#1379,#1380,#1381,#1382,#1383,#1384,#1385,
    #1386,#1387,#1388,#1389,#1390,#1391),.UNSPECIFIED.,.F.,.F.,(8,6,6,6,
    6,6,6,6,6,6,6,6,6,6,6,6,6,6,8),(0.499999999488,0.624999999616,
    0.718749999712,0.73632812473,0.744567870832,0.748558997851,
    0.75052338068,0.81289253551,0.859669401632,0.86844006403,
    0.872551312029,0.874542697779,0.876502968126,0.907377226095,
    0.930532919571,0.934874612098,0.93690978047,0.93888134983,1.),
  .UNSPECIFIED.);
#1282 = CARTESIAN_POINT('',(-1.789939399472E-09,1.570744802044));
#1283 = CARTESIAN_POINT('',(6.245142152749E-02,1.570612722823));
#1284 = CARTESIAN_POINT('',(0.123059752019,1.570948403054));
#1285 = CARTESIAN_POINT('',(0.182152037038,1.571324650296));
#1286 = CARTESIAN_POINT('',(0.239992681772,1.571434384529));
#1287 = CARTESIAN_POINT('',(0.296811159231,1.571219349727));
#1288 = CARTESIAN_POINT('',(0.352821943128,1.570876891674));
#1289 = CARTESIAN_POINT('',(0.449797712697,1.570645735816));
#1290 = CARTESIAN_POINT('',(0.490879022697,1.570809810137));
#1291 = CARTESIAN_POINT('',(0.53157645693,1.571056734632));
#1292 = CARTESIAN_POINT('',(0.571975574985,1.571244357344));
#1293 = CARTESIAN_POINT('',(0.61215588325,1.571299011489));
#1294 = CARTESIAN_POINT('',(0.652194552424,1.571224353355));
#1295 = CARTESIAN_POINT('',(0.699664923897,1.571063255117));
#1296 = CARTESIAN_POINT('',(0.707158009932,1.571035671019));
#1297 = CARTESIAN_POINT('',(0.714649373635,1.571006393703));
#1298 = CARTESIAN_POINT('',(0.722139530808,1.570975952315));
#1299 = CARTESIAN_POINT('',(0.729628999586,1.570944950485));
#1300 = CARTESIAN_POINT('',(0.737118300438,1.570914066317));
#1301 = CARTESIAN_POINT('',(0.748118732561,1.570869986144));
#1302 = CARTESIAN_POINT('',(0.751629586676,1.570856104143));
#1303 = CARTESIAN_POINT('',(0.755140572831,1.570842489724));
#1304 = CARTESIAN_POINT('',(0.758651745345,1.57082922622));
#1305 = CARTESIAN_POINT('',(0.762163158538,1.570816396961));
#1306 = CARTESIAN_POINT('',(0.765674866731,1.570804085278));
#1307 = CARTESIAN_POINT('',(0.770888077212,1.570786703773));
#1308 = CARTESIAN_POINT('',(0.772589312208,1.570781175156));
#1309 = CARTESIAN_POINT('',(0.774290635476,1.570775799126));
#1310 = CARTESIAN_POINT('',(0.775992053263,1.570770586159));
#1311 = CARTESIAN_POINT('',(0.777693571813,1.570765546729));
#1312 = CARTESIAN_POINT('',(0.779395197373,1.570760691311));
#1313 = CARTESIAN_POINT('',(0.781934518052,1.570753729148));
#1314 = CARTESIAN_POINT('',(0.782772105388,1.570751497098));
#1315 = CARTESIAN_POINT('',(0.783609731124,1.570749303175));
#1316 = CARTESIAN_POINT('',(0.784447405136,1.570747139582));
#1317 = CARTESIAN_POINT('',(0.785285114245,1.570745021778));
#1318 = CARTESIAN_POINT('',(0.786122822216,1.570742988481));
#1319 = CARTESIAN_POINT('',(0.813555949699,1.570681002586));
#1320 = CARTESIAN_POINT('',(0.840121362085,1.570735150049));
#1321 = CARTESIAN_POINT('',(0.86668107664,1.570850694976));
#1322 = CARTESIAN_POINT('',(0.89325853465,1.570982388952));
#1323 = CARTESIAN_POINT('',(0.919876685634,1.571096465718));
#1324 = CARTESIAN_POINT('',(0.946558429823,1.571172695727));
#1325 = CARTESIAN_POINT('',(0.993403544136,1.571228543905));
#1326 = CARTESIAN_POINT('',(1.013528898005,1.571227588156));
#1327 = CARTESIAN_POINT('',(1.033712960806,1.571198904172));
#1328 = CARTESIAN_POINT('',(1.053965687592,1.571144224241));
#1329 = CARTESIAN_POINT('',(1.074297272041,1.571069563263));
#1330 = CARTESIAN_POINT('',(1.094718262804,1.570984926741));
#1331 = CARTESIAN_POINT('',(1.119087446224,1.57088885118));
#1332 = CARTESIAN_POINT('',(1.122938742,1.570873804976));
#1333 = CARTESIAN_POINT('',(1.126793641071,1.570858978104));
#1334 = CARTESIAN_POINT('',(1.130652217332,1.570844468501));
#1335 = CARTESIAN_POINT('',(1.134514544678,1.5708303741));
#1336 = CARTESIAN_POINT('',(1.138380697005,1.570816792837));
#1337 = CARTESIAN_POINT('',(1.144064835051,1.570797744972));
#1338 = CARTESIAN_POINT('',(1.145879778797,1.570791802974));
#1339 = CARTESIAN_POINT('',(1.14769558726,1.570786007917));
#1340 = CARTESIAN_POINT('',(1.149512268253,1.570780371067));
#1341 = CARTESIAN_POINT('',(1.151329829589,1.570774903689));
#1342 = CARTESIAN_POINT('',(1.153148279081,1.57076961705));
#1343 = CARTESIAN_POINT('',(1.155848867769,1.570762051448));
#1344 = CARTESIAN_POINT('',(1.156730323469,1.570759628943));
#1345 = CARTESIAN_POINT('',(1.157611991641,1.570757254898));
#1346 = CARTESIAN_POINT('',(1.158493872286,1.570754929312));
#1347 = CARTESIAN_POINT('',(1.159375965404,1.570752652187));
#1348 = CARTESIAN_POINT('',(1.160258270994,1.570750423521));
#1349 = CARTESIAN_POINT('',(1.16200950473,1.570746079066));
#1350 = CARTESIAN_POINT('',(1.162878507058,1.570744075656));
#1351 = CARTESIAN_POINT('',(1.163747625358,1.570741991838));
#1352 = CARTESIAN_POINT('',(1.164616821543,1.570739776366));
#1353 = CARTESIAN_POINT('',(1.165486124942,1.57073747436));
#1354 = CARTESIAN_POINT('',(1.166355567138,1.570735133675));
#1355 = CARTESIAN_POINT('',(1.180920544412,1.570694586688));
#1356 = CARTESIAN_POINT('',(1.194645132862,1.570639884793));
#1357 = CARTESIAN_POINT('',(1.208404426387,1.570586415393));
#1358 = CARTESIAN_POINT('',(1.222204089857,1.570546528589));
#1359 = CARTESIAN_POINT('',(1.236049908772,1.570527114786));
#1360 = CARTESIAN_POINT('',(1.249947789257,1.570529604686));
#1361 = CARTESIAN_POINT('',(1.274370735366,1.570565245622));
#1362 = CARTESIAN_POINT('',(1.284870391636,1.570590588184));
#1363 = CARTESIAN_POINT('',(1.295405270691,1.570624304197));
#1364 = CARTESIAN_POINT('',(1.305977960948,1.570662988955));
#1365 = CARTESIAN_POINT('',(1.316591095435,1.570701525826));
#1366 = CARTESIAN_POINT('',(1.327247351781,1.570733086254));
#1367 = CARTESIAN_POINT('',(1.339956096204,1.570752135937));
#1368 = CARTESIAN_POINT('',(1.341964351823,1.570754600921));
#1369 = CARTESIAN_POINT('',(1.343974237161,1.570756464237));
#1370 = CARTESIAN_POINT('',(1.345985770302,1.570757665408));
#1371 = CARTESIAN_POINT('',(1.347998969325,1.570758143959));
#1372 = CARTESIAN_POINT('',(1.350013852312,1.570757839413));
#1373 = CARTESIAN_POINT('',(1.352975711609,1.570756152009));
#1374 = CARTESIAN_POINT('',(1.353921359879,1.570755426643));
#1375 = CARTESIAN_POINT('',(1.354867384035,1.570754508332));
#1376 = CARTESIAN_POINT('',(1.355813785957,1.570753390211));
#1377 = CARTESIAN_POINT('',(1.356760567526,1.570752065414));
#1378 = CARTESIAN_POINT('',(1.357707730622,1.570750527077));
#1379 = CARTESIAN_POINT('',(1.359573226918,1.570747060363));
#1380 = CARTESIAN_POINT('',(1.36049140257,1.570745183095));
#1381 = CARTESIAN_POINT('',(1.361410463,1.570742950171));
#1382 = CARTESIAN_POINT('',(1.362328960702,1.570740732093));
#1383 = CARTESIAN_POINT('',(1.363248131701,1.570738246258));
#1384 = CARTESIAN_POINT('',(1.364167328536,1.570735644601));
#1385 = CARTESIAN_POINT('',(1.393589373848,1.570647478468));
#1386 = CARTESIAN_POINT('',(1.42229033226,1.570421533105));
#1387 = CARTESIAN_POINT('',(1.451243864073,1.570276290319));
#1388 = CARTESIAN_POINT('',(1.48050764486,1.570313504695));
#1389 = CARTESIAN_POINT('',(1.510143151948,1.570515429312));
#1390 = CARTESIAN_POINT('',(1.540216008363,1.570744797072));
#1391 = CARTESIAN_POINT('',(1.570796326795,1.570744802044));
#1392 = ( GEOMETRIC_REPRESENTATION_CONTEXT(2) 
PARAMETRIC_REPRESENTATION_CONTEXT() REPRESENTATION_CONTEXT('2D SPACE',''
  ) );
#1393 = PCURVE('',#984,#1394);
#1394 = DEFINITIONAL_REPRESENTATION('',(#1395),#1408);
#1395 = B_SPLINE_CURVE_WITH_KNOTS('',3,(#1396,#1397,#1398,#1399,#1400,
    #1401,#1402,#1403,#1404,#1405,#1406,#1407),.UNSPECIFIED.,.F.,.F.,(4,
    2,2,2,2,4),(0.499999999488,0.625,0.75,0.875,0.9375,1.),
  .UNSPECIFIED.);
#1396 = CARTESIAN_POINT('',(5.96960000925,0.229596785055));
#1397 = CARTESIAN_POINT('',(5.21654579989,0.229524628293));
#1398 = CARTESIAN_POINT('',(4.468756073773,0.37841356654));
#1399 = CARTESIAN_POINT('',(3.077238122675,0.954642970338));
#1400 = CARTESIAN_POINT('',(2.443347830023,1.378365152081));
#1401 = CARTESIAN_POINT('',(1.378266321955,2.443242570005));
#1402 = CARTESIAN_POINT('',(0.954779513598,3.077290134113));
#1403 = CARTESIAN_POINT('',(0.522407468279,4.120845757861));
#1404 = CARTESIAN_POINT('',(0.413420817476,4.480311497252));
#1405 = CARTESIAN_POINT('',(0.266364163495,5.219245176111));
#1406 = CARTESIAN_POINT('',(0.2296,5.592517992235));
#1407 = CARTESIAN_POINT('',(0.229600000001,5.969596785054));
#1408 = ( GEOMETRIC_REPRESENTATION_CONTEXT(2) 
PARAMETRIC_REPRESENTATION_CONTEXT() REPRESENTATION_CONTEXT('2D SPACE',''
  ) );
#1409 = ORIENTED_EDGE('',*,*,#1410,.F.);
#1410 = EDGE_CURVE('',#1411,#1263,#1413,.T.);
#1411 = VERTEX_POINT('',#1412);
#1412 = CARTESIAN_POINT('',(-5.582180848077E-33,6.899999999995,-6.74));
#1413 = SURFACE_CURVE('',#1414,(#1418,#1425),.PCURVE_S1.);
#1414 = ( BOUNDED_CURVE() B_SPLINE_CURVE(2,(#1415,#1416,#1417),
.UNSPECIFIED.,.F.,.F.) B_SPLINE_CURVE_WITH_KNOTS((3,3),(1.570796326795,
3.14159265356),.PIECEWISE_BEZIER_KNOTS.) CURVE() 
GEOMETRIC_REPRESENTATION_ITEM() RATIONAL_B_SPLINE_CURVE((1.,
0.707106781197,1.)) REPRESENTATION_ITEM('') );
#1415 = CARTESIAN_POINT('',(-6.347201942373E-33,6.89999999999,-6.74));
#1416 = CARTESIAN_POINT('',(5.967277676941E-19,6.89999999999,
    -6.999999999992));
#1417 = CARTESIAN_POINT('',(5.967277677121E-19,6.600999999999,-7.));
#1418 = PCURVE('',#1081,#1419);
#1419 = DEFINITIONAL_REPRESENTATION('',(#1420),#1424);
#1420 = B_SPLINE_CURVE_WITH_KNOTS('',2,(#1421,#1422,#1423),
  .UNSPECIFIED.,.F.,.F.,(3,3),(1.570796326795,3.14159265356),
  .PIECEWISE_BEZIER_KNOTS.);
#1421 = CARTESIAN_POINT('',(0.,0.));
#1422 = CARTESIAN_POINT('',(-8.437385163948E-18,0.785448119105));
#1423 = CARTESIAN_POINT('',(8.6146801369E-17,1.570744802044));
#1424 = ( GEOMETRIC_REPRESENTATION_CONTEXT(2) 
PARAMETRIC_REPRESENTATION_CONTEXT() REPRESENTATION_CONTEXT('2D SPACE',''
  ) );
#1425 = PCURVE('',#1138,#1426);
#1426 = DEFINITIONAL_REPRESENTATION('',(#1427),#1431);
#1427 = B_SPLINE_CURVE_WITH_KNOTS('',2,(#1428,#1429,#1430),
  .UNSPECIFIED.,.F.,.F.,(3,3),(1.570796326795,3.14159265356),
  .PIECEWISE_BEZIER_KNOTS.);
#1428 = CARTESIAN_POINT('',(6.28318530718,-2.991224738696E-14));
#1429 = CARTESIAN_POINT('',(6.28318530718,0.785448119105));
#1430 = CARTESIAN_POINT('',(6.28318530718,1.570744802045));
#1431 = ( GEOMETRIC_REPRESENTATION_CONTEXT(2) 
PARAMETRIC_REPRESENTATION_CONTEXT() REPRESENTATION_CONTEXT('2D SPACE',''
  ) );
#1432 = ORIENTED_EDGE('',*,*,#1433,.T.);
#1433 = EDGE_CURVE('',#1411,#1071,#1434,.T.);
#1434 = SURFACE_CURVE('',#1435,(#1439,#1446),.PCURVE_S1.);
#1435 = ( BOUNDED_CURVE() B_SPLINE_CURVE(2,(#1436,#1437,#1438),
.UNSPECIFIED.,.F.,.F.) B_SPLINE_CURVE_WITH_KNOTS((3,3),(4.712388980385,
6.28318530718),.PIECEWISE_BEZIER_KNOTS.) CURVE() 
GEOMETRIC_REPRESENTATION_ITEM() RATIONAL_B_SPLINE_CURVE((1.,
0.707106781187,1.)) REPRESENTATION_ITEM('') );
#1436 = CARTESIAN_POINT('',(-1.267509437118E-15,6.9,-6.74));
#1437 = CARTESIAN_POINT('',(6.9,6.9,-6.74));
#1438 = CARTESIAN_POINT('',(6.9,1.690012582823E-15,-6.74));
#1439 = PCURVE('',#1081,#1440);
#1440 = DEFINITIONAL_REPRESENTATION('',(#1441),#1445);
#1441 = B_SPLINE_CURVE_WITH_KNOTS('',2,(#1442,#1443,#1444),
  .UNSPECIFIED.,.F.,.F.,(3,3),(4.712388980385,6.28318530718),
  .PIECEWISE_BEZIER_KNOTS.);
#1442 = CARTESIAN_POINT('',(-2.040360888452E-16,-1.13836262235E-14));
#1443 = CARTESIAN_POINT('',(0.785398163397,-3.675497617253E-15));
#1444 = CARTESIAN_POINT('',(1.570796326795,-3.794542074564E-15));
#1445 = ( GEOMETRIC_REPRESENTATION_CONTEXT(2) 
PARAMETRIC_REPRESENTATION_CONTEXT() REPRESENTATION_CONTEXT('2D SPACE',''
  ) );
#1446 = PCURVE('',#1447,#1458);
#1447 = ( BOUNDED_SURFACE() B_SPLINE_SURFACE(2,1,(
    (#1448,#1449)
    ,(#1450,#1451)
    ,(#1452,#1453)
    ,(#1454,#1455)
    ,(#1456,#1457
)),.UNSPECIFIED.,.F.,.F.,.F.) B_SPLINE_SURFACE_WITH_KNOTS((3,2,3),(2,2),
  (0.,1.570796326795,3.14159265359),(0.,7.24),.PIECEWISE_BEZIER_KNOTS.) 
GEOMETRIC_REPRESENTATION_ITEM() RATIONAL_B_SPLINE_SURFACE((
    (1.,1.)
    ,(0.707106781187,0.707106781187)
    ,(1.,1.)
    ,(0.707106781187,0.707106781187)
,(1.,1.))) REPRESENTATION_ITEM('') SURFACE() );
#1448 = CARTESIAN_POINT('',(-6.9,0.,0.5));
#1449 = CARTESIAN_POINT('',(-6.9,0.,-6.74));
#1450 = CARTESIAN_POINT('',(-6.9,6.9,0.5));
#1451 = CARTESIAN_POINT('',(-6.9,6.9,-6.74));
#1452 = CARTESIAN_POINT('',(5.705927950225E-15,6.9,0.5));
#1453 = CARTESIAN_POINT('',(5.705927950225E-15,6.9,-6.74));
#1454 = CARTESIAN_POINT('',(6.9,6.9,0.5));
#1455 = CARTESIAN_POINT('',(6.9,6.9,-6.74));
#1456 = CARTESIAN_POINT('',(6.9,-1.141185590045E-14,0.5));
#1457 = CARTESIAN_POINT('',(6.9,-1.141185590045E-14,-6.74));
#1458 = DEFINITIONAL_REPRESENTATION('',(#1459),#1463);
#1459 = B_SPLINE_CURVE_WITH_KNOTS('',2,(#1460,#1461,#1462),
  .UNSPECIFIED.,.F.,.F.,(3,3),(4.712388980385,6.28318530718),
  .PIECEWISE_BEZIER_KNOTS.);
#1460 = CARTESIAN_POINT('',(1.570796326795,7.24));
#1461 = CARTESIAN_POINT('',(2.356194490192,7.24));
#1462 = CARTESIAN_POINT('',(3.14159265359,7.24));
#1463 = ( GEOMETRIC_REPRESENTATION_CONTEXT(2) 
PARAMETRIC_REPRESENTATION_CONTEXT() REPRESENTATION_CONTEXT('2D SPACE',''
  ) );
#1464 = ADVANCED_FACE('',(#1465),#1481,.T.);
#1465 = FACE_BOUND('',#1466,.T.);
#1466 = EDGE_LOOP('',(#1467,#1514,#1547,#1593));
#1467 = ORIENTED_EDGE('',*,*,#1468,.T.);
#1468 = EDGE_CURVE('',#1469,#1471,#1473,.T.);
#1469 = VERTEX_POINT('',#1470);
#1470 = CARTESIAN_POINT('',(1.23625,6.555,-1.104));
#1471 = VERTEX_POINT('',#1472);
#1472 = CARTESIAN_POINT('',(1.23625,6.555,-2.254));
#1473 = SURFACE_CURVE('',#1474,(#1480,#1500),.PCURVE_S1.);
#1474 = ( BOUNDED_CURVE() B_SPLINE_CURVE(2,(#1475,#1476,#1477,#1478,
#1479),.UNSPECIFIED.,.F.,.F.) B_SPLINE_CURVE_WITH_KNOTS((3,2,3),(0.,
1.570796326795,3.14159265359),.PIECEWISE_BEZIER_KNOTS.) CURVE() 
GEOMETRIC_REPRESENTATION_ITEM() RATIONAL_B_SPLINE_CURVE((1.,
0.707106781187,1.,0.707106781187,1.)) REPRESENTATION_ITEM('') );
#1475 = CARTESIAN_POINT('',(1.23625,6.555,-1.104));
#1476 = CARTESIAN_POINT('',(1.8975,6.555,-1.104));
#1477 = CARTESIAN_POINT('',(1.8975,6.555,-1.679));
#1478 = CARTESIAN_POINT('',(1.8975,6.555,-2.254));
#1479 = CARTESIAN_POINT('',(1.23625,6.555,-2.254));
#1480 = PCURVE('',#1481,#1492);
#1481 = ( BOUNDED_SURFACE() B_SPLINE_SURFACE(2,1,(
    (#1482,#1483)
    ,(#1484,#1485)
    ,(#1486,#1487)
    ,(#1488,#1489)
    ,(#1490,#1491
)),.UNSPECIFIED.,.F.,.F.,.F.) B_SPLINE_SURFACE_WITH_KNOTS((3,2,3),(2,2),
  (0.,1.570796326795,3.14159265359),(0.,0.202912416765),
.PIECEWISE_BEZIER_KNOTS.) GEOMETRIC_REPRESENTATION_ITEM() 
RATIONAL_B_SPLINE_SURFACE((
    (1.,1.)
    ,(0.707106781187,0.707106781187)
    ,(1.,1.)
    ,(0.707106781187,0.707106781187)
,(1.,1.))) REPRESENTATION_ITEM('') SURFACE() );
#1482 = CARTESIAN_POINT('',(1.23625,6.555,-1.104));
#1483 = CARTESIAN_POINT('',(1.23625,6.78834927928,-1.104));
#1484 = CARTESIAN_POINT('',(1.8975,6.555,-1.104));
#1485 = CARTESIAN_POINT('',(1.8975,6.78834927928,-1.104));
#1486 = CARTESIAN_POINT('',(1.8975,6.555,-1.679));
#1487 = CARTESIAN_POINT('',(1.8975,6.78834927928,-1.679));
#1488 = CARTESIAN_POINT('',(1.8975,6.555,-2.254));
#1489 = CARTESIAN_POINT('',(1.8975,6.78834927928,-2.254));
#1490 = CARTESIAN_POINT('',(1.23625,6.555,-2.254));
#1491 = CARTESIAN_POINT('',(1.23625,6.78834927928,-2.254));
#1492 = DEFINITIONAL_REPRESENTATION('',(#1493),#1499);
#1493 = B_SPLINE_CURVE_WITH_KNOTS('',2,(#1494,#1495,#1496,#1497,#1498),
  .UNSPECIFIED.,.F.,.F.,(3,2,3),(0.,1.570796326795,3.14159265359),
  .PIECEWISE_BEZIER_KNOTS.);
#1494 = CARTESIAN_POINT('',(0.,0.));
#1495 = CARTESIAN_POINT('',(0.785398163397,0.));
#1496 = CARTESIAN_POINT('',(1.570796326795,0.));
#1497 = CARTESIAN_POINT('',(2.356194490192,8.620555250031E-16));
#1498 = CARTESIAN_POINT('',(3.14159265359,-8.881784197001E-16));
#1499 = ( GEOMETRIC_REPRESENTATION_CONTEXT(2) 
PARAMETRIC_REPRESENTATION_CONTEXT() REPRESENTATION_CONTEXT('2D SPACE',''
  ) );
#1500 = PCURVE('',#1501,#1506);
#1501 = B_SPLINE_SURFACE_WITH_KNOTS('',1,1,(
    (#1502,#1503)
    ,(#1504,#1505
    )),.UNSPECIFIED.,.F.,.F.,.F.,(2,2),(2,2),(2.7E-02,1.377),(
    2.8376963556E-02,1.378376963556),.PIECEWISE_BEZIER_KNOTS.);
#1502 = CARTESIAN_POINT('',(2.0125,6.555,-2.354));
#1503 = CARTESIAN_POINT('',(2.0125,6.555,-1.004));
#1504 = CARTESIAN_POINT('',(0.46,6.555,-2.354));
#1505 = CARTESIAN_POINT('',(0.46,6.555,-1.004));
#1506 = DEFINITIONAL_REPRESENTATION('',(#1507),#1513);
#1507 = ( BOUNDED_CURVE() B_SPLINE_CURVE(2,(#1508,#1509,#1510,#1511,
#1512),.UNSPECIFIED.,.F.,.F.) B_SPLINE_CURVE_WITH_KNOTS((3,2,3),(0.,
1.570796326795,3.14159265359),.PIECEWISE_BEZIER_KNOTS.) CURVE() 
GEOMETRIC_REPRESENTATION_ITEM() RATIONAL_B_SPLINE_CURVE((1.,
0.707106781187,1.,0.707106781187,1.)) REPRESENTATION_ITEM('') );
#1508 = CARTESIAN_POINT('',(0.702,1.278376963556));
#1509 = CARTESIAN_POINT('',(0.127,1.278376963556));
#1510 = CARTESIAN_POINT('',(0.127,0.703376963556));
#1511 = CARTESIAN_POINT('',(0.127,0.128376963556));
#1512 = CARTESIAN_POINT('',(0.702,0.128376963556));
#1513 = ( GEOMETRIC_REPRESENTATION_CONTEXT(2) 
PARAMETRIC_REPRESENTATION_CONTEXT() REPRESENTATION_CONTEXT('2D SPACE',''
  ) );
#1514 = ORIENTED_EDGE('',*,*,#1515,.T.);
#1515 = EDGE_CURVE('',#1471,#1516,#1518,.T.);
#1516 = VERTEX_POINT('',#1517);
#1517 = CARTESIAN_POINT('',(1.23625,6.78834927928,-2.254));
#1518 = SURFACE_CURVE('',#1519,(#1522,#1529),.PCURVE_S1.);
#1519 = B_SPLINE_CURVE_WITH_KNOTS('',1,(#1520,#1521),.UNSPECIFIED.,.F.,
  .F.,(2,2),(0.,0.202912416765),.PIECEWISE_BEZIER_KNOTS.);
#1520 = CARTESIAN_POINT('',(1.23625,6.555,-2.254));
#1521 = CARTESIAN_POINT('',(1.23625,6.78834927928,-2.254));
#1522 = PCURVE('',#1481,#1523);
#1523 = DEFINITIONAL_REPRESENTATION('',(#1524),#1528);
#1524 = B_SPLINE_CURVE_WITH_KNOTS('',2,(#1525,#1526,#1527),
  .UNSPECIFIED.,.F.,.F.,(3,3),(0.,0.202912416765),
  .PIECEWISE_BEZIER_KNOTS.);
#1525 = CARTESIAN_POINT('',(3.14159265359,-8.881784197001E-16));
#1526 = CARTESIAN_POINT('',(3.14159265359,0.101456208383));
#1527 = CARTESIAN_POINT('',(3.14159265359,0.202912416765));
#1528 = ( GEOMETRIC_REPRESENTATION_CONTEXT(2) 
PARAMETRIC_REPRESENTATION_CONTEXT() REPRESENTATION_CONTEXT('2D SPACE',''
  ) );
#1529 = PCURVE('',#1530,#1541);
#1530 = ( BOUNDED_SURFACE() B_SPLINE_SURFACE(2,1,(
    (#1531,#1532)
    ,(#1533,#1534)
    ,(#1535,#1536)
    ,(#1537,#1538)
    ,(#1539,#1540
)),.UNSPECIFIED.,.F.,.F.,.F.) B_SPLINE_SURFACE_WITH_KNOTS((3,2,3),(2,2),
  (3.14159265359,4.712388980385,6.28318530718),(0.,0.279281215522),
.PIECEWISE_BEZIER_KNOTS.) GEOMETRIC_REPRESENTATION_ITEM() 
RATIONAL_B_SPLINE_SURFACE((
    (1.,1.)
    ,(0.707106781187,0.707106781187)
    ,(1.,1.)
    ,(0.707106781187,0.707106781187)
,(1.,1.))) REPRESENTATION_ITEM('') SURFACE() );
#1531 = CARTESIAN_POINT('',(1.23625,6.555,-2.254));
#1532 = CARTESIAN_POINT('',(1.23625,6.876173397851,-2.254));
#1533 = CARTESIAN_POINT('',(0.575,6.555,-2.254));
#1534 = CARTESIAN_POINT('',(0.575,6.876173397851,-2.254));
#1535 = CARTESIAN_POINT('',(0.575,6.555,-1.679));
#1536 = CARTESIAN_POINT('',(0.575,6.876173397851,-1.679));
#1537 = CARTESIAN_POINT('',(0.575,6.555,-1.104));
#1538 = CARTESIAN_POINT('',(0.575,6.876173397851,-1.104));
#1539 = CARTESIAN_POINT('',(1.23625,6.555,-1.104));
#1540 = CARTESIAN_POINT('',(1.23625,6.876173397851,-1.104));
#1541 = DEFINITIONAL_REPRESENTATION('',(#1542),#1546);
#1542 = B_SPLINE_CURVE_WITH_KNOTS('',2,(#1543,#1544,#1545),
  .UNSPECIFIED.,.F.,.F.,(3,3),(0.,0.202912416765),
  .PIECEWISE_BEZIER_KNOTS.);
#1543 = CARTESIAN_POINT('',(3.14159265359,-8.881784197001E-16));
#1544 = CARTESIAN_POINT('',(3.14159265359,0.101456208383));
#1545 = CARTESIAN_POINT('',(3.14159265359,0.202912416765));
#1546 = ( GEOMETRIC_REPRESENTATION_CONTEXT(2) 
PARAMETRIC_REPRESENTATION_CONTEXT() REPRESENTATION_CONTEXT('2D SPACE',''
  ) );
#1547 = ORIENTED_EDGE('',*,*,#1548,.F.);
#1548 = EDGE_CURVE('',#1549,#1516,#1551,.T.);
#1549 = VERTEX_POINT('',#1550);
#1550 = CARTESIAN_POINT('',(1.23625,6.78834927928,-1.103999999999));
#1551 = SURFACE_CURVE('',#1552,(#1563,#1574),.PCURVE_S1.);
#1552 = B_SPLINE_CURVE_WITH_KNOTS('',3,(#1553,#1554,#1555,#1556,#1557,
    #1558,#1559,#1560,#1561,#1562),.UNSPECIFIED.,.F.,.F.,(4,2,2,2,4),(
    2.740275063189E-03,3.199312389998E-03,3.658349716806E-03,
    4.117387043614E-03,4.576424370422E-03),.UNSPECIFIED.);
#1553 = CARTESIAN_POINT('',(1.23625,6.78834927928,-1.103999999999));
#1554 = CARTESIAN_POINT('',(1.408280827185,6.757020144411,-1.104));
#1555 = CARTESIAN_POINT('',(1.579033155122,6.718076603725,
    -1.165080678533));
#1556 = CARTESIAN_POINT('',(1.823430114399,6.655899757087,-1.37526230298
    ));
#1557 = CARTESIAN_POINT('',(1.897425294549,6.633986528298,
    -1.524808981724));
#1558 = CARTESIAN_POINT('',(1.897574587896,6.633943826217,
    -1.832706137753));
#1559 = CARTESIAN_POINT('',(1.82362772222,6.655844606712,-1.982455601207
    ));
#1560 = CARTESIAN_POINT('',(1.579336570374,6.718004279205,
    -2.192770307226));
#1561 = CARTESIAN_POINT('',(1.410045676723,6.756698741497,-2.254));
#1562 = CARTESIAN_POINT('',(1.23625,6.78834927928,-2.254));
#1563 = PCURVE('',#1481,#1564);
#1564 = DEFINITIONAL_REPRESENTATION('',(#1565),#1573);
#1565 = B_SPLINE_CURVE_WITH_KNOTS('',3,(#1566,#1567,#1568,#1569,#1570,
    #1571,#1572),.UNSPECIFIED.,.F.,.F.,(4,3,4),(2.740275063189E-03,
    3.658349716806E-03,4.576424370422E-03),.PIECEWISE_BEZIER_KNOTS.);
#1566 = CARTESIAN_POINT('',(-9.393368821474E-14,0.202912416765));
#1567 = CARTESIAN_POINT('',(0.577142756216,0.148102980564));
#1568 = CARTESIAN_POINT('',(0.979419052036,6.780514217643E-02));
#1569 = CARTESIAN_POINT('',(1.570328047448,6.866537152791E-02));
#1570 = CARTESIAN_POINT('',(2.162890194855,6.786356615057E-02));
#1571 = CARTESIAN_POINT('',(2.561575314356,0.147782842302));
#1572 = CARTESIAN_POINT('',(3.14159265359,0.202912416765));
#1573 = ( GEOMETRIC_REPRESENTATION_CONTEXT(2) 
PARAMETRIC_REPRESENTATION_CONTEXT() REPRESENTATION_CONTEXT('2D SPACE',''
  ) );
#1574 = PCURVE('',#1575,#1582);
#1575 = ( BOUNDED_SURFACE() B_SPLINE_SURFACE(2,1,(
    (#1576,#1577)
    ,(#1578,#1579)
    ,(#1580,#1581
)),.UNSPECIFIED.,.F.,.F.,.F.) B_SPLINE_SURFACE_WITH_KNOTS((3,3),(2,2),(
    1.653882125011,1.849755611222),(7.296582005835E-03,1.157296582007),
.PIECEWISE_BEZIER_KNOTS.) GEOMETRIC_REPRESENTATION_ITEM() 
RATIONAL_B_SPLINE_SURFACE((
    (1.,1.)
    ,(0.995208029237,0.995208029237)
,(1.,1.))) REPRESENTATION_ITEM('') SURFACE() );
#1576 = CARTESIAN_POINT('',(0.572632638993,6.876197485585,
    -1.103999999999));
#1577 = CARTESIAN_POINT('',(0.572632638993,6.876197485585,-2.254));
#1578 = CARTESIAN_POINT('',(1.248226417842,6.819935714558,
    -1.103999999999));
#1579 = CARTESIAN_POINT('',(1.248226417842,6.819935714558,-2.254));
#1580 = CARTESIAN_POINT('',(1.899951664698,6.63326342548,-1.103999999999
    ));
#1581 = CARTESIAN_POINT('',(1.899951664698,6.63326342548,-2.254));
#1582 = DEFINITIONAL_REPRESENTATION('',(#1583),#1592);
#1583 = B_SPLINE_CURVE_WITH_KNOTS('',7,(#1584,#1585,#1586,#1587,#1588,
    #1589,#1590,#1591),.UNSPECIFIED.,.F.,.F.,(8,8),(2.740275063189E-03,
    4.576424370422E-03),.PIECEWISE_BEZIER_KNOTS.);
#1584 = CARTESIAN_POINT('',(1.75093637909,7.296582005835E-03));
#1585 = CARTESIAN_POINT('',(1.794519856755,6.856543431809E-03));
#1586 = CARTESIAN_POINT('',(1.836925429701,0.151443994837));
#1587 = CARTESIAN_POINT('',(1.870128707611,0.371435639796));
#1588 = CARTESIAN_POINT('',(1.871061644135,0.792377972411));
#1589 = CARTESIAN_POINT('',(1.836193755475,1.01307511268));
#1590 = CARTESIAN_POINT('',(1.795033274995,1.157673734146));
#1591 = CARTESIAN_POINT('',(1.75093637909,1.157296582007));
#1592 = ( GEOMETRIC_REPRESENTATION_CONTEXT(2) 
PARAMETRIC_REPRESENTATION_CONTEXT() REPRESENTATION_CONTEXT('2D SPACE',''
  ) );
#1593 = ORIENTED_EDGE('',*,*,#1594,.F.);
#1594 = EDGE_CURVE('',#1469,#1549,#1595,.T.);
#1595 = SURFACE_CURVE('',#1596,(#1599,#1606),.PCURVE_S1.);
#1596 = B_SPLINE_CURVE_WITH_KNOTS('',1,(#1597,#1598),.UNSPECIFIED.,.F.,
  .F.,(2,2),(0.,0.202912416765),.PIECEWISE_BEZIER_KNOTS.);
#1597 = CARTESIAN_POINT('',(1.23625,6.555,-1.104));
#1598 = CARTESIAN_POINT('',(1.23625,6.78834927928,-1.104));
#1599 = PCURVE('',#1481,#1600);
#1600 = DEFINITIONAL_REPRESENTATION('',(#1601),#1605);
#1601 = B_SPLINE_CURVE_WITH_KNOTS('',2,(#1602,#1603,#1604),
  .UNSPECIFIED.,.F.,.F.,(3,3),(0.,0.202912416765),
  .PIECEWISE_BEZIER_KNOTS.);
#1602 = CARTESIAN_POINT('',(0.,0.));
#1603 = CARTESIAN_POINT('',(3.693654611346E-45,0.101456208383));
#1604 = CARTESIAN_POINT('',(0.,0.202912416765));
#1605 = ( GEOMETRIC_REPRESENTATION_CONTEXT(2) 
PARAMETRIC_REPRESENTATION_CONTEXT() REPRESENTATION_CONTEXT('2D SPACE',''
  ) );
#1606 = PCURVE('',#1530,#1607);
#1607 = DEFINITIONAL_REPRESENTATION('',(#1608),#1612);
#1608 = B_SPLINE_CURVE_WITH_KNOTS('',2,(#1609,#1610,#1611),
  .UNSPECIFIED.,.F.,.F.,(3,3),(0.,0.202912416765),
  .PIECEWISE_BEZIER_KNOTS.);
#1609 = CARTESIAN_POINT('',(6.28318530718,-8.881784197001E-16));
#1610 = CARTESIAN_POINT('',(6.28318530718,0.101456208383));
#1611 = CARTESIAN_POINT('',(6.28318530718,0.202912416765));
#1612 = ( GEOMETRIC_REPRESENTATION_CONTEXT(2) 
PARAMETRIC_REPRESENTATION_CONTEXT() REPRESENTATION_CONTEXT('2D SPACE',''
  ) );
#1613 = ADVANCED_FACE('',(#1614,#1720),#1447,.T.);
#1614 = FACE_BOUND('',#1615,.T.);
#1615 = EDGE_LOOP('',(#1616,#1670));
#1616 = ORIENTED_EDGE('',*,*,#1617,.T.);
#1617 = EDGE_CURVE('',#1618,#1620,#1622,.T.);
#1618 = VERTEX_POINT('',#1619);
#1619 = CARTESIAN_POINT('',(1.23625,6.78834927928,-1.004));
#1620 = VERTEX_POINT('',#1621);
#1621 = CARTESIAN_POINT('',(1.23625,6.78834927928,-2.354000000001));
#1622 = SURFACE_CURVE('',#1623,(#1638,#1648),.PCURVE_S1.);
#1623 = B_SPLINE_CURVE_WITH_KNOTS('',3,(#1624,#1625,#1626,#1627,#1628,
    #1629,#1630,#1631,#1632,#1633,#1634,#1635,#1636,#1637),
  .UNSPECIFIED.,.F.,.F.,(4,2,2,2,2,2,4),(1.078499905107E-03,
    1.612963492814E-03,2.147427080521E-03,2.414658874375E-03,
    2.681890668228E-03,2.949122462082E-03,3.216354255935E-03),
  .UNSPECIFIED.);
#1624 = CARTESIAN_POINT('',(1.23625,6.78834927928,-1.004));
#1625 = CARTESIAN_POINT('',(1.03393596686,6.825193394569,-1.004));
#1626 = CARTESIAN_POINT('',(0.832844254705,6.851081481608,
    -1.075868602137));
#1627 = CARTESIAN_POINT('',(0.544828589102,6.879978839264,
    -1.324973606152));
#1628 = CARTESIAN_POINT('',(0.460025402989,6.884647894355,
    -1.502011630359));
#1629 = CARTESIAN_POINT('',(0.459987307579,6.884650439712,
    -1.767367786682));
#1630 = CARTESIAN_POINT('',(0.480311051106,6.883374862603,
    -1.856260332616));
#1631 = CARTESIAN_POINT('',(0.558782122345,6.877449435995,
    -2.020281405985));
#1632 = CARTESIAN_POINT('',(0.616184765415,6.872821916368,-2.09479423296
    ));
#1633 = CARTESIAN_POINT('',(0.761941511035,6.858192902871,
    -2.220755571557));
#1634 = CARTESIAN_POINT('',(0.84760326782,6.848397270555,-2.269928080528
    ));
#1635 = CARTESIAN_POINT('',(1.035319660288,6.822542757359,
    -2.336936848745));
#1636 = CARTESIAN_POINT('',(1.136076285752,6.806592264304,-2.354));
#1637 = CARTESIAN_POINT('',(1.23625,6.78834927928,-2.354000000001));
#1638 = PCURVE('',#1447,#1639);
#1639 = DEFINITIONAL_REPRESENTATION('',(#1640),#1647);
#1640 = B_SPLINE_CURVE_WITH_KNOTS('',5,(#1641,#1642,#1643,#1644,#1645,
    #1646),.UNSPECIFIED.,.F.,.F.,(6,6),(1.078499905107E-03,
    3.216354255935E-03),.PIECEWISE_BEZIER_KNOTS.);
#1641 = CARTESIAN_POINT('',(1.764188977312,1.504));
#1642 = CARTESIAN_POINT('',(1.690913917848,1.506659788068));
#1643 = CARTESIAN_POINT('',(1.609419676855,1.822867816761));
#1644 = CARTESIAN_POINT('',(1.607652441634,2.533932342126));
#1645 = CARTESIAN_POINT('',(1.691704104794,2.853632596556));
#1646 = CARTESIAN_POINT('',(1.764188977312,2.854000000001));
#1647 = ( GEOMETRIC_REPRESENTATION_CONTEXT(2) 
PARAMETRIC_REPRESENTATION_CONTEXT() REPRESENTATION_CONTEXT('2D SPACE',''
  ) );
#1648 = PCURVE('',#1649,#1660);
#1649 = ( BOUNDED_SURFACE() B_SPLINE_SURFACE(2,1,(
    (#1650,#1651)
    ,(#1652,#1653)
    ,(#1654,#1655)
    ,(#1656,#1657)
    ,(#1658,#1659
)),.UNSPECIFIED.,.F.,.F.,.F.) B_SPLINE_SURFACE_WITH_KNOTS((3,2,3),(2,2),
  (3.14159265359,4.712388980385,6.28318530718),(-8.881784197001E-16,
    0.286686935752),.PIECEWISE_BEZIER_KNOTS.) 
GEOMETRIC_REPRESENTATION_ITEM() RATIONAL_B_SPLINE_SURFACE((
    (1.,1.)
    ,(0.707106781187,0.707106781187)
    ,(1.,1.)
    ,(0.707106781187,0.707106781187)
,(1.,1.))) REPRESENTATION_ITEM('') SURFACE() );
#1650 = CARTESIAN_POINT('',(1.23625,6.555,-2.354));
#1651 = CARTESIAN_POINT('',(1.23625,6.884689976114,-2.354));
#1652 = CARTESIAN_POINT('',(0.46,6.555,-2.354));
#1653 = CARTESIAN_POINT('',(0.46,6.884689976114,-2.354));
#1654 = CARTESIAN_POINT('',(0.46,6.555,-1.679));
#1655 = CARTESIAN_POINT('',(0.46,6.884689976114,-1.679));
#1656 = CARTESIAN_POINT('',(0.46,6.555,-1.004));
#1657 = CARTESIAN_POINT('',(0.46,6.884689976114,-1.004));
#1658 = CARTESIAN_POINT('',(1.23625,6.555,-1.004));
#1659 = CARTESIAN_POINT('',(1.23625,6.884689976114,-1.004));
#1660 = DEFINITIONAL_REPRESENTATION('',(#1661),#1669);
#1661 = B_SPLINE_CURVE_WITH_KNOTS('',3,(#1662,#1663,#1664,#1665,#1666,
    #1667,#1668),.UNSPECIFIED.,.F.,.F.,(4,3,4),(1.078499905107E-03,
    2.147427080521E-03,3.216354255935E-03),.PIECEWISE_BEZIER_KNOTS.);
#1662 = CARTESIAN_POINT('',(6.28318530718,0.202912416765));
#1663 = CARTESIAN_POINT('',(5.707312408081,0.268590907105));
#1664 = CARTESIAN_POINT('',(5.29420053519,0.287529705766));
#1665 = CARTESIAN_POINT('',(4.712527636693,0.286651818487));
#1666 = CARTESIAN_POINT('',(4.132026863641,0.287361096449));
#1667 = CARTESIAN_POINT('',(3.713795250736,0.268738283178));
#1668 = CARTESIAN_POINT('',(3.14159265359,0.202912416765));
#1669 = ( GEOMETRIC_REPRESENTATION_CONTEXT(2) 
PARAMETRIC_REPRESENTATION_CONTEXT() REPRESENTATION_CONTEXT('2D SPACE',''
  ) );
#1670 = ORIENTED_EDGE('',*,*,#1671,.T.);
#1671 = EDGE_CURVE('',#1620,#1618,#1672,.T.);
#1672 = SURFACE_CURVE('',#1673,(#1686,#1698),.PCURVE_S1.);
#1673 = B_SPLINE_CURVE_WITH_KNOTS('',3,(#1674,#1675,#1676,#1677,#1678,
    #1679,#1680,#1681,#1682,#1683,#1684,#1685),.UNSPECIFIED.,.F.,.F.,(4,
    2,2,2,2,4),(3.216354255935E-03,3.755630647702E-03,4.025268843586E-03
    ,4.29490703947E-03,4.834183431237E-03,5.373459823005E-03),
  .UNSPECIFIED.);
#1674 = CARTESIAN_POINT('',(1.23625,6.78834927928,-2.354000000001));
#1675 = CARTESIAN_POINT('',(1.438401541889,6.75153475584,-2.354));
#1676 = CARTESIAN_POINT('',(1.638650584122,6.70424101968,-2.282258618387
    ));
#1677 = CARTESIAN_POINT('',(1.853702802472,6.646750466717,
    -2.097366622026));
#1678 = CARTESIAN_POINT('',(1.912192065072,6.629874167794,
    -2.022608874693));
#1679 = CARTESIAN_POINT('',(1.991517795337,6.606479156507,
    -1.858501342213));
#1680 = CARTESIAN_POINT('',(2.012457210817,6.60000121035,-1.769728820879
    ));
#1681 = CARTESIAN_POINT('',(2.012585381938,6.5999621278,-1.498374083563)
  );
#1682 = CARTESIAN_POINT('',(1.925587184815,6.627526447165,
    -1.322571114522));
#1683 = CARTESIAN_POINT('',(1.639053450718,6.704140258071,
    -1.075953177109));
#1684 = CARTESIAN_POINT('',(1.440385855661,6.751173385528,-1.004));
#1685 = CARTESIAN_POINT('',(1.23625,6.78834927928,-1.004));
#1686 = PCURVE('',#1447,#1687);
#1687 = DEFINITIONAL_REPRESENTATION('',(#1688),#1697);
#1688 = B_SPLINE_CURVE_WITH_KNOTS('',7,(#1689,#1690,#1691,#1692,#1693,
    #1694,#1695,#1696),.UNSPECIFIED.,.F.,.F.,(8,8),(3.216354255935E-03,
    5.373459823005E-03),.PIECEWISE_BEZIER_KNOTS.);
#1689 = CARTESIAN_POINT('',(1.764188977312,2.854000000001));
#1690 = CARTESIAN_POINT('',(1.817590616352,2.854500030995));
#1691 = CARTESIAN_POINT('',(1.867859814102,2.684669674854));
#1692 = CARTESIAN_POINT('',(1.908459877319,2.427435200301));
#1693 = CARTESIAN_POINT('',(1.906997148184,1.930976945991));
#1694 = CARTESIAN_POINT('',(1.867986477158,1.673735383965));
#1695 = CARTESIAN_POINT('',(1.818052655743,1.503548471764));
#1696 = CARTESIAN_POINT('',(1.764188977312,1.504));
#1697 = ( GEOMETRIC_REPRESENTATION_CONTEXT(2) 
PARAMETRIC_REPRESENTATION_CONTEXT() REPRESENTATION_CONTEXT('2D SPACE',''
  ) );
#1698 = PCURVE('',#1699,#1710);
#1699 = ( BOUNDED_SURFACE() B_SPLINE_SURFACE(2,1,(
    (#1700,#1701)
    ,(#1702,#1703)
    ,(#1704,#1705)
    ,(#1706,#1707)
    ,(#1708,#1709
)),.UNSPECIFIED.,.F.,.F.,.F.) B_SPLINE_SURFACE_WITH_KNOTS((3,2,3),(2,2),
  (0.,1.570796326795,3.14159265359),(-8.881784197001E-16,0.202912416765)
,.PIECEWISE_BEZIER_KNOTS.) GEOMETRIC_REPRESENTATION_ITEM() 
RATIONAL_B_SPLINE_SURFACE((
    (1.,1.)
    ,(0.707106781187,0.707106781187)
    ,(1.,1.)
    ,(0.707106781187,0.707106781187)
,(1.,1.))) REPRESENTATION_ITEM('') SURFACE() );
#1700 = CARTESIAN_POINT('',(1.23625,6.555,-1.004));
#1701 = CARTESIAN_POINT('',(1.23625,6.78834927928,-1.004));
#1702 = CARTESIAN_POINT('',(2.0125,6.555,-1.004));
#1703 = CARTESIAN_POINT('',(2.0125,6.78834927928,-1.004));
#1704 = CARTESIAN_POINT('',(2.0125,6.555,-1.679));
#1705 = CARTESIAN_POINT('',(2.0125,6.78834927928,-1.679));
#1706 = CARTESIAN_POINT('',(2.0125,6.555,-2.354));
#1707 = CARTESIAN_POINT('',(2.0125,6.78834927928,-2.354));
#1708 = CARTESIAN_POINT('',(1.23625,6.555,-2.354));
#1709 = CARTESIAN_POINT('',(1.23625,6.78834927928,-2.354));
#1710 = DEFINITIONAL_REPRESENTATION('',(#1711),#1719);
#1711 = B_SPLINE_CURVE_WITH_KNOTS('',3,(#1712,#1713,#1714,#1715,#1716,
    #1717,#1718),.UNSPECIFIED.,.F.,.F.,(4,3,4),(3.216354255935E-03,
    4.29490703947E-03,5.373459823005E-03),.PIECEWISE_BEZIER_KNOTS.);
#1712 = CARTESIAN_POINT('',(3.14159265359,0.202912416765));
#1713 = CARTESIAN_POINT('',(2.564579967797,0.138972069035));
#1714 = CARTESIAN_POINT('',(2.161672145128,3.755691783237E-02));
#1715 = CARTESIAN_POINT('',(1.571252493886,3.912015898556E-02));
#1716 = CARTESIAN_POINT('',(0.978013121359,3.825191094144E-02));
#1717 = CARTESIAN_POINT('',(0.580398311225,0.138311564085));
#1718 = CARTESIAN_POINT('',(0.,0.202912416765));
#1719 = ( GEOMETRIC_REPRESENTATION_CONTEXT(2) 
PARAMETRIC_REPRESENTATION_CONTEXT() REPRESENTATION_CONTEXT('2D SPACE',''
  ) );
#1720 = FACE_BOUND('',#1721,.T.);
#1721 = EDGE_LOOP('',(#1722,#1749,#1769,#1770,#1793,#1815,#1845,#1871,
    #1904));
#1722 = ORIENTED_EDGE('',*,*,#1723,.F.);
#1723 = EDGE_CURVE('',#1724,#1726,#1728,.T.);
#1724 = VERTEX_POINT('',#1725);
#1725 = CARTESIAN_POINT('',(6.9,8.450062914117E-16,2.623769257415E-14));
#1726 = VERTEX_POINT('',#1727);
#1727 = CARTESIAN_POINT('',(2.185,6.544904648744,2.623769257415E-14));
#1728 = SURFACE_CURVE('',#1729,(#1733,#1742),.PCURVE_S1.);
#1729 = ( BOUNDED_CURVE() B_SPLINE_CURVE(2,(#1730,#1731,#1732),
.UNSPECIFIED.,.F.,.F.) B_SPLINE_CURVE_WITH_KNOTS((3,3),(3.14159265359,
4.390175754912),.PIECEWISE_BEZIER_KNOTS.) CURVE() 
GEOMETRIC_REPRESENTATION_ITEM() RATIONAL_B_SPLINE_CURVE((1.,
0.811377427735,1.)) REPRESENTATION_ITEM('') );
#1730 = CARTESIAN_POINT('',(6.9,-1.310186848327E-14,2.623769257415E-14)
  );
#1731 = CARTESIAN_POINT('',(6.9,4.970813583483,2.623769257415E-14));
#1732 = CARTESIAN_POINT('',(2.184999957292,6.544904520819,
    2.623769257415E-14));
#1733 = PCURVE('',#1447,#1734);
#1734 = DEFINITIONAL_REPRESENTATION('',(#1735),#1741);
#1735 = B_SPLINE_CURVE_WITH_KNOTS('',4,(#1736,#1737,#1738,#1739,#1740),
  .UNSPECIFIED.,.F.,.F.,(5,5),(3.14159265359,4.390175754912),
  .PIECEWISE_BEZIER_KNOTS.);
#1736 = CARTESIAN_POINT('',(3.14159265359,0.5));
#1737 = CARTESIAN_POINT('',(2.816972136983,0.5));
#1738 = CARTESIAN_POINT('',(2.503927474253,0.5));
#1739 = CARTESIAN_POINT('',(2.201534787553,0.5));
#1740 = CARTESIAN_POINT('',(1.909044595815,0.5));
#1741 = ( GEOMETRIC_REPRESENTATION_CONTEXT(2) 
PARAMETRIC_REPRESENTATION_CONTEXT() REPRESENTATION_CONTEXT('2D SPACE',''
  ) );
#1742 = PCURVE('',#548,#1743);
#1743 = DEFINITIONAL_REPRESENTATION('',(#1744),#1748);
#1744 = ( BOUNDED_CURVE() B_SPLINE_CURVE(2,(#1745,#1746,#1747),
.UNSPECIFIED.,.F.,.F.) B_SPLINE_CURVE_WITH_KNOTS((3,3),(3.14159265359,
4.390175754912),.PIECEWISE_BEZIER_KNOTS.) CURVE() 
GEOMETRIC_REPRESENTATION_ITEM() RATIONAL_B_SPLINE_CURVE((1.,
0.811377427735,1.)) REPRESENTATION_ITEM('') );
#1745 = CARTESIAN_POINT('',(4.182014971647,1.337990056981));
#1746 = CARTESIAN_POINT('',(4.182014971647,5.660436651314));
#1747 = CARTESIAN_POINT('',(8.201493450989E-02,7.029211379432));
#1748 = ( GEOMETRIC_REPRESENTATION_CONTEXT(2) 
PARAMETRIC_REPRESENTATION_CONTEXT() REPRESENTATION_CONTEXT('2D SPACE',''
  ) );
#1749 = ORIENTED_EDGE('',*,*,#1750,.T.);
#1750 = EDGE_CURVE('',#1724,#1071,#1751,.T.);
#1751 = SURFACE_CURVE('',#1752,(#1755,#1762),.PCURVE_S1.);
#1752 = B_SPLINE_CURVE_WITH_KNOTS('',1,(#1753,#1754),.UNSPECIFIED.,.F.,
  .F.,(2,2),(0.5,7.24),.PIECEWISE_BEZIER_KNOTS.);
#1753 = CARTESIAN_POINT('',(6.9,8.450062914117E-16,2.625677453238E-14));
#1754 = CARTESIAN_POINT('',(6.9,8.450062914117E-16,-6.74));
#1755 = PCURVE('',#1447,#1756);
#1756 = DEFINITIONAL_REPRESENTATION('',(#1757),#1761);
#1757 = B_SPLINE_CURVE_WITH_KNOTS('',2,(#1758,#1759,#1760),
  .UNSPECIFIED.,.F.,.F.,(3,3),(0.5,7.24),.PIECEWISE_BEZIER_KNOTS.);
#1758 = CARTESIAN_POINT('',(3.14159265359,0.5));
#1759 = CARTESIAN_POINT('',(3.14159265359,3.87));
#1760 = CARTESIAN_POINT('',(3.14159265359,7.24));
#1761 = ( GEOMETRIC_REPRESENTATION_CONTEXT(2) 
PARAMETRIC_REPRESENTATION_CONTEXT() REPRESENTATION_CONTEXT('2D SPACE',''
  ) );
#1762 = PCURVE('',#1104,#1763);
#1763 = DEFINITIONAL_REPRESENTATION('',(#1764),#1768);
#1764 = B_SPLINE_CURVE_WITH_KNOTS('',2,(#1765,#1766,#1767),
  .UNSPECIFIED.,.F.,.F.,(3,3),(0.5,7.24),.PIECEWISE_BEZIER_KNOTS.);
#1765 = CARTESIAN_POINT('',(3.14159265359,0.5));
#1766 = CARTESIAN_POINT('',(3.14159265359,3.87));
#1767 = CARTESIAN_POINT('',(3.14159265359,7.24));
#1768 = ( GEOMETRIC_REPRESENTATION_CONTEXT(2) 
PARAMETRIC_REPRESENTATION_CONTEXT() REPRESENTATION_CONTEXT('2D SPACE',''
  ) );
#1769 = ORIENTED_EDGE('',*,*,#1433,.F.);
#1770 = ORIENTED_EDGE('',*,*,#1771,.F.);
#1771 = EDGE_CURVE('',#1772,#1411,#1774,.T.);
#1772 = VERTEX_POINT('',#1773);
#1773 = CARTESIAN_POINT('',(-6.9,0.,-6.74));
#1774 = SURFACE_CURVE('',#1775,(#1779,#1786),.PCURVE_S1.);
#1775 = ( BOUNDED_CURVE() B_SPLINE_CURVE(2,(#1776,#1777,#1778),
.UNSPECIFIED.,.F.,.F.) B_SPLINE_CURVE_WITH_KNOTS((3,3),(3.14159265359,
4.712388980385),.PIECEWISE_BEZIER_KNOTS.) CURVE() 
GEOMETRIC_REPRESENTATION_ITEM() RATIONAL_B_SPLINE_CURVE((1.,
0.707106781187,1.)) REPRESENTATION_ITEM('') );
#1776 = CARTESIAN_POINT('',(-6.9,-8.450062914117E-16,-6.74));
#1777 = CARTESIAN_POINT('',(-6.9,6.9,-6.74));
#1778 = CARTESIAN_POINT('',(-1.267509437118E-15,6.9,-6.74));
#1779 = PCURVE('',#1447,#1780);
#1780 = DEFINITIONAL_REPRESENTATION('',(#1781),#1785);
#1781 = B_SPLINE_CURVE_WITH_KNOTS('',2,(#1782,#1783,#1784),
  .UNSPECIFIED.,.F.,.F.,(3,3),(3.14159265359,4.712388980385),
  .PIECEWISE_BEZIER_KNOTS.);
#1782 = CARTESIAN_POINT('',(-1.360240592301E-16,7.24));
#1783 = CARTESIAN_POINT('',(0.785398163397,7.24));
#1784 = CARTESIAN_POINT('',(1.570796326795,7.24));
#1785 = ( GEOMETRIC_REPRESENTATION_CONTEXT(2) 
PARAMETRIC_REPRESENTATION_CONTEXT() REPRESENTATION_CONTEXT('2D SPACE',''
  ) );
#1786 = PCURVE('',#1138,#1787);
#1787 = DEFINITIONAL_REPRESENTATION('',(#1788),#1792);
#1788 = B_SPLINE_CURVE_WITH_KNOTS('',2,(#1789,#1790,#1791),
  .UNSPECIFIED.,.F.,.F.,(3,3),(3.14159265359,4.712388980385),
  .PIECEWISE_BEZIER_KNOTS.);
#1789 = CARTESIAN_POINT('',(4.712388980474,-3.79454207493E-15));
#1790 = CARTESIAN_POINT('',(5.497787143696,2.879387810012E-15));
#1791 = CARTESIAN_POINT('',(6.28318530718,-2.276725244691E-14));
#1792 = ( GEOMETRIC_REPRESENTATION_CONTEXT(2) 
PARAMETRIC_REPRESENTATION_CONTEXT() REPRESENTATION_CONTEXT('2D SPACE',''
  ) );
#1793 = ORIENTED_EDGE('',*,*,#1794,.F.);
#1794 = EDGE_CURVE('',#1795,#1772,#1797,.T.);
#1795 = VERTEX_POINT('',#1796);
#1796 = CARTESIAN_POINT('',(-6.9,0.,2.623769257415E-14));
#1797 = SURFACE_CURVE('',#1798,(#1801,#1808),.PCURVE_S1.);
#1798 = B_SPLINE_CURVE_WITH_KNOTS('',1,(#1799,#1800),.UNSPECIFIED.,.F.,
  .F.,(2,2),(0.5,7.24),.PIECEWISE_BEZIER_KNOTS.);
#1799 = CARTESIAN_POINT('',(-6.9,0.,2.625677453238E-14));
#1800 = CARTESIAN_POINT('',(-6.9,0.,-6.74));
#1801 = PCURVE('',#1447,#1802);
#1802 = DEFINITIONAL_REPRESENTATION('',(#1803),#1807);
#1803 = B_SPLINE_CURVE_WITH_KNOTS('',2,(#1804,#1805,#1806),
  .UNSPECIFIED.,.F.,.F.,(3,3),(0.5,7.24),.PIECEWISE_BEZIER_KNOTS.);
#1804 = CARTESIAN_POINT('',(3.75169853807E-48,0.5));
#1805 = CARTESIAN_POINT('',(-1.171343358942E-48,3.87));
#1806 = CARTESIAN_POINT('',(0.,7.24));
#1807 = ( GEOMETRIC_REPRESENTATION_CONTEXT(2) 
PARAMETRIC_REPRESENTATION_CONTEXT() REPRESENTATION_CONTEXT('2D SPACE',''
  ) );
#1808 = PCURVE('',#1104,#1809);
#1809 = DEFINITIONAL_REPRESENTATION('',(#1810),#1814);
#1810 = B_SPLINE_CURVE_WITH_KNOTS('',2,(#1811,#1812,#1813),
  .UNSPECIFIED.,.F.,.F.,(3,3),(0.5,7.24),.PIECEWISE_BEZIER_KNOTS.);
#1811 = CARTESIAN_POINT('',(6.28318530718,0.5));
#1812 = CARTESIAN_POINT('',(6.28318530718,3.87));
#1813 = CARTESIAN_POINT('',(6.28318530718,7.24));
#1814 = ( GEOMETRIC_REPRESENTATION_CONTEXT(2) 
PARAMETRIC_REPRESENTATION_CONTEXT() REPRESENTATION_CONTEXT('2D SPACE',''
  ) );
#1815 = ORIENTED_EDGE('',*,*,#1816,.F.);
#1816 = EDGE_CURVE('',#1817,#1795,#1819,.T.);
#1817 = VERTEX_POINT('',#1818);
#1818 = CARTESIAN_POINT('',(-2.18500000506,6.544904504871,
    2.623769257415E-14));
#1819 = SURFACE_CURVE('',#1820,(#1824,#1833),.PCURVE_S1.);
#1820 = ( BOUNDED_CURVE() B_SPLINE_CURVE(2,(#1821,#1822,#1823),
.UNSPECIFIED.,.F.,.F.) B_SPLINE_CURVE_WITH_KNOTS((3,3),(5.034602213156,
6.28318530718),.PIECEWISE_BEZIER_KNOTS.) CURVE() 
GEOMETRIC_REPRESENTATION_ITEM() RATIONAL_B_SPLINE_CURVE((1.,
0.811377429869,1.)) REPRESENTATION_ITEM('') );
#1821 = CARTESIAN_POINT('',(-2.18500000506,6.544904504871,
    2.623769257415E-14));
#1822 = CARTESIAN_POINT('',(-6.9,4.970813545235,2.623769257415E-14));
#1823 = CARTESIAN_POINT('',(-6.9,1.690012582823E-15,2.623769257415E-14)
  );
#1824 = PCURVE('',#1447,#1825);
#1825 = DEFINITIONAL_REPRESENTATION('',(#1826),#1832);
#1826 = B_SPLINE_CURVE_WITH_KNOTS('',4,(#1827,#1828,#1829,#1830,#1831),
  .UNSPECIFIED.,.F.,.F.,(5,5),(5.034602213156,6.28318530718),
  .PIECEWISE_BEZIER_KNOTS.);
#1827 = CARTESIAN_POINT('',(1.232548050471,0.5));
#1828 = CARTESIAN_POINT('',(0.940057860717,0.5));
#1829 = CARTESIAN_POINT('',(0.63766517591,0.5));
#1830 = CARTESIAN_POINT('',(0.324620514962,0.5));
#1831 = CARTESIAN_POINT('',(2.720481184601E-16,0.5));
#1832 = ( GEOMETRIC_REPRESENTATION_CONTEXT(2) 
PARAMETRIC_REPRESENTATION_CONTEXT() REPRESENTATION_CONTEXT('2D SPACE',''
  ) );
#1833 = PCURVE('',#1834,#1839);
#1834 = B_SPLINE_SURFACE_WITH_KNOTS('',1,1,(
    (#1835,#1836)
    ,(#1837,#1838
    )),.UNSPECIFIED.,.F.,.F.,.F.,(2,2),(2,2),(8.2000030987E-02,
    4.182000030987),(0.137827668743,7.029211365164),
  .PIECEWISE_BEZIER_KNOTS.);
#1835 = CARTESIAN_POINT('',(-6.9,-1.380186746012,0.));
#1836 = CARTESIAN_POINT('',(-6.9,6.544904504871,0.));
#1837 = CARTESIAN_POINT('',(-2.185,-1.380186746012,0.));
#1838 = CARTESIAN_POINT('',(-2.185,6.544904504871,0.));
#1839 = DEFINITIONAL_REPRESENTATION('',(#1840),#1844);
#1840 = ( BOUNDED_CURVE() B_SPLINE_CURVE(2,(#1841,#1842,#1843),
.UNSPECIFIED.,.F.,.F.) B_SPLINE_CURVE_WITH_KNOTS((3,3),(5.034602213156,
6.28318530718),.PIECEWISE_BEZIER_KNOTS.) CURVE() 
GEOMETRIC_REPRESENTATION_ITEM() RATIONAL_B_SPLINE_CURVE((1.,
0.811377429869,1.)) REPRESENTATION_ITEM('') );
#1841 = CARTESIAN_POINT('',(4.182000026587,7.029211365164));
#1842 = CARTESIAN_POINT('',(8.2000030987E-02,5.660436617654));
#1843 = CARTESIAN_POINT('',(8.2000030987E-02,1.33799005658));
#1844 = ( GEOMETRIC_REPRESENTATION_CONTEXT(2) 
PARAMETRIC_REPRESENTATION_CONTEXT() REPRESENTATION_CONTEXT('2D SPACE',''
  ) );
#1845 = ORIENTED_EDGE('',*,*,#1846,.F.);
#1846 = EDGE_CURVE('',#1847,#1817,#1849,.T.);
#1847 = VERTEX_POINT('',#1848);
#1848 = CARTESIAN_POINT('',(-2.18500000506,6.544904504871,0.5));
#1849 = SURFACE_CURVE('',#1850,(#1853,#1860),.PCURVE_S1.);
#1850 = B_SPLINE_CURVE_WITH_KNOTS('',1,(#1851,#1852),.UNSPECIFIED.,.F.,
  .F.,(2,2),(-3.62,-3.12),.PIECEWISE_BEZIER_KNOTS.);
#1851 = CARTESIAN_POINT('',(-2.185000010121,6.544904503182,0.5));
#1852 = CARTESIAN_POINT('',(-2.185000010121,6.544904503182,
    2.620126338115E-14));
#1853 = PCURVE('',#1447,#1854);
#1854 = DEFINITIONAL_REPRESENTATION('',(#1855),#1859);
#1855 = B_SPLINE_CURVE_WITH_KNOTS('',2,(#1856,#1857,#1858),
  .UNSPECIFIED.,.F.,.F.,(3,3),(-3.62,-3.12),.PIECEWISE_BEZIER_KNOTS.);
#1856 = CARTESIAN_POINT('',(1.232548049697,2.195423632868E-16));
#1857 = CARTESIAN_POINT('',(1.232548049697,0.25));
#1858 = CARTESIAN_POINT('',(1.232548049697,0.5));
#1859 = ( GEOMETRIC_REPRESENTATION_CONTEXT(2) 
PARAMETRIC_REPRESENTATION_CONTEXT() REPRESENTATION_CONTEXT('2D SPACE',''
  ) );
#1860 = PCURVE('',#1861,#1866);
#1861 = B_SPLINE_SURFACE_WITH_KNOTS('',1,1,(
    (#1862,#1863)
    ,(#1864,#1865
    )),.UNSPECIFIED.,.F.,.F.,.F.,(2,2),(2,2),(2.585834344414E-02,
    0.555698486581),(2.58584298707E-02,0.525901370904),
  .PIECEWISE_BEZIER_KNOTS.);
#1862 = CARTESIAN_POINT('',(-2.185,6.544904504871,0.5));
#1863 = CARTESIAN_POINT('',(-2.185,6.544904504871,-4.294103286773E-05));
#1864 = CARTESIAN_POINT('',(-2.185,5.935588340264,0.5));
#1865 = CARTESIAN_POINT('',(-2.185,5.935588340264,-4.294103286773E-05));
#1866 = DEFINITIONAL_REPRESENTATION('',(#1867),#1870);
#1867 = B_SPLINE_CURVE_WITH_KNOTS('',1,(#1868,#1869),.UNSPECIFIED.,.F.,
  .F.,(2,2),(-3.62,-3.12),.PIECEWISE_BEZIER_KNOTS.);
#1868 = CARTESIAN_POINT('',(2.585834491315E-02,2.58584298707E-02));
#1869 = CARTESIAN_POINT('',(2.585834491315E-02,0.525858429871));
#1870 = ( GEOMETRIC_REPRESENTATION_CONTEXT(2) 
PARAMETRIC_REPRESENTATION_CONTEXT() REPRESENTATION_CONTEXT('2D SPACE',''
  ) );
#1871 = ORIENTED_EDGE('',*,*,#1872,.F.);
#1872 = EDGE_CURVE('',#1873,#1847,#1875,.T.);
#1873 = VERTEX_POINT('',#1874);
#1874 = CARTESIAN_POINT('',(2.185,6.544904648744,0.5));
#1875 = SURFACE_CURVE('',#1876,(#1880,#1892),.PCURVE_S1.);
#1876 = ( BOUNDED_CURVE() B_SPLINE_CURVE(2,(#1877,#1878,#1879),
.UNSPECIFIED.,.F.,.F.) B_SPLINE_CURVE_WITH_KNOTS((3,3),(4.390175754912,
5.034602213156),.PIECEWISE_BEZIER_KNOTS.) CURVE() 
GEOMETRIC_REPRESENTATION_ITEM() RATIONAL_B_SPLINE_CURVE((1.,
0.94853688592,1.)) REPRESENTATION_ITEM('') );
#1877 = CARTESIAN_POINT('',(2.184999957292,6.544904520819,0.5));
#1878 = CARTESIAN_POINT('',(-2.65459536022E-08,7.274361284654,0.5));
#1879 = CARTESIAN_POINT('',(-2.18500000506,6.544904504871,0.5));
#1880 = PCURVE('',#1447,#1881);
#1881 = DEFINITIONAL_REPRESENTATION('',(#1882),#1891);
#1882 = B_SPLINE_CURVE_WITH_KNOTS('',4,(#1883,#1884,#1885,#1886,#1887,
    #1888,#1889,#1890),.UNSPECIFIED.,.F.,.F.,(5,3,5),(4.390175754912,
    4.712388984034,5.034602213156),.UNSPECIFIED.);
#1883 = CARTESIAN_POINT('',(1.909044595815,5.554303711465E-16));
#1884 = CARTESIAN_POINT('',(1.829815993254,3.392429760514E-17));
#1885 = CARTESIAN_POINT('',(1.747255363338,1.480537247285E-16));
#1886 = CARTESIAN_POINT('',(1.661050653827,2.356488088271E-15));
#1887 = CARTESIAN_POINT('',(1.480541991929,2.343601898248E-15));
#1888 = CARTESIAN_POINT('',(1.394337282637,-1.194503341099E-15));
#1889 = CARTESIAN_POINT('',(1.311776652895,1.061497196448E-15));
#1890 = CARTESIAN_POINT('',(1.232548050471,7.765221405644E-16));
#1891 = ( GEOMETRIC_REPRESENTATION_CONTEXT(2) 
PARAMETRIC_REPRESENTATION_CONTEXT() REPRESENTATION_CONTEXT('2D SPACE',''
  ) );
#1892 = PCURVE('',#1893,#1898);
#1893 = B_SPLINE_SURFACE_WITH_KNOTS('',1,1,(
    (#1894,#1895)
    ,(#1896,#1897
    )),.UNSPECIFIED.,.F.,.F.,.F.,(2,2),(2,2),(7.599989982411E-02,
    3.87600000053),(2.585839279997E-02,0.864463269646),
  .PIECEWISE_BEZIER_KNOTS.);
#1894 = CARTESIAN_POINT('',(-2.185000115812,5.935604391627,0.5));
#1895 = CARTESIAN_POINT('',(-2.185000115812,6.9,0.5));
#1896 = CARTESIAN_POINT('',(2.185,5.935604391627,0.5));
#1897 = CARTESIAN_POINT('',(2.185,6.9,0.5));
#1898 = DEFINITIONAL_REPRESENTATION('',(#1899),#1903);
#1899 = ( BOUNDED_CURVE() B_SPLINE_CURVE(2,(#1900,#1901,#1902),
.UNSPECIFIED.,.F.,.F.) B_SPLINE_CURVE_WITH_KNOTS((3,3),(4.390175754912,
5.034602213156),.PIECEWISE_BEZIER_KNOTS.) CURVE() 
GEOMETRIC_REPRESENTATION_ITEM() RATIONAL_B_SPLINE_CURVE((1.,
0.94853688592,1.)) REPRESENTATION_ITEM('') );
#1900 = CARTESIAN_POINT('',(3.875999963393,0.555684592097));
#1901 = CARTESIAN_POINT('',(1.975999977447,1.189994821519));
#1902 = CARTESIAN_POINT('',(7.599999612975E-02,0.55568457823));
#1903 = ( GEOMETRIC_REPRESENTATION_CONTEXT(2) 
PARAMETRIC_REPRESENTATION_CONTEXT() REPRESENTATION_CONTEXT('2D SPACE',''
  ) );
#1904 = ORIENTED_EDGE('',*,*,#1905,.F.);
#1905 = EDGE_CURVE('',#1726,#1873,#1906,.T.);
#1906 = SURFACE_CURVE('',#1907,(#1910,#1917),.PCURVE_S1.);
#1907 = B_SPLINE_CURVE_WITH_KNOTS('',1,(#1908,#1909),.UNSPECIFIED.,.F.,
  .F.,(2,2),(2.588718259918E-02,0.525887182599),
  .PIECEWISE_BEZIER_KNOTS.);
#1908 = CARTESIAN_POINT('',(2.185,6.544904790928,2.623942729763E-14));
#1909 = CARTESIAN_POINT('',(2.185,6.544904790928,0.5));
#1910 = PCURVE('',#1447,#1911);
#1911 = DEFINITIONAL_REPRESENTATION('',(#1912),#1916);
#1912 = B_SPLINE_CURVE_WITH_KNOTS('',2,(#1913,#1914,#1915),
  .UNSPECIFIED.,.F.,.F.,(3,3),(2.588718259918E-02,0.525887182599),
  .PIECEWISE_BEZIER_KNOTS.);
#1913 = CARTESIAN_POINT('',(1.909044589284,0.5));
#1914 = CARTESIAN_POINT('',(1.909044589284,0.25));
#1915 = CARTESIAN_POINT('',(1.909044589284,7.229073088309E-16));
#1916 = ( GEOMETRIC_REPRESENTATION_CONTEXT(2) 
PARAMETRIC_REPRESENTATION_CONTEXT() REPRESENTATION_CONTEXT('2D SPACE',''
  ) );
#1917 = PCURVE('',#1918,#1923);
#1918 = B_SPLINE_SURFACE_WITH_KNOTS('',1,1,(
    (#1919,#1920)
    ,(#1921,#1922
    )),.UNSPECIFIED.,.F.,.F.,.F.,(2,2),(2,2),(2.585262551157E-02,
    0.555690319055),(2.584214411261E-02,0.525887182599),
  .PIECEWISE_BEZIER_KNOTS.);
#1919 = CARTESIAN_POINT('',(2.185,5.935591443353,-4.503848654189E-05));
#1920 = CARTESIAN_POINT('',(2.185,5.935591443353,0.5));
#1921 = CARTESIAN_POINT('',(2.185,6.544904790928,-4.503848654189E-05));
#1922 = CARTESIAN_POINT('',(2.185,6.544904790928,0.5));
#1923 = DEFINITIONAL_REPRESENTATION('',(#1924),#1927);
#1924 = B_SPLINE_CURVE_WITH_KNOTS('',1,(#1925,#1926),.UNSPECIFIED.,.F.,
  .F.,(2,2),(2.588718259918E-02,0.525887182599),
  .PIECEWISE_BEZIER_KNOTS.);
#1925 = CARTESIAN_POINT('',(0.555690319055,2.588718259918E-02));
#1926 = CARTESIAN_POINT('',(0.555690319055,0.525887182599));
#1927 = ( GEOMETRIC_REPRESENTATION_CONTEXT(2) 
PARAMETRIC_REPRESENTATION_CONTEXT() REPRESENTATION_CONTEXT('2D SPACE',''
  ) );
#1928 = ADVANCED_FACE('',(#1929),#1649,.F.);
#1929 = FACE_BOUND('',#1930,.F.);
#1930 = EDGE_LOOP('',(#1931,#1953,#1954,#1976));
#1931 = ORIENTED_EDGE('',*,*,#1932,.T.);
#1932 = EDGE_CURVE('',#1933,#1618,#1935,.T.);
#1933 = VERTEX_POINT('',#1934);
#1934 = CARTESIAN_POINT('',(1.23625,6.555,-1.004));
#1935 = SURFACE_CURVE('',#1936,(#1939,#1946),.PCURVE_S1.);
#1936 = B_SPLINE_CURVE_WITH_KNOTS('',1,(#1937,#1938),.UNSPECIFIED.,.F.,
  .F.,(2,2),(0.,0.202912416765),.PIECEWISE_BEZIER_KNOTS.);
#1937 = CARTESIAN_POINT('',(1.23625,6.555,-1.004));
#1938 = CARTESIAN_POINT('',(1.23625,6.78834927928,-1.004));
#1939 = PCURVE('',#1649,#1940);
#1940 = DEFINITIONAL_REPRESENTATION('',(#1941),#1945);
#1941 = B_SPLINE_CURVE_WITH_KNOTS('',2,(#1942,#1943,#1944),
  .UNSPECIFIED.,.F.,.F.,(3,3),(0.,0.202912416765),
  .PIECEWISE_BEZIER_KNOTS.);
#1942 = CARTESIAN_POINT('',(6.28318530718,-8.881784197001E-16));
#1943 = CARTESIAN_POINT('',(6.28318530718,0.101456208383));
#1944 = CARTESIAN_POINT('',(6.28318530718,0.202912416765));
#1945 = ( GEOMETRIC_REPRESENTATION_CONTEXT(2) 
PARAMETRIC_REPRESENTATION_CONTEXT() REPRESENTATION_CONTEXT('2D SPACE',''
  ) );
#1946 = PCURVE('',#1699,#1947);
#1947 = DEFINITIONAL_REPRESENTATION('',(#1948),#1952);
#1948 = B_SPLINE_CURVE_WITH_KNOTS('',2,(#1949,#1950,#1951),
  .UNSPECIFIED.,.F.,.F.,(3,3),(0.,0.202912416765),
  .PIECEWISE_BEZIER_KNOTS.);
#1949 = CARTESIAN_POINT('',(-2.371444014187E-45,3.944304526105E-30));
#1950 = CARTESIAN_POINT('',(-4.382766758491E-32,0.101456208383));
#1951 = CARTESIAN_POINT('',(0.,0.202912416765));
#1952 = ( GEOMETRIC_REPRESENTATION_CONTEXT(2) 
PARAMETRIC_REPRESENTATION_CONTEXT() REPRESENTATION_CONTEXT('2D SPACE',''
  ) );
#1953 = ORIENTED_EDGE('',*,*,#1617,.T.);
#1954 = ORIENTED_EDGE('',*,*,#1955,.F.);
#1955 = EDGE_CURVE('',#1956,#1620,#1958,.T.);
#1956 = VERTEX_POINT('',#1957);
#1957 = CARTESIAN_POINT('',(1.23625,6.555,-2.354));
#1958 = SURFACE_CURVE('',#1959,(#1962,#1969),.PCURVE_S1.);
#1959 = B_SPLINE_CURVE_WITH_KNOTS('',1,(#1960,#1961),.UNSPECIFIED.,.F.,
  .F.,(2,2),(0.,0.202912416765),.PIECEWISE_BEZIER_KNOTS.);
#1960 = CARTESIAN_POINT('',(1.23625,6.555,-2.354));
#1961 = CARTESIAN_POINT('',(1.23625,6.78834927928,-2.354));
#1962 = PCURVE('',#1649,#1963);
#1963 = DEFINITIONAL_REPRESENTATION('',(#1964),#1968);
#1964 = B_SPLINE_CURVE_WITH_KNOTS('',2,(#1965,#1966,#1967),
  .UNSPECIFIED.,.F.,.F.,(3,3),(0.,0.202912416765),
  .PIECEWISE_BEZIER_KNOTS.);
#1965 = CARTESIAN_POINT('',(3.14159265359,8.881784197001E-16));
#1966 = CARTESIAN_POINT('',(3.14159265359,0.101456208383));
#1967 = CARTESIAN_POINT('',(3.14159265359,0.202912416765));
#1968 = ( GEOMETRIC_REPRESENTATION_CONTEXT(2) 
PARAMETRIC_REPRESENTATION_CONTEXT() REPRESENTATION_CONTEXT('2D SPACE',''
  ) );
#1969 = PCURVE('',#1699,#1970);
#1970 = DEFINITIONAL_REPRESENTATION('',(#1971),#1975);
#1971 = B_SPLINE_CURVE_WITH_KNOTS('',2,(#1972,#1973,#1974),
  .UNSPECIFIED.,.F.,.F.,(3,3),(0.,0.202912416765),
  .PIECEWISE_BEZIER_KNOTS.);
#1972 = CARTESIAN_POINT('',(3.14159265359,8.881784197001E-16));
#1973 = CARTESIAN_POINT('',(3.14159265359,0.101456208383));
#1974 = CARTESIAN_POINT('',(3.14159265359,0.202912416765));
#1975 = ( GEOMETRIC_REPRESENTATION_CONTEXT(2) 
PARAMETRIC_REPRESENTATION_CONTEXT() REPRESENTATION_CONTEXT('2D SPACE',''
  ) );
#1976 = ORIENTED_EDGE('',*,*,#1977,.T.);
#1977 = EDGE_CURVE('',#1956,#1933,#1978,.T.);
#1978 = SURFACE_CURVE('',#1979,(#1985,#1994),.PCURVE_S1.);
#1979 = ( BOUNDED_CURVE() B_SPLINE_CURVE(2,(#1980,#1981,#1982,#1983,
#1984),.UNSPECIFIED.,.F.,.F.) B_SPLINE_CURVE_WITH_KNOTS((3,2,3),(
    3.14159265359,4.712388980385,6.28318530718),
.PIECEWISE_BEZIER_KNOTS.) CURVE() GEOMETRIC_REPRESENTATION_ITEM() 
RATIONAL_B_SPLINE_CURVE((1.,0.707106781187,1.,0.707106781187,1.)) 
REPRESENTATION_ITEM('') );
#1980 = CARTESIAN_POINT('',(1.23625,6.555,-2.354));
#1981 = CARTESIAN_POINT('',(0.46,6.555,-2.354));
#1982 = CARTESIAN_POINT('',(0.46,6.555,-1.679));
#1983 = CARTESIAN_POINT('',(0.46,6.555,-1.004));
#1984 = CARTESIAN_POINT('',(1.23625,6.555,-1.004));
#1985 = PCURVE('',#1649,#1986);
#1986 = DEFINITIONAL_REPRESENTATION('',(#1987),#1993);
#1987 = B_SPLINE_CURVE_WITH_KNOTS('',2,(#1988,#1989,#1990,#1991,#1992),
  .UNSPECIFIED.,.F.,.F.,(3,2,3),(3.14159265359,4.712388980385,
    6.28318530718),.PIECEWISE_BEZIER_KNOTS.);
#1988 = CARTESIAN_POINT('',(3.14159265359,-2.366582715663E-30));
#1989 = CARTESIAN_POINT('',(3.926990816987,5.644549859945E-16));
#1990 = CARTESIAN_POINT('',(4.712388980385,4.440892098501E-16));
#1991 = CARTESIAN_POINT('',(5.497787143782,-1.680572892178E-16));
#1992 = CARTESIAN_POINT('',(6.28318530718,0.));
#1993 = ( GEOMETRIC_REPRESENTATION_CONTEXT(2) 
PARAMETRIC_REPRESENTATION_CONTEXT() REPRESENTATION_CONTEXT('2D SPACE',''
  ) );
#1994 = PCURVE('',#1501,#1995);
#1995 = DEFINITIONAL_REPRESENTATION('',(#1996),#2002);
#1996 = ( BOUNDED_CURVE() B_SPLINE_CURVE(2,(#1997,#1998,#1999,#2000,
#2001),.UNSPECIFIED.,.F.,.F.) B_SPLINE_CURVE_WITH_KNOTS((3,2,3),(
    3.14159265359,4.712388980385,6.28318530718),
.PIECEWISE_BEZIER_KNOTS.) CURVE() GEOMETRIC_REPRESENTATION_ITEM() 
RATIONAL_B_SPLINE_CURVE((1.,0.707106781187,1.,0.707106781187,1.)) 
REPRESENTATION_ITEM('') );
#1997 = CARTESIAN_POINT('',(0.702,2.8376963556E-02));
#1998 = CARTESIAN_POINT('',(1.377,2.8376963556E-02));
#1999 = CARTESIAN_POINT('',(1.377,0.703376963556));
#2000 = CARTESIAN_POINT('',(1.377,1.378376963556));
#2001 = CARTESIAN_POINT('',(0.702,1.378376963556));
#2002 = ( GEOMETRIC_REPRESENTATION_CONTEXT(2) 
PARAMETRIC_REPRESENTATION_CONTEXT() REPRESENTATION_CONTEXT('2D SPACE',''
  ) );
#2003 = ADVANCED_FACE('',(#2004),#1699,.F.);
#2004 = FACE_BOUND('',#2005,.F.);
#2005 = EDGE_LOOP('',(#2006,#2007,#2008,#2035));
#2006 = ORIENTED_EDGE('',*,*,#1671,.T.);
#2007 = ORIENTED_EDGE('',*,*,#1932,.F.);
#2008 = ORIENTED_EDGE('',*,*,#2009,.T.);
#2009 = EDGE_CURVE('',#1933,#1956,#2010,.T.);
#2010 = SURFACE_CURVE('',#2011,(#2017,#2026),.PCURVE_S1.);
#2011 = ( BOUNDED_CURVE() B_SPLINE_CURVE(2,(#2012,#2013,#2014,#2015,
#2016),.UNSPECIFIED.,.F.,.F.) B_SPLINE_CURVE_WITH_KNOTS((3,2,3),(0.,
1.570796326795,3.14159265359),.PIECEWISE_BEZIER_KNOTS.) CURVE() 
GEOMETRIC_REPRESENTATION_ITEM() RATIONAL_B_SPLINE_CURVE((1.,
0.707106781187,1.,0.707106781187,1.)) REPRESENTATION_ITEM('') );
#2012 = CARTESIAN_POINT('',(1.23625,6.555,-1.004));
#2013 = CARTESIAN_POINT('',(2.0125,6.555,-1.004));
#2014 = CARTESIAN_POINT('',(2.0125,6.555,-1.679));
#2015 = CARTESIAN_POINT('',(2.0125,6.555,-2.354));
#2016 = CARTESIAN_POINT('',(1.23625,6.555,-2.354));
#2017 = PCURVE('',#1699,#2018);
#2018 = DEFINITIONAL_REPRESENTATION('',(#2019),#2025);
#2019 = B_SPLINE_CURVE_WITH_KNOTS('',2,(#2020,#2021,#2022,#2023,#2024),
  .UNSPECIFIED.,.F.,.F.,(3,2,3),(0.,1.570796326795,3.14159265359),
  .PIECEWISE_BEZIER_KNOTS.);
#2020 = CARTESIAN_POINT('',(-2.371444014187E-45,8.881784197001E-16));
#2021 = CARTESIAN_POINT('',(0.785398163397,3.793175849547E-16));
#2022 = CARTESIAN_POINT('',(1.570796326795,4.440892098501E-16));
#2023 = CARTESIAN_POINT('',(2.356194490192,5.644549859945E-16));
#2024 = CARTESIAN_POINT('',(3.14159265359,-9.860761315263E-30));
#2025 = ( GEOMETRIC_REPRESENTATION_CONTEXT(2) 
PARAMETRIC_REPRESENTATION_CONTEXT() REPRESENTATION_CONTEXT('2D SPACE',''
  ) );
#2026 = PCURVE('',#1501,#2027);
#2027 = DEFINITIONAL_REPRESENTATION('',(#2028),#2034);
#2028 = ( BOUNDED_CURVE() B_SPLINE_CURVE(2,(#2029,#2030,#2031,#2032,
#2033),.UNSPECIFIED.,.F.,.F.) B_SPLINE_CURVE_WITH_KNOTS((3,2,3),(0.,
1.570796326795,3.14159265359),.PIECEWISE_BEZIER_KNOTS.) CURVE() 
GEOMETRIC_REPRESENTATION_ITEM() RATIONAL_B_SPLINE_CURVE((1.,
0.707106781187,1.,0.707106781187,1.)) REPRESENTATION_ITEM('') );
#2029 = CARTESIAN_POINT('',(0.702,1.378376963556));
#2030 = CARTESIAN_POINT('',(2.7E-02,1.378376963556));
#2031 = CARTESIAN_POINT('',(2.7E-02,0.703376963556));
#2032 = CARTESIAN_POINT('',(2.7E-02,2.8376963556E-02));
#2033 = CARTESIAN_POINT('',(0.702,2.8376963556E-02));
#2034 = ( GEOMETRIC_REPRESENTATION_CONTEXT(2) 
PARAMETRIC_REPRESENTATION_CONTEXT() REPRESENTATION_CONTEXT('2D SPACE',''
  ) );
#2035 = ORIENTED_EDGE('',*,*,#1955,.T.);
#2036 = ADVANCED_FACE('',(#2037,#2067),#1501,.T.);
#2037 = FACE_BOUND('',#2038,.T.);
#2038 = EDGE_LOOP('',(#2039,#2040));
#2039 = ORIENTED_EDGE('',*,*,#1468,.F.);
#2040 = ORIENTED_EDGE('',*,*,#2041,.F.);
#2041 = EDGE_CURVE('',#1471,#1469,#2042,.T.);
#2042 = SURFACE_CURVE('',#2043,(#2049,#2058),.PCURVE_S1.);
#2043 = ( BOUNDED_CURVE() B_SPLINE_CURVE(2,(#2044,#2045,#2046,#2047,
#2048),.UNSPECIFIED.,.F.,.F.) B_SPLINE_CURVE_WITH_KNOTS((3,2,3),(
    3.14159265359,4.712388980385,6.28318530718),
.PIECEWISE_BEZIER_KNOTS.) CURVE() GEOMETRIC_REPRESENTATION_ITEM() 
RATIONAL_B_SPLINE_CURVE((1.,0.707106781187,1.,0.707106781187,1.)) 
REPRESENTATION_ITEM('') );
#2044 = CARTESIAN_POINT('',(1.23625,6.555,-2.254));
#2045 = CARTESIAN_POINT('',(0.575,6.555,-2.254));
#2046 = CARTESIAN_POINT('',(0.575,6.555,-1.679));
#2047 = CARTESIAN_POINT('',(0.575,6.555,-1.104));
#2048 = CARTESIAN_POINT('',(1.23625,6.555,-1.104));
#2049 = PCURVE('',#1501,#2050);
#2050 = DEFINITIONAL_REPRESENTATION('',(#2051),#2057);
#2051 = ( BOUNDED_CURVE() B_SPLINE_CURVE(2,(#2052,#2053,#2054,#2055,
#2056),.UNSPECIFIED.,.F.,.F.) B_SPLINE_CURVE_WITH_KNOTS((3,2,3),(
    3.14159265359,4.712388980385,6.28318530718),
.PIECEWISE_BEZIER_KNOTS.) CURVE() GEOMETRIC_REPRESENTATION_ITEM() 
RATIONAL_B_SPLINE_CURVE((1.,0.707106781187,1.,0.707106781187,1.)) 
REPRESENTATION_ITEM('') );
#2052 = CARTESIAN_POINT('',(0.702,0.128376963556));
#2053 = CARTESIAN_POINT('',(1.277,0.128376963556));
#2054 = CARTESIAN_POINT('',(1.277,0.703376963556));
#2055 = CARTESIAN_POINT('',(1.277,1.278376963556));
#2056 = CARTESIAN_POINT('',(0.702,1.278376963556));
#2057 = ( GEOMETRIC_REPRESENTATION_CONTEXT(2) 
PARAMETRIC_REPRESENTATION_CONTEXT() REPRESENTATION_CONTEXT('2D SPACE',''
  ) );
#2058 = PCURVE('',#1530,#2059);
#2059 = DEFINITIONAL_REPRESENTATION('',(#2060),#2066);
#2060 = B_SPLINE_CURVE_WITH_KNOTS('',2,(#2061,#2062,#2063,#2064,#2065),
  .UNSPECIFIED.,.F.,.F.,(3,2,3),(3.14159265359,4.712388980385,
    6.28318530718),.PIECEWISE_BEZIER_KNOTS.);
#2061 = CARTESIAN_POINT('',(3.14159265359,-8.881784197001E-16));
#2062 = CARTESIAN_POINT('',(3.926990816987,2.066521431076E-15));
#2063 = CARTESIAN_POINT('',(4.712388980385,-8.881784197001E-16));
#2064 = CARTESIAN_POINT('',(5.497787143782,1.150478590365E-15));
#2065 = CARTESIAN_POINT('',(6.28318530718,-8.881784197001E-16));
#2066 = ( GEOMETRIC_REPRESENTATION_CONTEXT(2) 
PARAMETRIC_REPRESENTATION_CONTEXT() REPRESENTATION_CONTEXT('2D SPACE',''
  ) );
#2067 = FACE_BOUND('',#2068,.T.);
#2068 = EDGE_LOOP('',(#2069,#2070));
#2069 = ORIENTED_EDGE('',*,*,#2009,.T.);
#2070 = ORIENTED_EDGE('',*,*,#1977,.T.);
#2071 = ADVANCED_FACE('',(#2072),#1104,.T.);
#2072 = FACE_BOUND('',#2073,.T.);
#2073 = EDGE_LOOP('',(#2074,#2075,#2100,#2126,#2156,#2182,#2217,#2243,
    #2273,#2299,#2322,#2323,#2344));
#2074 = ORIENTED_EDGE('',*,*,#1750,.F.);
#2075 = ORIENTED_EDGE('',*,*,#2076,.F.);
#2076 = EDGE_CURVE('',#2077,#1724,#2079,.T.);
#2077 = VERTEX_POINT('',#2078);
#2078 = CARTESIAN_POINT('',(6.760553568025,-1.380186746012,
    2.602085213965E-14));
#2079 = SURFACE_CURVE('',#2080,(#2084,#2093),.PCURVE_S1.);
#2080 = ( BOUNDED_CURVE() B_SPLINE_CURVE(2,(#2081,#2082,#2083),
.UNSPECIFIED.,.F.,.F.) B_SPLINE_CURVE_WITH_KNOTS((3,3),(2.94020710999,
3.14159265359),.PIECEWISE_BEZIER_KNOTS.) CURVE() 
GEOMETRIC_REPRESENTATION_ITEM() RATIONAL_B_SPLINE_CURVE((1.,
0.99493476474,1.)) REPRESENTATION_ITEM('') );
#2081 = CARTESIAN_POINT('',(6.760553568025,-1.380186746012,
    2.623769257415E-14));
#2082 = CARTESIAN_POINT('',(6.9,-0.697137820957,2.623769257415E-14));
#2083 = CARTESIAN_POINT('',(6.9,-1.310186848327E-14,2.623769257415E-14)
  );
#2084 = PCURVE('',#1104,#2085);
#2085 = DEFINITIONAL_REPRESENTATION('',(#2086),#2092);
#2086 = B_SPLINE_CURVE_WITH_KNOTS('',4,(#2087,#2088,#2089,#2090,#2091),
  .UNSPECIFIED.,.F.,.F.,(5,5),(2.94020710999,3.14159265359),
  .PIECEWISE_BEZIER_KNOTS.);
#2087 = CARTESIAN_POINT('',(3.357019238466,0.5));
#2088 = CARTESIAN_POINT('',(3.305062783274,0.5));
#2089 = CARTESIAN_POINT('',(3.251884191356,0.5));
#2090 = CARTESIAN_POINT('',(3.197418972466,0.5));
#2091 = CARTESIAN_POINT('',(3.14159265359,0.5));
#2092 = ( GEOMETRIC_REPRESENTATION_CONTEXT(2) 
PARAMETRIC_REPRESENTATION_CONTEXT() REPRESENTATION_CONTEXT('2D SPACE',''
  ) );
#2093 = PCURVE('',#548,#2094);
#2094 = DEFINITIONAL_REPRESENTATION('',(#2095),#2099);
#2095 = ( BOUNDED_CURVE() B_SPLINE_CURVE(2,(#2096,#2097,#2098),
.UNSPECIFIED.,.F.,.F.) B_SPLINE_CURVE_WITH_KNOTS((3,3),(2.94020710999,
3.14159265359),.PIECEWISE_BEZIER_KNOTS.) CURVE() 
GEOMETRIC_REPRESENTATION_ITEM() RATIONAL_B_SPLINE_CURVE((1.,
0.99493476474,1.)) REPRESENTATION_ITEM('') );
#2096 = CARTESIAN_POINT('',(4.060757204712,0.137827669145));
#2097 = CARTESIAN_POINT('',(4.182014971647,0.731783256149));
#2098 = CARTESIAN_POINT('',(4.182014971647,1.337990056981));
#2099 = ( GEOMETRIC_REPRESENTATION_CONTEXT(2) 
PARAMETRIC_REPRESENTATION_CONTEXT() REPRESENTATION_CONTEXT('2D SPACE',''
  ) );
#2100 = ORIENTED_EDGE('',*,*,#2101,.F.);
#2101 = EDGE_CURVE('',#2102,#2077,#2104,.T.);
#2102 = VERTEX_POINT('',#2103);
#2103 = CARTESIAN_POINT('',(6.760553568025,-1.380186746012,0.5));
#2104 = SURFACE_CURVE('',#2105,(#2108,#2115),.PCURVE_S1.);
#2105 = B_SPLINE_CURVE_WITH_KNOTS('',1,(#2106,#2107),.UNSPECIFIED.,.F.,
  .F.,(2,2),(-3.62,-3.12),.PIECEWISE_BEZIER_KNOTS.);
#2106 = CARTESIAN_POINT('',(6.760553568025,-1.380186746011,0.5));
#2107 = CARTESIAN_POINT('',(6.760553568025,-1.380186746011,
    2.620126338115E-14));
#2108 = PCURVE('',#1104,#2109);
#2109 = DEFINITIONAL_REPRESENTATION('',(#2110),#2114);
#2110 = B_SPLINE_CURVE_WITH_KNOTS('',2,(#2111,#2112,#2113),
  .UNSPECIFIED.,.F.,.F.,(3,3),(-3.62,-3.12),.PIECEWISE_BEZIER_KNOTS.);
#2111 = CARTESIAN_POINT('',(3.357019238466,7.240291894761E-16));
#2112 = CARTESIAN_POINT('',(3.357019238466,0.25));
#2113 = CARTESIAN_POINT('',(3.357019238466,0.5));
#2114 = ( GEOMETRIC_REPRESENTATION_CONTEXT(2) 
PARAMETRIC_REPRESENTATION_CONTEXT() REPRESENTATION_CONTEXT('2D SPACE',''
  ) );
#2115 = PCURVE('',#2116,#2121);
#2116 = B_SPLINE_SURFACE_WITH_KNOTS('',1,1,(
    (#2117,#2118)
    ,(#2119,#2120
    )),.UNSPECIFIED.,.F.,.F.,.F.,(2,2),(2,2),(2.585842987079E-02,
    0.555684579699),(2.584893053628E-02,0.525889674793),
  .PIECEWISE_BEZIER_KNOTS.);
#2117 = CARTESIAN_POINT('',(6.760553568025,-1.380186746012,
    -4.074425640696E-05));
#2118 = CARTESIAN_POINT('',(6.760553568025,-1.380186746012,0.5));
#2119 = CARTESIAN_POINT('',(6.232884226884,-1.075536709861,
    -4.074425640696E-05));
#2120 = CARTESIAN_POINT('',(6.232884226884,-1.075536709861,0.5));
#2121 = DEFINITIONAL_REPRESENTATION('',(#2122),#2125);
#2122 = B_SPLINE_CURVE_WITH_KNOTS('',1,(#2123,#2124),.UNSPECIFIED.,.F.,
  .F.,(2,2),(-3.62,-3.12),.PIECEWISE_BEZIER_KNOTS.);
#2123 = CARTESIAN_POINT('',(2.585842987088E-02,0.525889674793));
#2124 = CARTESIAN_POINT('',(2.585842987088E-02,2.588967479272E-02));
#2125 = ( GEOMETRIC_REPRESENTATION_CONTEXT(2) 
PARAMETRIC_REPRESENTATION_CONTEXT() REPRESENTATION_CONTEXT('2D SPACE',''
  ) );
#2126 = ORIENTED_EDGE('',*,*,#2127,.F.);
#2127 = EDGE_CURVE('',#2128,#2102,#2130,.T.);
#2128 = VERTEX_POINT('',#2129);
#2129 = CARTESIAN_POINT('',(4.575553568025,-5.16471776055,0.5));
#2130 = SURFACE_CURVE('',#2131,(#2135,#2144),.PCURVE_S1.);
#2131 = ( BOUNDED_CURVE() B_SPLINE_CURVE(2,(#2132,#2133,#2134),
.UNSPECIFIED.,.F.,.F.) B_SPLINE_CURVE_WITH_KNOTS((3,3),(2.295780645993,
2.94020710999),.PIECEWISE_BEZIER_KNOTS.) CURVE() 
GEOMETRIC_REPRESENTATION_ITEM() RATIONAL_B_SPLINE_CURVE((1.,
0.948536885009,1.)) REPRESENTATION_ITEM('') );
#2132 = CARTESIAN_POINT('',(4.575553568025,-5.16471776055,0.5));
#2133 = CARTESIAN_POINT('',(6.299781674865,-3.63718064582,0.5));
#2134 = CARTESIAN_POINT('',(6.760553568025,-1.380186746012,0.5));
#2135 = PCURVE('',#1104,#2136);
#2136 = DEFINITIONAL_REPRESENTATION('',(#2137),#2143);
#2137 = B_SPLINE_CURVE_WITH_KNOTS('',4,(#2138,#2139,#2140,#2141,#2142),
  .UNSPECIFIED.,.F.,.F.,(5,5),(2.295780645993,2.94020710999),
  .PIECEWISE_BEZIER_KNOTS.);
#2138 = CARTESIAN_POINT('',(3.984284159815,7.209915967552E-16));
#2139 = CARTESIAN_POINT('',(3.834037733097,1.716233387583E-16));
#2140 = CARTESIAN_POINT('',(3.679594707725,1.776481417699E-15));
#2141 = CARTESIAN_POINT('',(3.520692468887,-3.610526689202E-16));
#2142 = CARTESIAN_POINT('',(3.357019238466,1.681347573333E-16));
#2143 = ( GEOMETRIC_REPRESENTATION_CONTEXT(2) 
PARAMETRIC_REPRESENTATION_CONTEXT() REPRESENTATION_CONTEXT('2D SPACE',''
  ) );
#2144 = PCURVE('',#2145,#2150);
#2145 = B_SPLINE_SURFACE_WITH_KNOTS('',1,1,(
    (#2146,#2147)
    ,(#2148,#2149
    )),.UNSPECIFIED.,.F.,.F.,.F.,(2,2),(2,2),(7.600000000083E-02,
    3.876000043863),(2.586015118489E-02,0.864465126258),
  .PIECEWISE_BEZIER_KNOTS.);
#2146 = CARTESIAN_POINT('',(6.232884092136,-1.075536632064,0.5));
#2147 = CARTESIAN_POINT('',(7.068075286112,-1.557734492731,0.5));
#2148 = CARTESIAN_POINT('',(4.047884066916,-4.860067690286,0.5));
#2149 = CARTESIAN_POINT('',(4.883075260892,-5.342265550952,0.5));
#2150 = DEFINITIONAL_REPRESENTATION('',(#2151),#2155);
#2151 = ( BOUNDED_CURVE() B_SPLINE_CURVE(2,(#2152,#2153,#2154),
.UNSPECIFIED.,.F.,.F.) B_SPLINE_CURVE_WITH_KNOTS((3,3),(2.295780645993,
2.94020710999),.PIECEWISE_BEZIER_KNOTS.) CURVE() 
GEOMETRIC_REPRESENTATION_ITEM() RATIONAL_B_SPLINE_CURVE((1.,
0.948536885009,1.)) REPRESENTATION_ITEM('') );
#2152 = CARTESIAN_POINT('',(3.876000000001,0.55568643631));
#2153 = CARTESIAN_POINT('',(1.976000000001,1.189996684205));
#2154 = CARTESIAN_POINT('',(7.600000000109E-02,0.555686436311));
#2155 = ( GEOMETRIC_REPRESENTATION_CONTEXT(2) 
PARAMETRIC_REPRESENTATION_CONTEXT() REPRESENTATION_CONTEXT('2D SPACE',''
  ) );
#2156 = ORIENTED_EDGE('',*,*,#2157,.F.);
#2157 = EDGE_CURVE('',#2158,#2128,#2160,.T.);
#2158 = VERTEX_POINT('',#2159);
#2159 = CARTESIAN_POINT('',(4.575553568025,-5.16471776055,
    2.623769257415E-14));
#2160 = SURFACE_CURVE('',#2161,(#2164,#2171),.PCURVE_S1.);
#2161 = B_SPLINE_CURVE_WITH_KNOTS('',1,(#2162,#2163),.UNSPECIFIED.,.F.,
  .F.,(2,2),(3.12,3.62),.PIECEWISE_BEZIER_KNOTS.);
#2162 = CARTESIAN_POINT('',(4.575553568025,-5.16471776055,
    2.620126338115E-14));
#2163 = CARTESIAN_POINT('',(4.575553568025,-5.16471776055,0.5));
#2164 = PCURVE('',#1104,#2165);
#2165 = DEFINITIONAL_REPRESENTATION('',(#2166),#2170);
#2166 = B_SPLINE_CURVE_WITH_KNOTS('',2,(#2167,#2168,#2169),
  .UNSPECIFIED.,.F.,.F.,(3,3),(3.12,3.62),.PIECEWISE_BEZIER_KNOTS.);
#2167 = CARTESIAN_POINT('',(3.984284159815,0.5));
#2168 = CARTESIAN_POINT('',(3.984284159815,0.25));
#2169 = CARTESIAN_POINT('',(3.984284159815,1.220454774428E-15));
#2170 = ( GEOMETRIC_REPRESENTATION_CONTEXT(2) 
PARAMETRIC_REPRESENTATION_CONTEXT() REPRESENTATION_CONTEXT('2D SPACE',''
  ) );
#2171 = PCURVE('',#2172,#2177);
#2172 = B_SPLINE_SURFACE_WITH_KNOTS('',1,1,(
    (#2173,#2174)
    ,(#2175,#2176
    )),.UNSPECIFIED.,.F.,.F.,.F.,(2,2),(2,2),(2.585985395204E-02,
    0.555686274375),(2.58584298707E-02,0.525899907763),
  .PIECEWISE_BEZIER_KNOTS.);
#2173 = CARTESIAN_POINT('',(4.04788395739,-4.860067568806,0.5));
#2174 = CARTESIAN_POINT('',(4.04788395739,-4.860067568806,
    -4.147789214382E-05));
#2175 = CARTESIAN_POINT('',(4.575553568024,-5.16471776055,0.5));
#2176 = CARTESIAN_POINT('',(4.575553568024,-5.16471776055,
    -4.147789214382E-05));
#2177 = DEFINITIONAL_REPRESENTATION('',(#2178),#2181);
#2178 = B_SPLINE_CURVE_WITH_KNOTS('',1,(#2179,#2180),.UNSPECIFIED.,.F.,
  .F.,(2,2),(3.12,3.62),.PIECEWISE_BEZIER_KNOTS.);
#2179 = CARTESIAN_POINT('',(0.555686274375,0.525858429871));
#2180 = CARTESIAN_POINT('',(0.555686274375,2.58584298707E-02));
#2181 = ( GEOMETRIC_REPRESENTATION_CONTEXT(2) 
PARAMETRIC_REPRESENTATION_CONTEXT() REPRESENTATION_CONTEXT('2D SPACE',''
  ) );
#2182 = ORIENTED_EDGE('',*,*,#2183,.F.);
#2183 = EDGE_CURVE('',#2184,#2158,#2186,.T.);
#2184 = VERTEX_POINT('',#2185);
#2185 = CARTESIAN_POINT('',(-4.575553568025,-5.16471776055,
    2.623769257415E-14));
#2186 = SURFACE_CURVE('',#2187,(#2191,#2205),.PCURVE_S1.);
#2187 = ( BOUNDED_CURVE() B_SPLINE_CURVE(2,(#2188,#2189,#2190),
.UNSPECIFIED.,.F.,.F.) B_SPLINE_CURVE_WITH_KNOTS((3,3),(0.845812007597,
2.295780645993),.PIECEWISE_BEZIER_KNOTS.) CURVE() 
GEOMETRIC_REPRESENTATION_ITEM() RATIONAL_B_SPLINE_CURVE((1.,
0.74850982037,1.)) REPRESENTATION_ITEM('') );
#2188 = CARTESIAN_POINT('',(-4.575553568025,-5.16471776055,
    2.623769257415E-14));
#2189 = CARTESIAN_POINT('',(-4.658213691772E-15,-9.218315928833,
    2.623769257415E-14));
#2190 = CARTESIAN_POINT('',(4.575553568025,-5.16471776055,
    2.623769257415E-14));
#2191 = PCURVE('',#1104,#2192);
#2192 = DEFINITIONAL_REPRESENTATION('',(#2193),#2204);
#2193 = B_SPLINE_CURVE_WITH_KNOTS('',5,(#2194,#2195,#2196,#2197,#2198,
    #2199,#2200,#2201,#2202,#2203),.UNSPECIFIED.,.F.,.F.,(6,4,6),(
    0.845812007597,1.570796326795,2.295780645993),.UNSPECIFIED.);
#2194 = CARTESIAN_POINT('',(5.440493800955,0.5));
#2195 = CARTESIAN_POINT('',(5.314642639067,0.5));
#2196 = CARTESIAN_POINT('',(5.180250115144,0.5));
#2197 = CARTESIAN_POINT('',(5.036149059543,0.5));
#2198 = CARTESIAN_POINT('',(4.880885414823,0.5));
#2199 = CARTESIAN_POINT('',(4.543892545947,0.5));
#2200 = CARTESIAN_POINT('',(4.388628901226,0.5));
#2201 = CARTESIAN_POINT('',(4.244527845626,0.5));
#2202 = CARTESIAN_POINT('',(4.110135321703,0.5));
#2203 = CARTESIAN_POINT('',(3.984284159815,0.5));
#2204 = ( GEOMETRIC_REPRESENTATION_CONTEXT(2) 
PARAMETRIC_REPRESENTATION_CONTEXT() REPRESENTATION_CONTEXT('2D SPACE',''
  ) );
#2205 = PCURVE('',#2206,#2211);
#2206 = B_SPLINE_SURFACE_WITH_KNOTS('',1,1,(
    (#2207,#2208)
    ,(#2209,#2210
    )),.UNSPECIFIED.,.F.,.F.,.F.,(2,2),(2,2),(0.159149689323,
    8.116634155453),(3.5473896248E-02,1.809327940529),
  .PIECEWISE_BEZIER_KNOTS.);
#2207 = CARTESIAN_POINT('',(-4.575553568025,-6.9,0.));
#2208 = CARTESIAN_POINT('',(-4.575553568025,-4.860067849077,0.));
#2209 = CARTESIAN_POINT('',(4.575553568025,-6.9,0.));
#2210 = CARTESIAN_POINT('',(4.575553568025,-4.860067849077,0.));
#2211 = DEFINITIONAL_REPRESENTATION('',(#2212),#2216);
#2212 = ( BOUNDED_CURVE() B_SPLINE_CURVE(2,(#2213,#2214,#2215),
.UNSPECIFIED.,.F.,.F.) B_SPLINE_CURVE_WITH_KNOTS((3,3),(0.845812007597,
2.295780645993),.PIECEWISE_BEZIER_KNOTS.) CURVE() 
GEOMETRIC_REPRESENTATION_ITEM() RATIONAL_B_SPLINE_CURVE((1.,
0.74850982037,1.)) REPRESENTATION_ITEM('') );
#2213 = CARTESIAN_POINT('',(0.159149689323,1.544414974031));
#2214 = CARTESIAN_POINT('',(4.137891922388,-1.980452998389));
#2215 = CARTESIAN_POINT('',(8.116634155453,1.544414974031));
#2216 = ( GEOMETRIC_REPRESENTATION_CONTEXT(2) 
PARAMETRIC_REPRESENTATION_CONTEXT() REPRESENTATION_CONTEXT('2D SPACE',''
  ) );
#2217 = ORIENTED_EDGE('',*,*,#2218,.F.);
#2218 = EDGE_CURVE('',#2219,#2184,#2221,.T.);
#2219 = VERTEX_POINT('',#2220);
#2220 = CARTESIAN_POINT('',(-4.575553568025,-5.16471776055,0.5));
#2221 = SURFACE_CURVE('',#2222,(#2225,#2232),.PCURVE_S1.);
#2222 = B_SPLINE_CURVE_WITH_KNOTS('',1,(#2223,#2224),.UNSPECIFIED.,.F.,
  .F.,(2,2),(-3.62,-3.12),.PIECEWISE_BEZIER_KNOTS.);
#2223 = CARTESIAN_POINT('',(-4.575553568025,-5.16471776055,0.5));
#2224 = CARTESIAN_POINT('',(-4.575553568025,-5.16471776055,
    2.620126338115E-14));
#2225 = PCURVE('',#1104,#2226);
#2226 = DEFINITIONAL_REPRESENTATION('',(#2227),#2231);
#2227 = B_SPLINE_CURVE_WITH_KNOTS('',2,(#2228,#2229,#2230),
  .UNSPECIFIED.,.F.,.F.,(3,3),(-3.62,-3.12),.PIECEWISE_BEZIER_KNOTS.);
#2228 = CARTESIAN_POINT('',(5.440493800955,9.998298979029E-16));
#2229 = CARTESIAN_POINT('',(5.440493800955,0.25));
#2230 = CARTESIAN_POINT('',(5.440493800955,0.5));
#2231 = ( GEOMETRIC_REPRESENTATION_CONTEXT(2) 
PARAMETRIC_REPRESENTATION_CONTEXT() REPRESENTATION_CONTEXT('2D SPACE',''
  ) );
#2232 = PCURVE('',#2233,#2238);
#2233 = B_SPLINE_SURFACE_WITH_KNOTS('',1,1,(
    (#2234,#2235)
    ,(#2236,#2237
    )),.UNSPECIFIED.,.F.,.F.,.F.,(2,2),(2,2),(2.585842987102E-02,
    0.555684362866),(2.58584298707E-02,0.525898728832),
  .PIECEWISE_BEZIER_KNOTS.);
#2234 = CARTESIAN_POINT('',(-4.575553568024,-5.16471776055,0.5));
#2235 = CARTESIAN_POINT('',(-4.575553568024,-5.16471776055,
    -4.02989614543E-05));
#2236 = CARTESIAN_POINT('',(-4.047884442834,-4.860067849077,0.5));
#2237 = CARTESIAN_POINT('',(-4.047884442834,-4.860067849077,
    -4.02989614543E-05));
#2238 = DEFINITIONAL_REPRESENTATION('',(#2239),#2242);
#2239 = B_SPLINE_CURVE_WITH_KNOTS('',1,(#2240,#2241),.UNSPECIFIED.,.F.,
  .F.,(2,2),(-3.62,-3.12),.PIECEWISE_BEZIER_KNOTS.);
#2240 = CARTESIAN_POINT('',(2.585842987102E-02,2.58584298707E-02));
#2241 = CARTESIAN_POINT('',(2.585842987102E-02,0.525858429871));
#2242 = ( GEOMETRIC_REPRESENTATION_CONTEXT(2) 
PARAMETRIC_REPRESENTATION_CONTEXT() REPRESENTATION_CONTEXT('2D SPACE',''
  ) );
#2243 = ORIENTED_EDGE('',*,*,#2244,.F.);
#2244 = EDGE_CURVE('',#2245,#2219,#2247,.T.);
#2245 = VERTEX_POINT('',#2246);
#2246 = CARTESIAN_POINT('',(-6.760553568025,-1.380186746011,0.5));
#2247 = SURFACE_CURVE('',#2248,(#2252,#2261),.PCURVE_S1.);
#2248 = ( BOUNDED_CURVE() B_SPLINE_CURVE(2,(#2249,#2250,#2251),
.UNSPECIFIED.,.F.,.F.) B_SPLINE_CURVE_WITH_KNOTS((3,3),(0.2013855436,
0.845812007597),.PIECEWISE_BEZIER_KNOTS.) CURVE() 
GEOMETRIC_REPRESENTATION_ITEM() RATIONAL_B_SPLINE_CURVE((1.,
0.948536885009,1.)) REPRESENTATION_ITEM('') );
#2249 = CARTESIAN_POINT('',(-6.760553568025,-1.380186746011,0.5));
#2250 = CARTESIAN_POINT('',(-6.299781674866,-3.63718064582,0.5));
#2251 = CARTESIAN_POINT('',(-4.575553568025,-5.16471776055,0.5));
#2252 = PCURVE('',#1104,#2253);
#2253 = DEFINITIONAL_REPRESENTATION('',(#2254),#2260);
#2254 = B_SPLINE_CURVE_WITH_KNOTS('',4,(#2255,#2256,#2257,#2258,#2259),
  .UNSPECIFIED.,.F.,.F.,(5,5),(0.2013855436,0.845812007597),
  .PIECEWISE_BEZIER_KNOTS.);
#2255 = CARTESIAN_POINT('',(6.067758722303,8.874039452251E-16));
#2256 = CARTESIAN_POINT('',(5.904085491882,6.731913353612E-16));
#2257 = CARTESIAN_POINT('',(5.745183253044,3.524687716154E-17));
#2258 = CARTESIAN_POINT('',(5.590740227673,1.175422763192E-15));
#2259 = CARTESIAN_POINT('',(5.440493800955,6.113325083966E-16));
#2260 = ( GEOMETRIC_REPRESENTATION_CONTEXT(2) 
PARAMETRIC_REPRESENTATION_CONTEXT() REPRESENTATION_CONTEXT('2D SPACE',''
  ) );
#2261 = PCURVE('',#2262,#2267);
#2262 = B_SPLINE_SURFACE_WITH_KNOTS('',1,1,(
    (#2263,#2264)
    ,(#2265,#2266
    )),.UNSPECIFIED.,.F.,.F.,.F.,(2,2),(2,2),(7.599999999915E-02,3.876),
  (2.585869557149E-02,0.864463269645),.PIECEWISE_BEZIER_KNOTS.);
#2263 = CARTESIAN_POINT('',(-4.047884491502,-4.860067877177,0.5));
#2264 = CARTESIAN_POINT('',(-4.883075286112,-5.34226550727,0.5));
#2265 = CARTESIAN_POINT('',(-6.232884491503,-1.075536862639,0.5));
#2266 = CARTESIAN_POINT('',(-7.068075286113,-1.557734492731,0.5));
#2267 = DEFINITIONAL_REPRESENTATION('',(#2268),#2272);
#2268 = ( BOUNDED_CURVE() B_SPLINE_CURVE(2,(#2269,#2270,#2271),
.UNSPECIFIED.,.F.,.F.) B_SPLINE_CURVE_WITH_KNOTS((3,3),(0.2013855436,
0.845812007597),.PIECEWISE_BEZIER_KNOTS.) CURVE() 
GEOMETRIC_REPRESENTATION_ITEM() RATIONAL_B_SPLINE_CURVE((1.,
0.948536885009,1.)) REPRESENTATION_ITEM('') );
#2269 = CARTESIAN_POINT('',(3.876,0.555684579698));
#2270 = CARTESIAN_POINT('',(1.976,1.189994827593));
#2271 = CARTESIAN_POINT('',(7.59999999994E-02,0.555684579698));
#2272 = ( GEOMETRIC_REPRESENTATION_CONTEXT(2) 
PARAMETRIC_REPRESENTATION_CONTEXT() REPRESENTATION_CONTEXT('2D SPACE',''
  ) );
#2273 = ORIENTED_EDGE('',*,*,#2274,.F.);
#2274 = EDGE_CURVE('',#2275,#2245,#2277,.T.);
#2275 = VERTEX_POINT('',#2276);
#2276 = CARTESIAN_POINT('',(-6.760553568025,-1.380186746012,
    2.602085213965E-14));
#2277 = SURFACE_CURVE('',#2278,(#2281,#2288),.PCURVE_S1.);
#2278 = B_SPLINE_CURVE_WITH_KNOTS('',1,(#2279,#2280),.UNSPECIFIED.,.F.,
  .F.,(2,2),(3.12,3.62),.PIECEWISE_BEZIER_KNOTS.);
#2279 = CARTESIAN_POINT('',(-6.760553568025,-1.380186746011,
    2.620126338115E-14));
#2280 = CARTESIAN_POINT('',(-6.760553568025,-1.380186746011,0.5));
#2281 = PCURVE('',#1104,#2282);
#2282 = DEFINITIONAL_REPRESENTATION('',(#2283),#2287);
#2283 = B_SPLINE_CURVE_WITH_KNOTS('',2,(#2284,#2285,#2286),
  .UNSPECIFIED.,.F.,.F.,(3,3),(3.12,3.62),.PIECEWISE_BEZIER_KNOTS.);
#2284 = CARTESIAN_POINT('',(6.067758722303,0.5));
#2285 = CARTESIAN_POINT('',(6.067758722303,0.25));
#2286 = CARTESIAN_POINT('',(6.067758722303,6.629565384511E-16));
#2287 = ( GEOMETRIC_REPRESENTATION_CONTEXT(2) 
PARAMETRIC_REPRESENTATION_CONTEXT() REPRESENTATION_CONTEXT('2D SPACE',''
  ) );
#2288 = PCURVE('',#2289,#2294);
#2289 = B_SPLINE_SURFACE_WITH_KNOTS('',1,1,(
    (#2290,#2291)
    ,(#2292,#2293
    )),.UNSPECIFIED.,.F.,.F.,.F.,(2,2),(2,2),(2.585855872663E-02,
    0.555682482111),(2.584550142816E-02,0.525888632503),
  .PIECEWISE_BEZIER_KNOTS.);
#2290 = CARTESIAN_POINT('',(-6.232886444264,-1.075537990065,
    -4.313107451122E-05));
#2291 = CARTESIAN_POINT('',(-6.232886444264,-1.075537990065,0.5));
#2292 = CARTESIAN_POINT('',(-6.760553568025,-1.380186746012,
    -4.313107451122E-05));
#2293 = CARTESIAN_POINT('',(-6.760553568025,-1.380186746012,0.5));
#2294 = DEFINITIONAL_REPRESENTATION('',(#2295),#2298);
#2295 = B_SPLINE_CURVE_WITH_KNOTS('',1,(#2296,#2297),.UNSPECIFIED.,.F.,
  .F.,(2,2),(3.12,3.62),.PIECEWISE_BEZIER_KNOTS.);
#2296 = CARTESIAN_POINT('',(0.555682482111,2.58886325027E-02));
#2297 = CARTESIAN_POINT('',(0.555682482111,0.525888632503));
#2298 = ( GEOMETRIC_REPRESENTATION_CONTEXT(2) 
PARAMETRIC_REPRESENTATION_CONTEXT() REPRESENTATION_CONTEXT('2D SPACE',''
  ) );
#2299 = ORIENTED_EDGE('',*,*,#2300,.F.);
#2300 = EDGE_CURVE('',#1795,#2275,#2301,.T.);
#2301 = SURFACE_CURVE('',#2302,(#2306,#2315),.PCURVE_S1.);
#2302 = ( BOUNDED_CURVE() B_SPLINE_CURVE(2,(#2303,#2304,#2305),
.UNSPECIFIED.,.F.,.F.) B_SPLINE_CURVE_WITH_KNOTS((3,3),(0.,0.2013855436)
,.PIECEWISE_BEZIER_KNOTS.) CURVE() GEOMETRIC_REPRESENTATION_ITEM() 
RATIONAL_B_SPLINE_CURVE((1.,0.99493476474,1.)) REPRESENTATION_ITEM('') 
  );
#2303 = CARTESIAN_POINT('',(-6.9,0.,2.623769257415E-14));
#2304 = CARTESIAN_POINT('',(-6.9,-0.697137820957,2.623769257415E-14));
#2305 = CARTESIAN_POINT('',(-6.760553568025,-1.380186746012,
    2.623769257415E-14));
#2306 = PCURVE('',#1104,#2307);
#2307 = DEFINITIONAL_REPRESENTATION('',(#2308),#2314);
#2308 = B_SPLINE_CURVE_WITH_KNOTS('',4,(#2309,#2310,#2311,#2312,#2313),
  .UNSPECIFIED.,.F.,.F.,(5,5),(0.,0.2013855436),
  .PIECEWISE_BEZIER_KNOTS.);
#2309 = CARTESIAN_POINT('',(6.28318530718,0.5));
#2310 = CARTESIAN_POINT('',(6.227358988304,0.5));
#2311 = CARTESIAN_POINT('',(6.172893769413,0.5));
#2312 = CARTESIAN_POINT('',(6.119715177495,0.5));
#2313 = CARTESIAN_POINT('',(6.067758722303,0.5));
#2314 = ( GEOMETRIC_REPRESENTATION_CONTEXT(2) 
PARAMETRIC_REPRESENTATION_CONTEXT() REPRESENTATION_CONTEXT('2D SPACE',''
  ) );
#2315 = PCURVE('',#1834,#2316);
#2316 = DEFINITIONAL_REPRESENTATION('',(#2317),#2321);
#2317 = ( BOUNDED_CURVE() B_SPLINE_CURVE(2,(#2318,#2319,#2320),
.UNSPECIFIED.,.F.,.F.) B_SPLINE_CURVE_WITH_KNOTS((3,3),(0.,0.2013855436)
,.PIECEWISE_BEZIER_KNOTS.) CURVE() GEOMETRIC_REPRESENTATION_ITEM() 
RATIONAL_B_SPLINE_CURVE((1.,0.99493476474,1.)) REPRESENTATION_ITEM('') 
  );
#2318 = CARTESIAN_POINT('',(8.2000030987E-02,1.33799005658));
#2319 = CARTESIAN_POINT('',(8.2000030987E-02,0.731783255748));
#2320 = CARTESIAN_POINT('',(0.203257797922,0.137827668744));
#2321 = ( GEOMETRIC_REPRESENTATION_CONTEXT(2) 
PARAMETRIC_REPRESENTATION_CONTEXT() REPRESENTATION_CONTEXT('2D SPACE',''
  ) );
#2322 = ORIENTED_EDGE('',*,*,#1794,.T.);
#2323 = ORIENTED_EDGE('',*,*,#2324,.F.);
#2324 = EDGE_CURVE('',#1073,#1772,#2325,.T.);
#2325 = SURFACE_CURVE('',#2326,(#2330,#2337),.PCURVE_S1.);
#2326 = ( BOUNDED_CURVE() B_SPLINE_CURVE(2,(#2327,#2328,#2329),
.UNSPECIFIED.,.F.,.F.) B_SPLINE_CURVE_WITH_KNOTS((3,3),(1.570796326795,
3.14159265359),.PIECEWISE_BEZIER_KNOTS.) CURVE() 
GEOMETRIC_REPRESENTATION_ITEM() RATIONAL_B_SPLINE_CURVE((1.,
0.707106781187,1.)) REPRESENTATION_ITEM('') );
#2327 = CARTESIAN_POINT('',(4.225031457058E-16,-6.9,-6.74));
#2328 = CARTESIAN_POINT('',(-6.9,-6.9,-6.74));
#2329 = CARTESIAN_POINT('',(-6.9,-8.450062914117E-16,-6.74));
#2330 = PCURVE('',#1104,#2331);
#2331 = DEFINITIONAL_REPRESENTATION('',(#2332),#2336);
#2332 = B_SPLINE_CURVE_WITH_KNOTS('',2,(#2333,#2334,#2335),
  .UNSPECIFIED.,.F.,.F.,(3,3),(1.570796326795,3.14159265359),
  .PIECEWISE_BEZIER_KNOTS.);
#2333 = CARTESIAN_POINT('',(4.712388980385,7.24));
#2334 = CARTESIAN_POINT('',(5.497787143782,7.24));
#2335 = CARTESIAN_POINT('',(6.28318530718,7.24));
#2336 = ( GEOMETRIC_REPRESENTATION_CONTEXT(2) 
PARAMETRIC_REPRESENTATION_CONTEXT() REPRESENTATION_CONTEXT('2D SPACE',''
  ) );
#2337 = PCURVE('',#1138,#2338);
#2338 = DEFINITIONAL_REPRESENTATION('',(#2339),#2343);
#2339 = B_SPLINE_CURVE_WITH_KNOTS('',2,(#2340,#2341,#2342),
  .UNSPECIFIED.,.F.,.F.,(3,3),(1.570796326795,3.14159265359),
  .PIECEWISE_BEZIER_KNOTS.);
#2340 = CARTESIAN_POINT('',(3.141592653768,-7.554163810087E-26));
#2341 = CARTESIAN_POINT('',(3.926990816728,4.565467330843E-15));
#2342 = CARTESIAN_POINT('',(4.712388980474,-3.79454207493E-15));
#2343 = ( GEOMETRIC_REPRESENTATION_CONTEXT(2) 
PARAMETRIC_REPRESENTATION_CONTEXT() REPRESENTATION_CONTEXT('2D SPACE',''
  ) );
#2344 = ORIENTED_EDGE('',*,*,#1070,.F.);
#2345 = ADVANCED_FACE('',(#2346),#1530,.T.);
#2346 = FACE_BOUND('',#2347,.T.);
#2347 = EDGE_LOOP('',(#2348,#2349,#2350,#2351));
#2348 = ORIENTED_EDGE('',*,*,#1515,.F.);
#2349 = ORIENTED_EDGE('',*,*,#2041,.T.);
#2350 = ORIENTED_EDGE('',*,*,#1594,.T.);
#2351 = ORIENTED_EDGE('',*,*,#2352,.F.);
#2352 = EDGE_CURVE('',#1516,#1549,#2353,.T.);
#2353 = SURFACE_CURVE('',#2354,(#2365,#2376),.PCURVE_S1.);
#2354 = B_SPLINE_CURVE_WITH_KNOTS('',3,(#2355,#2356,#2357,#2358,#2359,
    #2360,#2361,#2362,#2363,#2364),.UNSPECIFIED.,.F.,.F.,(4,2,2,2,4),(
    9.179925464117E-04,1.373563175606E-03,1.829133804801E-03,
    2.284704433995E-03,2.740275063189E-03),.UNSPECIFIED.);
#2355 = CARTESIAN_POINT('',(1.23625,6.78834927928,-2.254));
#2356 = CARTESIAN_POINT('',(1.063766846296,6.819760788911,-2.254));
#2357 = CARTESIAN_POINT('',(0.892671393241,6.843125936981,
    -2.192797932723));
#2358 = CARTESIAN_POINT('',(0.647354649522,6.870674403829,
    -1.980694111016));
#2359 = CARTESIAN_POINT('',(0.575021733939,6.8759981098,-1.829857998614)
  );
#2360 = CARTESIAN_POINT('',(0.574978276444,6.876001743898,
    -1.528286104652));
#2361 = CARTESIAN_POINT('',(0.645996356099,6.870830526105,
    -1.378390710399));
#2362 = CARTESIAN_POINT('',(0.894421334781,6.842925827922,
    -1.163778763524));
#2363 = CARTESIAN_POINT('',(1.065518367506,6.819441813265,-1.104));
#2364 = CARTESIAN_POINT('',(1.23625,6.78834927928,-1.103999999999));
#2365 = PCURVE('',#1530,#2366);
#2366 = DEFINITIONAL_REPRESENTATION('',(#2367),#2375);
#2367 = B_SPLINE_CURVE_WITH_KNOTS('',3,(#2368,#2369,#2370,#2371,#2372,
    #2373,#2374),.UNSPECIFIED.,.F.,.F.,(4,3,4),(9.179925464117E-04,
    1.829133804801E-03,2.740275063189E-03),.PIECEWISE_BEZIER_KNOTS.);
#2368 = CARTESIAN_POINT('',(3.14159265359,0.202912416765));
#2369 = CARTESIAN_POINT('',(3.717653243946,0.258825465357));
#2370 = CARTESIAN_POINT('',(4.13008624345,0.279916218524));
#2371 = CARTESIAN_POINT('',(4.712249802597,0.279130371173));
#2372 = CARTESIAN_POINT('',(5.290827035289,0.280197549997));
#2373 = CARTESIAN_POINT('',(5.713019545407,0.258376403248));
#2374 = CARTESIAN_POINT('',(6.283185307179,0.202912416765));
#2375 = ( GEOMETRIC_REPRESENTATION_CONTEXT(2) 
PARAMETRIC_REPRESENTATION_CONTEXT() REPRESENTATION_CONTEXT('2D SPACE',''
  ) );
#2376 = PCURVE('',#1575,#2377);
#2377 = DEFINITIONAL_REPRESENTATION('',(#2378),#2385);
#2378 = B_SPLINE_CURVE_WITH_KNOTS('',5,(#2379,#2380,#2381,#2382,#2383,
    #2384),.UNSPECIFIED.,.F.,.F.,(6,6),(9.179925464117E-04,
    2.740275063189E-03),.PIECEWISE_BEZIER_KNOTS.);
#2379 = CARTESIAN_POINT('',(1.75093637909,1.157296582007));
#2380 = CARTESIAN_POINT('',(1.690704815629,1.155078048625));
#2381 = CARTESIAN_POINT('',(1.627196589721,0.885519991479));
#2382 = CARTESIAN_POINT('',(1.625426946405,0.2805553765));
#2383 = CARTESIAN_POINT('',(1.691605678762,7.852057848247E-03));
#2384 = CARTESIAN_POINT('',(1.75093637909,7.296582005835E-03));
#2385 = ( GEOMETRIC_REPRESENTATION_CONTEXT(2) 
PARAMETRIC_REPRESENTATION_CONTEXT() REPRESENTATION_CONTEXT('2D SPACE',''
  ) );
#2386 = ADVANCED_FACE('',(#2387),#1834,.T.);
#2387 = FACE_BOUND('',#2388,.T.);
#2388 = EDGE_LOOP('',(#2389,#2409,#2410,#2411,#2431,#2454));
#2389 = ORIENTED_EDGE('',*,*,#2390,.F.);
#2390 = EDGE_CURVE('',#1817,#2391,#2393,.T.);
#2391 = VERTEX_POINT('',#2392);
#2392 = CARTESIAN_POINT('',(-2.184995399774,5.935588340264,
    -4.294103286769E-05));
#2393 = SURFACE_CURVE('',#2394,(#2397,#2403),.PCURVE_S1.);
#2394 = B_SPLINE_CURVE_WITH_KNOTS('',1,(#2395,#2396),.UNSPECIFIED.,.F.,
  .F.,(2,2),(2.585834344414E-02,0.555698486581),
  .PIECEWISE_BEZIER_KNOTS.);
#2395 = CARTESIAN_POINT('',(-2.185,6.544904504871,0.));
#2396 = CARTESIAN_POINT('',(-2.185,5.935588340264,0.));
#2397 = PCURVE('',#1834,#2398);
#2398 = DEFINITIONAL_REPRESENTATION('',(#2399),#2402);
#2399 = B_SPLINE_CURVE_WITH_KNOTS('',1,(#2400,#2401),.UNSPECIFIED.,.F.,
  .F.,(2,2),(2.585834344414E-02,0.555698486581),
  .PIECEWISE_BEZIER_KNOTS.);
#2400 = CARTESIAN_POINT('',(4.182000030987,7.029211365164));
#2401 = CARTESIAN_POINT('',(4.182000030987,6.499371222027));
#2402 = ( GEOMETRIC_REPRESENTATION_CONTEXT(2) 
PARAMETRIC_REPRESENTATION_CONTEXT() REPRESENTATION_CONTEXT('2D SPACE',''
  ) );
#2403 = PCURVE('',#1861,#2404);
#2404 = DEFINITIONAL_REPRESENTATION('',(#2405),#2408);
#2405 = B_SPLINE_CURVE_WITH_KNOTS('',1,(#2406,#2407),.UNSPECIFIED.,.F.,
  .F.,(2,2),(2.585834344414E-02,0.555698486581),
  .PIECEWISE_BEZIER_KNOTS.);
#2406 = CARTESIAN_POINT('',(2.585834344414E-02,0.525858429871));
#2407 = CARTESIAN_POINT('',(0.555698486581,0.525858429871));
#2408 = ( GEOMETRIC_REPRESENTATION_CONTEXT(2) 
PARAMETRIC_REPRESENTATION_CONTEXT() REPRESENTATION_CONTEXT('2D SPACE',''
  ) );
#2409 = ORIENTED_EDGE('',*,*,#1816,.T.);
#2410 = ORIENTED_EDGE('',*,*,#2300,.T.);
#2411 = ORIENTED_EDGE('',*,*,#2412,.F.);
#2412 = EDGE_CURVE('',#2413,#2275,#2415,.T.);
#2413 = VERTEX_POINT('',#2414);
#2414 = CARTESIAN_POINT('',(-6.232891166916,-1.075540659441,
    -4.313107451125E-05));
#2415 = SURFACE_CURVE('',#2416,(#2419,#2425),.PCURVE_S1.);
#2416 = B_SPLINE_CURVE_WITH_KNOTS('',1,(#2417,#2418),.UNSPECIFIED.,.F.,
  .F.,(2,2),(2.586327579197E-02,0.555682482111),
  .PIECEWISE_BEZIER_KNOTS.);
#2417 = CARTESIAN_POINT('',(-6.232891142127,-1.075540702378,
    -6.776263578034E-18));
#2418 = CARTESIAN_POINT('',(-6.760553568025,-1.380186746012,
    -6.776263578034E-18));
#2419 = PCURVE('',#1834,#2420);
#2420 = DEFINITIONAL_REPRESENTATION('',(#2421),#2424);
#2421 = B_SPLINE_CURVE_WITH_KNOTS('',1,(#2422,#2423),.UNSPECIFIED.,.F.,
  .F.,(2,2),(2.586327579197E-02,0.555682482111),
  .PIECEWISE_BEZIER_KNOTS.);
#2422 = CARTESIAN_POINT('',(0.662094690007,0.402737271904));
#2423 = CARTESIAN_POINT('',(0.203257797922,0.137827668743));
#2424 = ( GEOMETRIC_REPRESENTATION_CONTEXT(2) 
PARAMETRIC_REPRESENTATION_CONTEXT() REPRESENTATION_CONTEXT('2D SPACE',''
  ) );
#2425 = PCURVE('',#2289,#2426);
#2426 = DEFINITIONAL_REPRESENTATION('',(#2427),#2430);
#2427 = B_SPLINE_CURVE_WITH_KNOTS('',1,(#2428,#2429),.UNSPECIFIED.,.F.,
  .F.,(2,2),(2.586327579197E-02,0.555682482111),
  .PIECEWISE_BEZIER_KNOTS.);
#2428 = CARTESIAN_POINT('',(2.586327579197E-02,2.588863250267E-02));
#2429 = CARTESIAN_POINT('',(0.555682482111,2.588863250267E-02));
#2430 = ( GEOMETRIC_REPRESENTATION_CONTEXT(2) 
PARAMETRIC_REPRESENTATION_CONTEXT() REPRESENTATION_CONTEXT('2D SPACE',''
  ) );
#2431 = ORIENTED_EDGE('',*,*,#2432,.T.);
#2432 = EDGE_CURVE('',#2413,#2433,#2435,.T.);
#2433 = VERTEX_POINT('',#2434);
#2434 = CARTESIAN_POINT('',(-6.324987787449,2.1904662126E-05,
    -4.814053821073E-05));
#2435 = SURFACE_CURVE('',#2436,(#2440,#2447),.PCURVE_S1.);
#2436 = ( BOUNDED_CURVE() B_SPLINE_CURVE(2,(#2437,#2438,#2439),
.UNSPECIFIED.,.F.,.F.) B_SPLINE_CURVE_WITH_KNOTS((3,3),(4.541512883125,
4.712392443579),.PIECEWISE_BEZIER_KNOTS.) CURVE() 
GEOMETRIC_REPRESENTATION_ITEM() RATIONAL_B_SPLINE_CURVE((1.,
0.996352241827,1.)) REPRESENTATION_ITEM('') );
#2437 = CARTESIAN_POINT('',(-6.233324230639,-1.075615388428,
    9.011844409076E-16));
#2438 = CARTESIAN_POINT('',(-6.325448850765,-0.54174181889,
    -5.243614813277E-13));
#2439 = CARTESIAN_POINT('',(-6.325446974532,2.190625237684E-05,
    -1.051486857027E-12));
#2440 = PCURVE('',#1834,#2441);
#2441 = DEFINITIONAL_REPRESENTATION('',(#2442),#2446);
#2442 = ( BOUNDED_CURVE() B_SPLINE_CURVE(2,(#2443,#2444,#2445),
.UNSPECIFIED.,.F.,.F.) B_SPLINE_CURVE_WITH_KNOTS((3,3),(4.541512883125,
4.712392443579),.PIECEWISE_BEZIER_KNOTS.) CURVE() 
GEOMETRIC_REPRESENTATION_ITEM() RATIONAL_B_SPLINE_CURVE((1.,
0.996352241827,1.)) REPRESENTATION_ITEM('') );
#2443 = CARTESIAN_POINT('',(0.661718091301,0.402672327512));
#2444 = CARTESIAN_POINT('',(0.581609725974,0.866910214067));
#2445 = CARTESIAN_POINT('',(0.581611357481,1.338009105495));
#2446 = ( GEOMETRIC_REPRESENTATION_CONTEXT(2) 
PARAMETRIC_REPRESENTATION_CONTEXT() REPRESENTATION_CONTEXT('2D SPACE',''
  ) );
#2447 = PCURVE('',#627,#2448);
#2448 = DEFINITIONAL_REPRESENTATION('',(#2449),#2453);
#2449 = B_SPLINE_CURVE_WITH_KNOTS('',2,(#2450,#2451,#2452),
  .UNSPECIFIED.,.F.,.F.,(3,3),(4.541512883125,4.712392443579),
  .PIECEWISE_BEZIER_KNOTS.);
#2450 = CARTESIAN_POINT('',(1.958951049518E-02,0.941510756693));
#2451 = CARTESIAN_POINT('',(1.958951047333E-02,0.969841816316));
#2452 = CARTESIAN_POINT('',(1.958951049518E-02,0.999998043934));
#2453 = ( GEOMETRIC_REPRESENTATION_CONTEXT(2) 
PARAMETRIC_REPRESENTATION_CONTEXT() REPRESENTATION_CONTEXT('2D SPACE',''
  ) );
#2454 = ORIENTED_EDGE('',*,*,#2455,.F.);
#2455 = EDGE_CURVE('',#2391,#2433,#2456,.T.);
#2456 = SURFACE_CURVE('',#2457,(#2461,#2468),.PCURVE_S1.);
#2457 = ( BOUNDED_CURVE() B_SPLINE_CURVE(2,(#2458,#2459,#2460),
.UNSPECIFIED.,.F.,.F.) B_SPLINE_CURVE_WITH_KNOTS((3,3),(0.352723303582,
1.5707928636),.PIECEWISE_BEZIER_KNOTS.) CURVE() 
GEOMETRIC_REPRESENTATION_ITEM() RATIONAL_B_SPLINE_CURVE((1.,
0.820200579072,1.)) REPRESENTATION_ITEM('') );
#2458 = CARTESIAN_POINT('',(-2.185155575693,5.936023461692,
    -1.344922403209E-15));
#2459 = CARTESIAN_POINT('',(-6.325431695263,4.411914349595,
    -1.744149829978E-12));
#2460 = CARTESIAN_POINT('',(-6.325446974504,2.190625238015E-05,
    -6.04008775934E-12));
#2461 = PCURVE('',#1834,#2462);
#2462 = DEFINITIONAL_REPRESENTATION('',(#2463),#2467);
#2463 = ( BOUNDED_CURVE() B_SPLINE_CURVE(2,(#2464,#2465,#2466),
.UNSPECIFIED.,.F.,.F.) B_SPLINE_CURVE_WITH_KNOTS((3,3),(0.352723303582,
1.5707928636),.PIECEWISE_BEZIER_KNOTS.) CURVE() 
GEOMETRIC_REPRESENTATION_ITEM() RATIONAL_B_SPLINE_CURVE((1.,
0.820200579072,1.)) REPRESENTATION_ITEM('') );
#2464 = CARTESIAN_POINT('',(4.181864747776,6.499749588486));
#2465 = CARTESIAN_POINT('',(0.581624643802,5.174437317097));
#2466 = CARTESIAN_POINT('',(0.581611357505,1.338009105495));
#2467 = ( GEOMETRIC_REPRESENTATION_CONTEXT(2) 
PARAMETRIC_REPRESENTATION_CONTEXT() REPRESENTATION_CONTEXT('2D SPACE',''
  ) );
#2468 = PCURVE('',#577,#2469);
#2469 = DEFINITIONAL_REPRESENTATION('',(#2470),#2476);
#2470 = B_SPLINE_CURVE_WITH_KNOTS('',4,(#2471,#2472,#2473,#2474,#2475),
  .UNSPECIFIED.,.F.,.F.,(5,5),(0.352723303582,1.5707928636),
  .PIECEWISE_BEZIER_KNOTS.);
#2471 = CARTESIAN_POINT('',(1.958728345172E-02,0.213507650905));
#2472 = CARTESIAN_POINT('',(1.958728345088E-02,0.177019519481));
#2473 = CARTESIAN_POINT('',(1.958728345382E-02,0.133943553841));
#2474 = CARTESIAN_POINT('',(1.958728345017E-02,8.2484849249E-02));
#2475 = CARTESIAN_POINT('',(1.958728345172E-02,1.523518819088E-02));
#2476 = ( GEOMETRIC_REPRESENTATION_CONTEXT(2) 
PARAMETRIC_REPRESENTATION_CONTEXT() REPRESENTATION_CONTEXT('2D SPACE',''
  ) );
#2477 = ADVANCED_FACE('',(#2478),#1861,.F.);
#2478 = FACE_BOUND('',#2479,.T.);
#2479 = EDGE_LOOP('',(#2480,#2500,#2501,#2502));
#2480 = ORIENTED_EDGE('',*,*,#2481,.F.);
#2481 = EDGE_CURVE('',#1847,#2482,#2484,.T.);
#2482 = VERTEX_POINT('',#2483);
#2483 = CARTESIAN_POINT('',(-2.185000115812,5.935604391627,0.5));
#2484 = SURFACE_CURVE('',#2485,(#2488,#2494),.PCURVE_S1.);
#2485 = B_SPLINE_CURVE_WITH_KNOTS('',1,(#2486,#2487),.UNSPECIFIED.,.F.,
  .F.,(2,2),(-0.264915964318,0.264910221112),.PIECEWISE_BEZIER_KNOTS.);
#2486 = CARTESIAN_POINT('',(-2.185,6.544904504871,0.5));
#2487 = CARTESIAN_POINT('',(-2.185,5.935604391627,0.5));
#2488 = PCURVE('',#1861,#2489);
#2489 = DEFINITIONAL_REPRESENTATION('',(#2490),#2493);
#2490 = B_SPLINE_CURVE_WITH_KNOTS('',1,(#2491,#2492),.UNSPECIFIED.,.F.,
  .F.,(2,2),(-0.264915964318,0.264910221112),.PIECEWISE_BEZIER_KNOTS.);
#2491 = CARTESIAN_POINT('',(2.585834344414E-02,2.58584298707E-02));
#2492 = CARTESIAN_POINT('',(0.555684528874,2.58584298707E-02));
#2493 = ( GEOMETRIC_REPRESENTATION_CONTEXT(2) 
PARAMETRIC_REPRESENTATION_CONTEXT() REPRESENTATION_CONTEXT('2D SPACE',''
  ) );
#2494 = PCURVE('',#1893,#2495);
#2495 = DEFINITIONAL_REPRESENTATION('',(#2496),#2499);
#2496 = B_SPLINE_CURVE_WITH_KNOTS('',1,(#2497,#2498),.UNSPECIFIED.,.F.,
  .F.,(2,2),(-0.264915964318,0.264910221112),.PIECEWISE_BEZIER_KNOTS.);
#2497 = CARTESIAN_POINT('',(7.600000053E-02,0.55568457823));
#2498 = CARTESIAN_POINT('',(7.600000053E-02,2.585839279997E-02));
#2499 = ( GEOMETRIC_REPRESENTATION_CONTEXT(2) 
PARAMETRIC_REPRESENTATION_CONTEXT() REPRESENTATION_CONTEXT('2D SPACE',''
  ) );
#2500 = ORIENTED_EDGE('',*,*,#1846,.T.);
#2501 = ORIENTED_EDGE('',*,*,#2390,.T.);
#2502 = ORIENTED_EDGE('',*,*,#2503,.T.);
#2503 = EDGE_CURVE('',#2391,#2482,#2504,.T.);
#2504 = SURFACE_CURVE('',#2505,(#2508,#2514),.PCURVE_S1.);
#2505 = B_SPLINE_CURVE_WITH_KNOTS('',1,(#2506,#2507),.UNSPECIFIED.,.F.,
  .F.,(2,2),(-0.250001951828,0.250040989205),.PIECEWISE_BEZIER_KNOTS.);
#2506 = CARTESIAN_POINT('',(-2.185000231624,5.935604348995,
    -4.29410328677E-05));
#2507 = CARTESIAN_POINT('',(-2.185000231624,5.935604348995,0.5));
#2508 = PCURVE('',#1861,#2509);
#2509 = DEFINITIONAL_REPRESENTATION('',(#2510),#2513);
#2510 = B_SPLINE_CURVE_WITH_KNOTS('',1,(#2511,#2512),.UNSPECIFIED.,.F.,
  .F.,(2,2),(-0.250001951828,0.250040989205),.PIECEWISE_BEZIER_KNOTS.);
#2511 = CARTESIAN_POINT('',(0.555684565946,0.525901370904));
#2512 = CARTESIAN_POINT('',(0.555684565946,2.58584298707E-02));
#2513 = ( GEOMETRIC_REPRESENTATION_CONTEXT(2) 
PARAMETRIC_REPRESENTATION_CONTEXT() REPRESENTATION_CONTEXT('2D SPACE',''
  ) );
#2514 = PCURVE('',#2515,#2522);
#2515 = ( BOUNDED_SURFACE() B_SPLINE_SURFACE(2,1,(
    (#2516,#2517)
    ,(#2518,#2519)
    ,(#2520,#2521
)),.UNSPECIFIED.,.F.,.F.,.F.) B_SPLINE_SURFACE_WITH_KNOTS((3,3),(2,2),(
    1.218073219692,1.923519630377),(-2.704090756963E-06,0.500081978409),
.PIECEWISE_BEZIER_KNOTS.) GEOMETRIC_REPRESENTATION_ITEM() 
RATIONAL_B_SPLINE_SURFACE((
    (1.,1.)
    ,(0.93843544974,0.93843544974)
,(1.,1.))) REPRESENTATION_ITEM('') SURFACE() );
#2516 = CARTESIAN_POINT('',(2.185,5.935604434259,-8.468250011461E-05));
#2517 = CARTESIAN_POINT('',(2.185,5.935604434259,0.5));
#2518 = CARTESIAN_POINT('',(-6.621296231323E-07,6.739941465076,
    -8.468250011461E-05));
#2519 = CARTESIAN_POINT('',(-6.621296231323E-07,6.739941465076,0.5));
#2520 = CARTESIAN_POINT('',(-2.185001166224,5.935604004952,
    -8.468250011461E-05));
#2521 = CARTESIAN_POINT('',(-2.185001166224,5.935604004952,0.5));
#2522 = DEFINITIONAL_REPRESENTATION('',(#2523),#2527);
#2523 = B_SPLINE_CURVE_WITH_KNOTS('',2,(#2524,#2525,#2526),
  .UNSPECIFIED.,.F.,.F.,(3,3),(-0.250001951828,0.250040989205),
  .PIECEWISE_BEZIER_KNOTS.);
#2524 = CARTESIAN_POINT('',(1.923519469608,3.903737648996E-05));
#2525 = CARTESIAN_POINT('',(1.923519469608,0.250060507893));
#2526 = CARTESIAN_POINT('',(1.923519469608,0.500081978409));
#2527 = ( GEOMETRIC_REPRESENTATION_CONTEXT(2) 
PARAMETRIC_REPRESENTATION_CONTEXT() REPRESENTATION_CONTEXT('2D SPACE',''
  ) );
#2528 = ADVANCED_FACE('',(#2529),#1893,.T.);
#2529 = FACE_BOUND('',#2530,.T.);
#2530 = EDGE_LOOP('',(#2531,#2554,#2572,#2573));
#2531 = ORIENTED_EDGE('',*,*,#2532,.F.);
#2532 = EDGE_CURVE('',#2533,#2482,#2535,.T.);
#2533 = VERTEX_POINT('',#2534);
#2534 = CARTESIAN_POINT('',(2.185,5.935604434259,0.5));
#2535 = SURFACE_CURVE('',#2536,(#2540,#2547),.PCURVE_S1.);
#2536 = ( BOUNDED_CURVE() B_SPLINE_CURVE(2,(#2537,#2538,#2539),
.UNSPECIFIED.,.F.,.F.) B_SPLINE_CURVE_WITH_KNOTS((3,3),(1.218073219692,
1.923519453409),.PIECEWISE_BEZIER_KNOTS.) CURVE() 
GEOMETRIC_REPRESENTATION_ITEM() RATIONAL_B_SPLINE_CURVE((1.,
0.938435480307,1.)) REPRESENTATION_ITEM('') );
#2537 = CARTESIAN_POINT('',(2.185,5.935604434259,0.5));
#2538 = CARTESIAN_POINT('',(-6.575274729201E-08,6.739941245539,0.5));
#2539 = CARTESIAN_POINT('',(-2.185000115812,5.935604391627,0.5));
#2540 = PCURVE('',#1893,#2541);
#2541 = DEFINITIONAL_REPRESENTATION('',(#2542),#2546);
#2542 = ( BOUNDED_CURVE() B_SPLINE_CURVE(2,(#2543,#2544,#2545),
.UNSPECIFIED.,.F.,.F.) B_SPLINE_CURVE_WITH_KNOTS((3,3),(1.218073219692,
1.923519453409),.PIECEWISE_BEZIER_KNOTS.) CURVE() 
GEOMETRIC_REPRESENTATION_ITEM() RATIONAL_B_SPLINE_CURVE((1.,
0.938435480307,1.)) REPRESENTATION_ITEM('') );
#2543 = CARTESIAN_POINT('',(3.87600000053,2.585842987158E-02));
#2544 = CARTESIAN_POINT('',(1.975999943354,0.725281744028));
#2545 = CARTESIAN_POINT('',(7.599989982411E-02,2.585839279997E-02));
#2546 = ( GEOMETRIC_REPRESENTATION_CONTEXT(2) 
PARAMETRIC_REPRESENTATION_CONTEXT() REPRESENTATION_CONTEXT('2D SPACE',''
  ) );
#2547 = PCURVE('',#2515,#2548);
#2548 = DEFINITIONAL_REPRESENTATION('',(#2549),#2553);
#2549 = B_SPLINE_CURVE_WITH_KNOTS('',2,(#2550,#2551,#2552),
  .UNSPECIFIED.,.F.,.F.,(3,3),(1.218073219692,1.923519453409),
  .PIECEWISE_BEZIER_KNOTS.);
#2550 = CARTESIAN_POINT('',(1.218073219692,0.500081978409));
#2551 = CARTESIAN_POINT('',(1.570796340251,0.500081978409));
#2552 = CARTESIAN_POINT('',(1.923519449686,0.500081978409));
#2553 = ( GEOMETRIC_REPRESENTATION_CONTEXT(2) 
PARAMETRIC_REPRESENTATION_CONTEXT() REPRESENTATION_CONTEXT('2D SPACE',''
  ) );
#2554 = ORIENTED_EDGE('',*,*,#2555,.F.);
#2555 = EDGE_CURVE('',#1873,#2533,#2556,.T.);
#2556 = SURFACE_CURVE('',#2557,(#2560,#2566),.PCURVE_S1.);
#2557 = B_SPLINE_CURVE_WITH_KNOTS('',1,(#2558,#2559),.UNSPECIFIED.,.F.,
  .F.,(2,2),(-0.555690195417,-2.586392195158E-02),
  .PIECEWISE_BEZIER_KNOTS.);
#2558 = CARTESIAN_POINT('',(2.185,6.544904648744,0.5));
#2559 = CARTESIAN_POINT('',(2.185,5.935604434259,0.5));
#2560 = PCURVE('',#1893,#2561);
#2561 = DEFINITIONAL_REPRESENTATION('',(#2562),#2565);
#2562 = B_SPLINE_CURVE_WITH_KNOTS('',1,(#2563,#2564),.UNSPECIFIED.,.F.,
  .F.,(2,2),(-0.555690195417,-2.586392195158E-02),
  .PIECEWISE_BEZIER_KNOTS.);
#2563 = CARTESIAN_POINT('',(3.87600000053,0.555684703337));
#2564 = CARTESIAN_POINT('',(3.87600000053,2.585842987158E-02));
#2565 = ( GEOMETRIC_REPRESENTATION_CONTEXT(2) 
PARAMETRIC_REPRESENTATION_CONTEXT() REPRESENTATION_CONTEXT('2D SPACE',''
  ) );
#2566 = PCURVE('',#1918,#2567);
#2567 = DEFINITIONAL_REPRESENTATION('',(#2568),#2571);
#2568 = B_SPLINE_CURVE_WITH_KNOTS('',1,(#2569,#2570),.UNSPECIFIED.,.F.,
  .F.,(2,2),(-0.555690195417,-2.586392195158E-02),
  .PIECEWISE_BEZIER_KNOTS.);
#2569 = CARTESIAN_POINT('',(0.555690195417,0.525887182599));
#2570 = CARTESIAN_POINT('',(2.586392195158E-02,0.525887182599));
#2571 = ( GEOMETRIC_REPRESENTATION_CONTEXT(2) 
PARAMETRIC_REPRESENTATION_CONTEXT() REPRESENTATION_CONTEXT('2D SPACE',''
  ) );
#2572 = ORIENTED_EDGE('',*,*,#1872,.T.);
#2573 = ORIENTED_EDGE('',*,*,#2481,.T.);
#2574 = ADVANCED_FACE('',(#2575),#1918,.T.);
#2575 = FACE_BOUND('',#2576,.T.);
#2576 = EDGE_LOOP('',(#2577,#2578,#2599,#2617));
#2577 = ORIENTED_EDGE('',*,*,#2555,.T.);
#2578 = ORIENTED_EDGE('',*,*,#2579,.F.);
#2579 = EDGE_CURVE('',#2580,#2533,#2582,.T.);
#2580 = VERTEX_POINT('',#2581);
#2581 = CARTESIAN_POINT('',(2.184993089392,5.935591443353,
    -4.50384865419E-05));
#2582 = SURFACE_CURVE('',#2583,(#2586,#2592),.PCURVE_S1.);
#2583 = B_SPLINE_CURVE_WITH_KNOTS('',1,(#2584,#2585),.UNSPECIFIED.,.F.,
  .F.,(2,2),(0.,0.500045038487),.PIECEWISE_BEZIER_KNOTS.);
#2584 = CARTESIAN_POINT('',(2.185,5.935604434259,-4.50384865419E-05));
#2585 = CARTESIAN_POINT('',(2.185,5.935604434259,0.5));
#2586 = PCURVE('',#1918,#2587);
#2587 = DEFINITIONAL_REPRESENTATION('',(#2588),#2591);
#2588 = B_SPLINE_CURVE_WITH_KNOTS('',1,(#2589,#2590),.UNSPECIFIED.,.F.,
  .F.,(2,2),(0.,0.500045038487),.PIECEWISE_BEZIER_KNOTS.);
#2589 = CARTESIAN_POINT('',(2.586392195158E-02,2.584214411261E-02));
#2590 = CARTESIAN_POINT('',(2.586392195158E-02,0.525887182599));
#2591 = ( GEOMETRIC_REPRESENTATION_CONTEXT(2) 
PARAMETRIC_REPRESENTATION_CONTEXT() REPRESENTATION_CONTEXT('2D SPACE',''
  ) );
#2592 = PCURVE('',#2515,#2593);
#2593 = DEFINITIONAL_REPRESENTATION('',(#2594),#2598);
#2594 = B_SPLINE_CURVE_WITH_KNOTS('',2,(#2595,#2596,#2597),
  .UNSPECIFIED.,.F.,.F.,(3,3),(0.,0.500045038487),
  .PIECEWISE_BEZIER_KNOTS.);
#2595 = CARTESIAN_POINT('',(1.218073219692,3.693992281572E-05));
#2596 = CARTESIAN_POINT('',(1.218073219692,0.250059459166));
#2597 = CARTESIAN_POINT('',(1.218073219692,0.500081978409));
#2598 = ( GEOMETRIC_REPRESENTATION_CONTEXT(2) 
PARAMETRIC_REPRESENTATION_CONTEXT() REPRESENTATION_CONTEXT('2D SPACE',''
  ) );
#2599 = ORIENTED_EDGE('',*,*,#2600,.F.);
#2600 = EDGE_CURVE('',#1726,#2580,#2601,.T.);
#2601 = SURFACE_CURVE('',#2602,(#2605,#2611),.PCURVE_S1.);
#2602 = B_SPLINE_CURVE_WITH_KNOTS('',1,(#2603,#2604),.UNSPECIFIED.,.F.,
  .F.,(2,2),(-7.029211490672,-6.499373920767),.PIECEWISE_BEZIER_KNOTS.);
#2603 = CARTESIAN_POINT('',(2.185,6.544904648744,0.));
#2604 = CARTESIAN_POINT('',(2.185,5.935591443353,0.));
#2605 = PCURVE('',#1918,#2606);
#2606 = DEFINITIONAL_REPRESENTATION('',(#2607),#2610);
#2607 = B_SPLINE_CURVE_WITH_KNOTS('',1,(#2608,#2609),.UNSPECIFIED.,.F.,
  .F.,(2,2),(-7.029211490672,-6.499373920767),.PIECEWISE_BEZIER_KNOTS.);
#2608 = CARTESIAN_POINT('',(0.555690195417,2.588718259915E-02));
#2609 = CARTESIAN_POINT('',(2.585262551157E-02,2.588718259915E-02));
#2610 = ( GEOMETRIC_REPRESENTATION_CONTEXT(2) 
PARAMETRIC_REPRESENTATION_CONTEXT() REPRESENTATION_CONTEXT('2D SPACE',''
  ) );
#2611 = PCURVE('',#548,#2612);
#2612 = DEFINITIONAL_REPRESENTATION('',(#2613),#2616);
#2613 = B_SPLINE_CURVE_WITH_KNOTS('',1,(#2614,#2615),.UNSPECIFIED.,.F.,
  .F.,(2,2),(-7.029211490672,-6.499373920767),.PIECEWISE_BEZIER_KNOTS.);
#2614 = CARTESIAN_POINT('',(8.2014971647E-02,7.029211490672));
#2615 = CARTESIAN_POINT('',(8.2014971647E-02,6.499373920767));
#2616 = ( GEOMETRIC_REPRESENTATION_CONTEXT(2) 
PARAMETRIC_REPRESENTATION_CONTEXT() REPRESENTATION_CONTEXT('2D SPACE',''
  ) );
#2617 = ORIENTED_EDGE('',*,*,#1905,.T.);
#2618 = ADVANCED_FACE('',(#2619),#548,.T.);
#2619 = FACE_BOUND('',#2620,.T.);
#2620 = EDGE_LOOP('',(#2621,#2641,#2642,#2643,#2644,#2667,#2668));
#2621 = ORIENTED_EDGE('',*,*,#2622,.F.);
#2622 = EDGE_CURVE('',#2077,#2623,#2625,.T.);
#2623 = VERTEX_POINT('',#2624);
#2624 = CARTESIAN_POINT('',(6.232893272952,-1.075541940507,
    -4.074425640696E-05));
#2625 = SURFACE_CURVE('',#2626,(#2629,#2635),.PCURVE_S1.);
#2626 = B_SPLINE_CURVE_WITH_KNOTS('',1,(#2627,#2628),.UNSPECIFIED.,.F.,
  .F.,(2,2),(2.585842987079E-02,0.555675493222),
  .PIECEWISE_BEZIER_KNOTS.);
#2627 = CARTESIAN_POINT('',(6.760553568025,-1.380186746012,0.));
#2628 = CARTESIAN_POINT('',(6.232893276371,-1.075541934585,0.));
#2629 = PCURVE('',#548,#2630);
#2630 = DEFINITIONAL_REPRESENTATION('',(#2631),#2634);
#2631 = B_SPLINE_CURVE_WITH_KNOTS('',1,(#2632,#2633),.UNSPECIFIED.,.F.,
  .F.,(2,2),(2.585842987079E-02,0.555675493222),
  .PIECEWISE_BEZIER_KNOTS.);
#2632 = CARTESIAN_POINT('',(4.060757204712,0.137827669144));
#2633 = CARTESIAN_POINT('',(3.601922168492,0.40273620082));
#2634 = ( GEOMETRIC_REPRESENTATION_CONTEXT(2) 
PARAMETRIC_REPRESENTATION_CONTEXT() REPRESENTATION_CONTEXT('2D SPACE',''
  ) );
#2635 = PCURVE('',#2116,#2636);
#2636 = DEFINITIONAL_REPRESENTATION('',(#2637),#2640);
#2637 = B_SPLINE_CURVE_WITH_KNOTS('',1,(#2638,#2639),.UNSPECIFIED.,.F.,
  .F.,(2,2),(2.585842987079E-02,0.555675493222),
  .PIECEWISE_BEZIER_KNOTS.);
#2638 = CARTESIAN_POINT('',(2.585842987079E-02,2.588967479269E-02));
#2639 = CARTESIAN_POINT('',(0.555675493222,2.588967479269E-02));
#2640 = ( GEOMETRIC_REPRESENTATION_CONTEXT(2) 
PARAMETRIC_REPRESENTATION_CONTEXT() REPRESENTATION_CONTEXT('2D SPACE',''
  ) );
#2641 = ORIENTED_EDGE('',*,*,#2076,.T.);
#2642 = ORIENTED_EDGE('',*,*,#1723,.T.);
#2643 = ORIENTED_EDGE('',*,*,#2600,.T.);
#2644 = ORIENTED_EDGE('',*,*,#2645,.F.);
#2645 = EDGE_CURVE('',#504,#2580,#2646,.T.);
#2646 = SURFACE_CURVE('',#2647,(#2651,#2658),.PCURVE_S1.);
#2647 = ( BOUNDED_CURVE() B_SPLINE_CURVE(2,(#2648,#2649,#2650),
.UNSPECIFIED.,.F.,.F.) B_SPLINE_CURVE_WITH_KNOTS((3,3),(4.775220833457,
5.93046251587),.PIECEWISE_BEZIER_KNOTS.) CURVE() 
GEOMETRIC_REPRESENTATION_ITEM() RATIONAL_B_SPLINE_CURVE((1.,
0.837764117299,1.)) REPRESENTATION_ITEM('') );
#2648 = CARTESIAN_POINT('',(6.312965149876,0.397178101789,
    3.857611517647E-13));
#2649 = CARTESIAN_POINT('',(6.054095055065,4.511800432496,
    4.37606250945E-12));
#2650 = CARTESIAN_POINT('',(2.185152534836,5.936024581113,
    5.521058782779E-12));
#2651 = PCURVE('',#548,#2652);
#2652 = DEFINITIONAL_REPRESENTATION('',(#2653),#2657);
#2653 = ( BOUNDED_CURVE() B_SPLINE_CURVE(2,(#2654,#2655,#2656),
.UNSPECIFIED.,.F.,.F.) B_SPLINE_CURVE_WITH_KNOTS((3,3),(4.775220833457,
5.93046251587),.PIECEWISE_BEZIER_KNOTS.) CURVE() 
GEOMETRIC_REPRESENTATION_ITEM() RATIONAL_B_SPLINE_CURVE((1.,
0.837764117299,1.)) REPRESENTATION_ITEM('') );
#2654 = CARTESIAN_POINT('',(3.671549884583,1.683362319406));
#2655 = CARTESIAN_POINT('',(3.446445454312,5.26129478089));
#2656 = CARTESIAN_POINT('',(8.214761063485E-02,6.499750562297));
#2657 = ( GEOMETRIC_REPRESENTATION_CONTEXT(2) 
PARAMETRIC_REPRESENTATION_CONTEXT() REPRESENTATION_CONTEXT('2D SPACE',''
  ) );
#2658 = PCURVE('',#577,#2659);
#2659 = DEFINITIONAL_REPRESENTATION('',(#2660),#2666);
#2660 = B_SPLINE_CURVE_WITH_KNOTS('',4,(#2661,#2662,#2663,#2664,#2665),
  .UNSPECIFIED.,.F.,.F.,(5,5),(4.775220833457,5.93046251587),
  .PIECEWISE_BEZIER_KNOTS.);
#2661 = CARTESIAN_POINT('',(1.958728344735E-02,0.5));
#2662 = CARTESIAN_POINT('',(1.958728344639E-02,0.431790409628));
#2663 = CARTESIAN_POINT('',(1.958728344867E-02,0.380735066557));
#2664 = CARTESIAN_POINT('',(1.958728344682E-02,0.338312873895));
#2665 = CARTESIAN_POINT('',(1.958728344735E-02,0.302704971866));
#2666 = ( GEOMETRIC_REPRESENTATION_CONTEXT(2) 
PARAMETRIC_REPRESENTATION_CONTEXT() REPRESENTATION_CONTEXT('2D SPACE',''
  ) );
#2667 = ORIENTED_EDGE('',*,*,#501,.F.);
#2668 = ORIENTED_EDGE('',*,*,#2669,.T.);
#2669 = EDGE_CURVE('',#502,#2623,#2670,.T.);
#2670 = SURFACE_CURVE('',#2671,(#2675,#2682),.PCURVE_S1.);
#2671 = ( BOUNDED_CURVE() B_SPLINE_CURVE(2,(#2672,#2673,#2674),
.UNSPECIFIED.,.F.,.F.) B_SPLINE_CURVE_WITH_KNOTS((3,3),(1.570796327573,
1.741672567025),.PIECEWISE_BEZIER_KNOTS.) CURVE() 
GEOMETRIC_REPRESENTATION_ITEM() RATIONAL_B_SPLINE_CURVE((1.,
0.996352383526,1.)) REPRESENTATION_ITEM('') );
#2672 = CARTESIAN_POINT('',(6.325446974571,-4.920658473633E-09,
    2.231210223734E-16));
#2673 = CARTESIAN_POINT('',(6.32544697415,-0.541753149607,
    5.27338320531E-13));
#2674 = CARTESIAN_POINT('',(6.23332407686,-1.075616279606,
    1.040962660501E-12));
#2675 = PCURVE('',#548,#2676);
#2676 = DEFINITIONAL_REPRESENTATION('',(#2677),#2681);
#2677 = ( BOUNDED_CURVE() B_SPLINE_CURVE(2,(#2678,#2679,#2680),
.UNSPECIFIED.,.F.,.F.) B_SPLINE_CURVE_WITH_KNOTS((3,3),(1.570796327573,
1.741672567025),.PIECEWISE_BEZIER_KNOTS.) CURVE() 
GEOMETRIC_REPRESENTATION_ITEM() RATIONAL_B_SPLINE_CURVE((1.,
0.996352383526,1.)) REPRESENTATION_ITEM('') );
#2678 = CARTESIAN_POINT('',(3.682403645187,1.337990052702));
#2679 = CARTESIAN_POINT('',(3.682403644821,0.86690036167));
#2680 = CARTESIAN_POINT('',(3.602296777612,0.402671552975));
#2681 = ( GEOMETRIC_REPRESENTATION_CONTEXT(2) 
PARAMETRIC_REPRESENTATION_CONTEXT() REPRESENTATION_CONTEXT('2D SPACE',''
  ) );
#2682 = PCURVE('',#627,#2683);
#2683 = DEFINITIONAL_REPRESENTATION('',(#2684),#2688);
#2684 = B_SPLINE_CURVE_WITH_KNOTS('',2,(#2685,#2686,#2687),
  .UNSPECIFIED.,.F.,.F.,(3,3),(1.570796327573,1.741672567025),
  .PIECEWISE_BEZIER_KNOTS.);
#2685 = CARTESIAN_POINT('',(1.958951049497E-02,3.259664618975E-14));
#2686 = CARTESIAN_POINT('',(1.958951047313E-02,3.015571230956E-02));
#2687 = CARTESIAN_POINT('',(1.958951049497E-02,5.848630249109E-02));
#2688 = ( GEOMETRIC_REPRESENTATION_CONTEXT(2) 
PARAMETRIC_REPRESENTATION_CONTEXT() REPRESENTATION_CONTEXT('2D SPACE',''
  ) );
#2689 = ADVANCED_FACE('',(#2690),#1138,.T.);
#2690 = FACE_BOUND('',#2691,.T.);
#2691 = EDGE_LOOP('',(#2692,#2693,#2694,#2695,#2696,#2797));
#2692 = ORIENTED_EDGE('',*,*,#1122,.F.);
#2693 = ORIENTED_EDGE('',*,*,#2324,.T.);
#2694 = ORIENTED_EDGE('',*,*,#1771,.T.);
#2695 = ORIENTED_EDGE('',*,*,#1410,.T.);
#2696 = ORIENTED_EDGE('',*,*,#2697,.F.);
#2697 = EDGE_CURVE('',#2698,#1263,#2700,.T.);
#2698 = VERTEX_POINT('',#2699);
#2699 = CARTESIAN_POINT('',(-6.600999999999,-1.353500531421E-13,-7.));
#2700 = SURFACE_CURVE('',#2701,(#2712,#2783),.PCURVE_S1.);
#2701 = B_SPLINE_CURVE_WITH_KNOTS('',3,(#2702,#2703,#2704,#2705,#2706,
    #2707,#2708,#2709,#2710,#2711),.UNSPECIFIED.,.F.,.F.,(4,2,2,2,4),(0.
    ,0.125,0.25,0.375,0.499999999488),.UNSPECIFIED.);
#2702 = CARTESIAN_POINT('',(-6.600999999999,-1.353500531421E-13,-7.));
#2703 = CARTESIAN_POINT('',(-6.601,0.866429709151,-7.));
#2704 = CARTESIAN_POINT('',(-6.429860701293,1.725970515155,-7.));
#2705 = CARTESIAN_POINT('',(-5.767196886921,3.326216158928,-7.));
#2706 = CARTESIAN_POINT('',(-5.279916377918,4.055189995474,-7.));
#2707 = CARTESIAN_POINT('',(-4.055307347307,5.280033729751,-7.));
#2708 = CARTESIAN_POINT('',(-3.326152648572,5.767043559365,-7.));
#2709 = CARTESIAN_POINT('',(-1.726034025512,6.430014028849,-7.));
#2710 = CARTESIAN_POINT('',(-0.866012330126,6.600917019725,-7.));
#2711 = CARTESIAN_POINT('',(-1.063758808563E-08,6.600999999999,-7.));
#2712 = PCURVE('',#1138,#2713);
#2713 = DEFINITIONAL_REPRESENTATION('',(#2714),#2782);
#2714 = B_SPLINE_CURVE_WITH_KNOTS('',6,(#2715,#2716,#2717,#2718,#2719,
    #2720,#2721,#2722,#2723,#2724,#2725,#2726,#2727,#2728,#2729,#2730,
    #2731,#2732,#2733,#2734,#2735,#2736,#2737,#2738,#2739,#2740,#2741,
    #2742,#2743,#2744,#2745,#2746,#2747,#2748,#2749,#2750,#2751,#2752,
    #2753,#2754,#2755,#2756,#2757,#2758,#2759,#2760,#2761,#2762,#2763,
    #2764,#2765,#2766,#2767,#2768,#2769,#2770,#2771,#2772,#2773,#2774,
    #2775,#2776,#2777,#2778,#2779,#2780,#2781),.UNSPECIFIED.,.F.,.F.,(7,
    5,5,5,5,5,5,5,5,5,5,5,5,7),(0.,0.124999999872,0.218749999776,
    0.236328124758,0.244567870843,0.248558997853,0.250523380679,
    0.312892535381,0.359669401408,0.368440063788,0.372551311779,
    0.374542697524,0.37846323821,0.499999999488),.UNSPECIFIED.);
#2715 = CARTESIAN_POINT('',(4.712388980474,1.570744802045));
#2716 = CARTESIAN_POINT('',(4.785284089091,1.570744807562));
#2717 = CARTESIAN_POINT('',(4.855569582007,1.571154380611));
#2718 = CARTESIAN_POINT('',(4.923829804517,1.571452203784));
#2719 = CARTESIAN_POINT('',(4.990502605993,1.571285813124));
#2720 = CARTESIAN_POINT('',(5.055975137043,1.570898908856));
#2721 = CARTESIAN_POINT('',(5.169113535124,1.570629225105));
#2722 = CARTESIAN_POINT('',(5.216929790965,1.570882044645));
#2723 = CARTESIAN_POINT('',(5.264242172878,1.571187752651));
#2724 = CARTESIAN_POINT('',(5.311194399624,1.571319830758));
#2725 = CARTESIAN_POINT('',(5.357921024803,1.571246963761));
#2726 = CARTESIAN_POINT('',(5.413303124743,1.571059015771));
#2727 = CARTESIAN_POINT('',(5.422044536745,1.571026333143));
#2728 = CARTESIAN_POINT('',(5.430783717197,1.570991439144));
#2729 = CARTESIAN_POINT('',(5.439521570113,1.570955303231));
#2730 = CARTESIAN_POINT('',(5.448259004952,1.570919068641));
#2731 = CARTESIAN_POINT('',(5.461092842401,1.57086764177));
#2732 = CARTESIAN_POINT('',(5.465188856995,1.570851489094));
#2733 = CARTESIAN_POINT('',(5.469285075456,1.570835740199));
#2734 = CARTESIAN_POINT('',(5.473381592844,1.570820540916));
#2735 = CARTESIAN_POINT('',(5.477478504218,1.570806037074));
#2736 = CARTESIAN_POINT('',(5.483560583101,1.570785758651));
#2737 = CARTESIAN_POINT('',(5.485545376398,1.570779341758));
#2738 = CARTESIAN_POINT('',(5.487530295463,1.570773142153));
#2739 = CARTESIAN_POINT('',(5.489515351225,1.570767178167));
#2740 = CARTESIAN_POINT('',(5.491500554614,1.570761468133));
#2741 = CARTESIAN_POINT('',(5.4944630954,1.570753345609));
#2742 = CARTESIAN_POINT('',(5.4954402819,1.570750757693));
#2743 = CARTESIAN_POINT('',(5.496417533686,1.570748212286));
#2744 = CARTESIAN_POINT('',(5.497394854591,1.570745709309));
#2745 = CARTESIAN_POINT('',(5.498372194654,1.57074330295));
#2746 = CARTESIAN_POINT('',(5.530377509984,1.570670986073));
#2747 = CARTESIAN_POINT('',(5.561363475272,1.570760815641));
#2748 = CARTESIAN_POINT('',(5.592349992998,1.570918104496));
#2749 = CARTESIAN_POINT('',(5.623377543843,1.571068101641));
#2750 = CARTESIAN_POINT('',(5.65448597044,1.57116737617));
#2751 = CARTESIAN_POINT('',(5.709138603719,1.571232532473));
#2752 = CARTESIAN_POINT('',(5.732629587638,1.571225610761));
#2753 = CARTESIAN_POINT('',(5.756206205534,1.571178874699));
#2754 = CARTESIAN_POINT('',(5.779885950083,1.571098024305));
#2755 = CARTESIAN_POINT('',(5.803687006488,1.570998411683));
#2756 = CARTESIAN_POINT('',(5.832117720462,1.570886323453));
#2757 = CARTESIAN_POINT('',(5.836611722392,1.57086879786));
#2758 = CARTESIAN_POINT('',(5.841110794798,1.570851613609));
#2759 = CARTESIAN_POINT('',(5.845615066996,1.570834942086));
#2760 = CARTESIAN_POINT('',(5.850124668305,1.570818954675));
#2761 = CARTESIAN_POINT('',(5.856756162689,1.570796732135));
#2762 = CARTESIAN_POINT('',(5.858873797004,1.570789831451));
#2763 = CARTESIAN_POINT('',(5.860992644656,1.570783140427));
#2764 = CARTESIAN_POINT('',(5.86311271932,1.570776678778));
#2765 = CARTESIAN_POINT('',(5.865234034667,1.570770466218));
#2766 = CARTESIAN_POINT('',(5.868384721469,1.570761639664));
#2767 = CARTESIAN_POINT('',(5.869413136029,1.570758824709));
#2768 = CARTESIAN_POINT('',(5.87044184805,1.570756077598));
#2769 = CARTESIAN_POINT('',(5.871470857534,1.57075339833));
#2770 = CARTESIAN_POINT('',(5.872500164478,1.570750786906));
#2771 = CARTESIAN_POINT('',(5.875556796812,1.570743253384));
#2772 = CARTESIAN_POINT('',(5.877585184788,1.570738355437));
#2773 = CARTESIAN_POINT('',(5.879613733656,1.570734771624));
#2774 = CARTESIAN_POINT('',(5.881643655222,1.570731241311));
#2775 = CARTESIAN_POINT('',(5.88367414299,1.57072858741));
#2776 = CARTESIAN_POINT('',(5.948679555732,1.570659275975));
#2777 = CARTESIAN_POINT('',(6.012478221995,1.571134127606));
#2778 = CARTESIAN_POINT('',(6.07744728153,1.571486237204));
#2779 = CARTESIAN_POINT('',(6.143937869237,1.57132288351));
#2780 = CARTESIAN_POINT('',(6.212343962574,1.570894635774));
#2781 = CARTESIAN_POINT('',(6.28318530539,1.570744802045));
#2782 = ( GEOMETRIC_REPRESENTATION_CONTEXT(2) 
PARAMETRIC_REPRESENTATION_CONTEXT() REPRESENTATION_CONTEXT('2D SPACE',''
  ) );
#2783 = PCURVE('',#984,#2784);
#2784 = DEFINITIONAL_REPRESENTATION('',(#2785),#2796);
#2785 = B_SPLINE_CURVE_WITH_KNOTS('',3,(#2786,#2787,#2788,#2789,#2790,
    #2791,#2792,#2793,#2794,#2795),.UNSPECIFIED.,.F.,.F.,(4,2,2,2,4),(0.
    ,0.125,0.25,0.375,0.499999999488),.UNSPECIFIED.);
#2786 = CARTESIAN_POINT('',(11.709599999999,5.969596785054));
#2787 = CARTESIAN_POINT('',(11.7096,5.216179646662));
#2788 = CARTESIAN_POINT('',(11.560783218516,4.468752858832));
#2789 = CARTESIAN_POINT('',(10.984553814714,3.077234907725));
#2790 = CARTESIAN_POINT('',(10.560831632972,2.443344615077));
#2791 = CARTESIAN_POINT('',(9.495954215049,1.37826310701));
#2792 = CARTESIAN_POINT('',(8.861906650932,0.95477629865));
#2793 = CARTESIAN_POINT('',(7.470499152619,0.378280238229));
#2794 = CARTESIAN_POINT('',(6.72265420011,0.229668941815));
#2795 = CARTESIAN_POINT('',(5.96960000925,0.229596785055));
#2796 = ( GEOMETRIC_REPRESENTATION_CONTEXT(2) 
PARAMETRIC_REPRESENTATION_CONTEXT() REPRESENTATION_CONTEXT('2D SPACE',''
  ) );
#2797 = ORIENTED_EDGE('',*,*,#2798,.F.);
#2798 = EDGE_CURVE('',#1123,#2698,#2799,.T.);
#2799 = SURFACE_CURVE('',#2800,(#2813,#2927),.PCURVE_S1.);
#2800 = B_SPLINE_CURVE_WITH_KNOTS('',3,(#2801,#2802,#2803,#2804,#2805,
    #2806,#2807,#2808,#2809,#2810,#2811,#2812),.UNSPECIFIED.,.F.,.F.,(4,
    2,2,2,2,4),(0.499999999488,0.625,0.75,0.875,0.9375,1.),
  .UNSPECIFIED.);
#2801 = CARTESIAN_POINT('',(1.063758528029E-08,-6.600999999999,-7.));
#2802 = CARTESIAN_POINT('',(-0.866012330129,-6.601082980276,-7.));
#2803 = CARTESIAN_POINT('',(-1.725970515161,-6.429860701291,-7.));
#2804 = CARTESIAN_POINT('',(-3.326216158922,-5.767196886923,-7.));
#2805 = CARTESIAN_POINT('',(-4.055189995465,-5.279916377928,-7.));
#2806 = CARTESIAN_POINT('',(-5.28003372976,-4.055307347297,-7.));
#2807 = CARTESIAN_POINT('',(-5.767043559365,-3.326152648575,-7.));
#2808 = CARTESIAN_POINT('',(-6.264271411478,-2.126063681275,-7.));
#2809 = CARTESIAN_POINT('',(-6.389606059903,-1.712678080968,-7.));
#2810 = CARTESIAN_POINT('',(-6.558721211981,-0.862904350289,-7.));
#2811 = CARTESIAN_POINT('',(-6.601,-0.433640611747,-7.));
#2812 = CARTESIAN_POINT('',(-6.600999999999,-1.353500531421E-13,-7.));
#2813 = PCURVE('',#1138,#2814);
#2814 = DEFINITIONAL_REPRESENTATION('',(#2815),#2926);
#2815 = B_SPLINE_CURVE_WITH_KNOTS('',7,(#2816,#2817,#2818,#2819,#2820,
    #2821,#2822,#2823,#2824,#2825,#2826,#2827,#2828,#2829,#2830,#2831,
    #2832,#2833,#2834,#2835,#2836,#2837,#2838,#2839,#2840,#2841,#2842,
    #2843,#2844,#2845,#2846,#2847,#2848,#2849,#2850,#2851,#2852,#2853,
    #2854,#2855,#2856,#2857,#2858,#2859,#2860,#2861,#2862,#2863,#2864,
    #2865,#2866,#2867,#2868,#2869,#2870,#2871,#2872,#2873,#2874,#2875,
    #2876,#2877,#2878,#2879,#2880,#2881,#2882,#2883,#2884,#2885,#2886,
    #2887,#2888,#2889,#2890,#2891,#2892,#2893,#2894,#2895,#2896,#2897,
    #2898,#2899,#2900,#2901,#2902,#2903,#2904,#2905,#2906,#2907,#2908,
    #2909,#2910,#2911,#2912,#2913,#2914,#2915,#2916,#2917,#2918,#2919,
    #2920,#2921,#2922,#2923,#2924,#2925),.UNSPECIFIED.,.F.,.F.,(8,6,6,6,
    6,6,6,6,6,6,6,6,6,6,6,6,6,6,8),(0.499999999488,0.624999999616,
    0.718749999712,0.73632812473,0.744567870832,0.748558997851,
    0.75052338068,0.81289253551,0.859669401632,0.86844006403,
    0.872551312029,0.874542697779,0.876502968126,0.907377226095,
    0.930532919571,0.934874612098,0.93690978047,0.93888134983,1.),
  .UNSPECIFIED.);
#2816 = CARTESIAN_POINT('',(3.141592651978,1.570744802045));
#2817 = CARTESIAN_POINT('',(3.204044075261,1.570612722822));
#2818 = CARTESIAN_POINT('',(3.264652405723,1.570948403051));
#2819 = CARTESIAN_POINT('',(3.323744690711,1.571324650292));
#2820 = CARTESIAN_POINT('',(3.38158533542,1.571434384525));
#2821 = CARTESIAN_POINT('',(3.438403812862,1.571219349723));
#2822 = CARTESIAN_POINT('',(3.494414596739,1.570876891673));
#2823 = CARTESIAN_POINT('',(3.591390366279,1.570645735817));
#2824 = CARTESIAN_POINT('',(3.632471676269,1.570809810137));
#2825 = CARTESIAN_POINT('',(3.673169110491,1.571056734631));
#2826 = CARTESIAN_POINT('',(3.713568228536,1.571244357341));
#2827 = CARTESIAN_POINT('',(3.753748536793,1.571299011485));
#2828 = CARTESIAN_POINT('',(3.793787205962,1.571224353353));
#2829 = CARTESIAN_POINT('',(3.841257577431,1.571063255115));
#2830 = CARTESIAN_POINT('',(3.848750663465,1.571035671018));
#2831 = CARTESIAN_POINT('',(3.856242027167,1.571006393701));
#2832 = CARTESIAN_POINT('',(3.863732184339,1.570975952314));
#2833 = CARTESIAN_POINT('',(3.871221653117,1.570944950484));
#2834 = CARTESIAN_POINT('',(3.878710953968,1.570914066316));
#2835 = CARTESIAN_POINT('',(3.88971138609,1.570869986143));
#2836 = CARTESIAN_POINT('',(3.893222240205,1.570856104142));
#2837 = CARTESIAN_POINT('',(3.89673322636,1.570842489724));
#2838 = CARTESIAN_POINT('',(3.900244398873,1.57082922622));
#2839 = CARTESIAN_POINT('',(3.903755812066,1.57081639696));
#2840 = CARTESIAN_POINT('',(3.907267520259,1.570804085277));
#2841 = CARTESIAN_POINT('',(3.91248073074,1.570786703773));
#2842 = CARTESIAN_POINT('',(3.914181965736,1.570781175156));
#2843 = CARTESIAN_POINT('',(3.915883289004,1.570775799126));
#2844 = CARTESIAN_POINT('',(3.91758470679,1.570770586159));
#2845 = CARTESIAN_POINT('',(3.91928622534,1.570765546729));
#2846 = CARTESIAN_POINT('',(3.9209878509,1.570760691311));
#2847 = CARTESIAN_POINT('',(3.923527171579,1.570753729148));
#2848 = CARTESIAN_POINT('',(3.924364758915,1.570751497098));
#2849 = CARTESIAN_POINT('',(3.925202384651,1.570749303175));
#2850 = CARTESIAN_POINT('',(3.926040058663,1.570747139582));
#2851 = CARTESIAN_POINT('',(3.926877767772,1.570745021778));
#2852 = CARTESIAN_POINT('',(3.927715475743,1.570742988481));
#2853 = CARTESIAN_POINT('',(3.955148603224,1.570681002586));
#2854 = CARTESIAN_POINT('',(3.981714015612,1.570735150051));
#2855 = CARTESIAN_POINT('',(4.008273730166,1.570850694975));
#2856 = CARTESIAN_POINT('',(4.034851188177,1.570982388951));
#2857 = CARTESIAN_POINT('',(4.061469339164,1.571096465719));
#2858 = CARTESIAN_POINT('',(4.08815108335,1.571172695725));
#2859 = CARTESIAN_POINT('',(4.134996197665,1.571228543904));
#2860 = CARTESIAN_POINT('',(4.155121551537,1.571227588155));
#2861 = CARTESIAN_POINT('',(4.17530561434,1.571198904171));
#2862 = CARTESIAN_POINT('',(4.195558341127,1.57114422424));
#2863 = CARTESIAN_POINT('',(4.215889925578,1.571069563262));
#2864 = CARTESIAN_POINT('',(4.236310916344,1.57098492674));
#2865 = CARTESIAN_POINT('',(4.260680099768,1.57088885118));
#2866 = CARTESIAN_POINT('',(4.264531395545,1.570873804975));
#2867 = CARTESIAN_POINT('',(4.268386294616,1.570858978104));
#2868 = CARTESIAN_POINT('',(4.272244870877,1.570844468501));
#2869 = CARTESIAN_POINT('',(4.276107198224,1.5708303741));
#2870 = CARTESIAN_POINT('',(4.279973350551,1.570816792836));
#2871 = CARTESIAN_POINT('',(4.285657488598,1.570797744972));
#2872 = CARTESIAN_POINT('',(4.287472432345,1.570791802974));
#2873 = CARTESIAN_POINT('',(4.289288240808,1.570786007917));
#2874 = CARTESIAN_POINT('',(4.291104921802,1.570780371067));
#2875 = CARTESIAN_POINT('',(4.292922483138,1.570774903689));
#2876 = CARTESIAN_POINT('',(4.29474093263,1.57076961705));
#2877 = CARTESIAN_POINT('',(4.297441521319,1.570762051448));
#2878 = CARTESIAN_POINT('',(4.298322977019,1.570759628943));
#2879 = CARTESIAN_POINT('',(4.299204645191,1.570757254898));
#2880 = CARTESIAN_POINT('',(4.300086525836,1.570754929312));
#2881 = CARTESIAN_POINT('',(4.300968618954,1.570752652187));
#2882 = CARTESIAN_POINT('',(4.301850924544,1.570750423521));
#2883 = CARTESIAN_POINT('',(4.303602158281,1.570746079067));
#2884 = CARTESIAN_POINT('',(4.304471160609,1.570744075656));
#2885 = CARTESIAN_POINT('',(4.30534027891,1.570741991838));
#2886 = CARTESIAN_POINT('',(4.306209475094,1.570739776366));
#2887 = CARTESIAN_POINT('',(4.307078778493,1.57073747436));
#2888 = CARTESIAN_POINT('',(4.307948220689,1.570735133675));
#2889 = CARTESIAN_POINT('',(4.322513197966,1.570694586688));
#2890 = CARTESIAN_POINT('',(4.336237786419,1.570639884794));
#2891 = CARTESIAN_POINT('',(4.349997079946,1.570586415394));
#2892 = CARTESIAN_POINT('',(4.36379674342,1.570546528591));
#2893 = CARTESIAN_POINT('',(4.377642562338,1.570527114789));
#2894 = CARTESIAN_POINT('',(4.391540442827,1.570529604689));
#2895 = CARTESIAN_POINT('',(4.415963388941,1.570565245625));
#2896 = CARTESIAN_POINT('',(4.426463045215,1.570590588187));
#2897 = CARTESIAN_POINT('',(4.436997924272,1.5706243042));
#2898 = CARTESIAN_POINT('',(4.447570614532,1.570662988958));
#2899 = CARTESIAN_POINT('',(4.458183749022,1.570701525828));
#2900 = CARTESIAN_POINT('',(4.468840005371,1.570733086256));
#2901 = CARTESIAN_POINT('',(4.481548749798,1.570752135938));
#2902 = CARTESIAN_POINT('',(4.483557005417,1.570754600922));
#2903 = CARTESIAN_POINT('',(4.485566890756,1.570756464238));
#2904 = CARTESIAN_POINT('',(4.487578423897,1.570757665409));
#2905 = CARTESIAN_POINT('',(4.489591622921,1.57075814396));
#2906 = CARTESIAN_POINT('',(4.491606505909,1.570757839414));
#2907 = CARTESIAN_POINT('',(4.494568365207,1.570756152009));
#2908 = CARTESIAN_POINT('',(4.495514013477,1.570755426643));
#2909 = CARTESIAN_POINT('',(4.496460037633,1.570754508332));
#2910 = CARTESIAN_POINT('',(4.497406439556,1.570753390211));
#2911 = CARTESIAN_POINT('',(4.498353221125,1.570752065415));
#2912 = CARTESIAN_POINT('',(4.499300384221,1.570750527077));
#2913 = CARTESIAN_POINT('',(4.501165880508,1.570747060359));
#2914 = CARTESIAN_POINT('',(4.502084056207,1.570745183115));
#2915 = CARTESIAN_POINT('',(4.503003116522,1.570742950138));
#2916 = CARTESIAN_POINT('',(4.503921614443,1.570740732106));
#2917 = CARTESIAN_POINT('',(4.504840785256,1.570738246258));
#2918 = CARTESIAN_POINT('',(4.50575998215,1.570735644603));
#2919 = CARTESIAN_POINT('',(4.535182027458,1.570647478466));
#2920 = CARTESIAN_POINT('',(4.563882985879,1.570421533103));
#2921 = CARTESIAN_POINT('',(4.592836517702,1.570276290317));
#2922 = CARTESIAN_POINT('',(4.622100298501,1.570313504694));
#2923 = CARTESIAN_POINT('',(4.6517358056,1.570515429311));
#2924 = CARTESIAN_POINT('',(4.681808662029,1.570744797073));
#2925 = CARTESIAN_POINT('',(4.712388980474,1.570744802045));
#2926 = ( GEOMETRIC_REPRESENTATION_CONTEXT(2) 
PARAMETRIC_REPRESENTATION_CONTEXT() REPRESENTATION_CONTEXT('2D SPACE',''
  ) );
#2927 = PCURVE('',#984,#2928);
#2928 = DEFINITIONAL_REPRESENTATION('',(#2929),#2942);
#2929 = B_SPLINE_CURVE_WITH_KNOTS('',3,(#2930,#2931,#2932,#2933,#2934,
    #2935,#2936,#2937,#2938,#2939,#2940,#2941),.UNSPECIFIED.,.F.,.F.,(4,
    2,2,2,2,4),(0.499999999488,0.625,0.75,0.875,0.9375,1.),
  .UNSPECIFIED.);
#2930 = CARTESIAN_POINT('',(5.96959999075,11.709596785053));
#2931 = CARTESIAN_POINT('',(6.722654200113,11.709668941816));
#2932 = CARTESIAN_POINT('',(7.470443926227,11.560780003568));
#2933 = CARTESIAN_POINT('',(8.861961877324,10.984550599769));
#2934 = CARTESIAN_POINT('',(9.49585216997,10.560828418035));
#2935 = CARTESIAN_POINT('',(10.560933678052,9.495951000095));
#2936 = CARTESIAN_POINT('',(10.984420486404,8.861903435989));
#2937 = CARTESIAN_POINT('',(11.41679253172,7.81834781225));
#2938 = CARTESIAN_POINT('',(11.525779182524,7.458882072852));
#2939 = CARTESIAN_POINT('',(11.672835836505,6.719948394001));
#2940 = CARTESIAN_POINT('',(11.7096,6.346675577877));
#2941 = CARTESIAN_POINT('',(11.709599999999,5.969596785054));
#2942 = ( GEOMETRIC_REPRESENTATION_CONTEXT(2) 
PARAMETRIC_REPRESENTATION_CONTEXT() REPRESENTATION_CONTEXT('2D SPACE',''
  ) );
#2943 = ADVANCED_FACE('',(#2944,#3270),#1575,.T.);
#2944 = FACE_BOUND('',#2945,.T.);
#2945 = EDGE_LOOP('',(#2946,#2974,#3002,#3028,#3056,#3082,#3110,#3136,
    #3164,#3190,#3218,#3244));
#2946 = ORIENTED_EDGE('',*,*,#2947,.F.);
#2947 = EDGE_CURVE('',#2948,#2950,#2952,.T.);
#2948 = VERTEX_POINT('',#2949);
#2949 = CARTESIAN_POINT('',(1.15,6.803491750565,-1.601695894529));
#2950 = VERTEX_POINT('',#2951);
#2951 = CARTESIAN_POINT('',(1.15,6.803491750565,-1.176695894529));
#2952 = SURFACE_CURVE('',#2953,(#2956,#2963),.PCURVE_S1.);
#2953 = B_SPLINE_CURVE_WITH_KNOTS('',1,(#2954,#2955),.UNSPECIFIED.,.F.,
  .F.,(2,2),(7.72942472255E-02,0.502294247225),
  .PIECEWISE_BEZIER_KNOTS.);
#2954 = CARTESIAN_POINT('',(1.15,6.803491750565,-1.601695894529));
#2955 = CARTESIAN_POINT('',(1.15,6.803491750565,-1.176695894529));
#2956 = PCURVE('',#1575,#2957);
#2957 = DEFINITIONAL_REPRESENTATION('',(#2958),#2962);
#2958 = B_SPLINE_CURVE_WITH_KNOTS('',2,(#2959,#2960,#2961),
  .UNSPECIFIED.,.F.,.F.,(3,3),(7.72942472255E-02,0.502294247225),
  .PIECEWISE_BEZIER_KNOTS.);
#2959 = CARTESIAN_POINT('',(1.738255049544,0.504992476536));
#2960 = CARTESIAN_POINT('',(1.738255049544,0.292492476536));
#2961 = CARTESIAN_POINT('',(1.738255049544,7.999247653564E-02));
#2962 = ( GEOMETRIC_REPRESENTATION_CONTEXT(2) 
PARAMETRIC_REPRESENTATION_CONTEXT() REPRESENTATION_CONTEXT('2D SPACE',''
  ) );
#2963 = PCURVE('',#2964,#2969);
#2964 = B_SPLINE_SURFACE_WITH_KNOTS('',1,1,(
    (#2965,#2966)
    ,(#2967,#2968
    )),.UNSPECIFIED.,.F.,.F.,.F.,(2,2),(2,2),(2.5858429871E-02,
    0.450858429871),(2.585842987137E-02,0.241938212971),
  .PIECEWISE_BEZIER_KNOTS.);
#2965 = CARTESIAN_POINT('',(1.15,6.803491750565,-1.601695894529));
#2966 = CARTESIAN_POINT('',(1.15,6.555,-1.601695894529));
#2967 = CARTESIAN_POINT('',(1.15,6.803491750565,-1.176695894529));
#2968 = CARTESIAN_POINT('',(1.15,6.555,-1.176695894529));
#2969 = DEFINITIONAL_REPRESENTATION('',(#2970),#2973);
#2970 = B_SPLINE_CURVE_WITH_KNOTS('',1,(#2971,#2972),.UNSPECIFIED.,.F.,
  .F.,(2,2),(7.72942472255E-02,0.502294247225),
  .PIECEWISE_BEZIER_KNOTS.);
#2971 = CARTESIAN_POINT('',(2.5858429871E-02,2.585842987137E-02));
#2972 = CARTESIAN_POINT('',(0.450858429871,2.585842987137E-02));
#2973 = ( GEOMETRIC_REPRESENTATION_CONTEXT(2) 
PARAMETRIC_REPRESENTATION_CONTEXT() REPRESENTATION_CONTEXT('2D SPACE',''
  ) );
#2974 = ORIENTED_EDGE('',*,*,#2975,.F.);
#2975 = EDGE_CURVE('',#2976,#2948,#2978,.T.);
#2976 = VERTEX_POINT('',#2977);
#2977 = CARTESIAN_POINT('',(0.66125,6.868242019433,-1.601695894529));
#2978 = SURFACE_CURVE('',#2979,(#2983,#2990),.PCURVE_S1.);
#2979 = ( BOUNDED_CURVE() B_SPLINE_CURVE(2,(#2980,#2981,#2982),
.UNSPECIFIED.,.F.,.F.) B_SPLINE_CURVE_WITH_KNOTS((3,3),(1.666776959035,
1.738244406015),.PIECEWISE_BEZIER_KNOTS.) CURVE() 
GEOMETRIC_REPRESENTATION_ITEM() RATIONAL_B_SPLINE_CURVE((1.,
0.999361618436,1.)) REPRESENTATION_ITEM('') );
#2980 = CARTESIAN_POINT('',(0.66125,6.868242019433,-1.601695894529));
#2981 = CARTESIAN_POINT('',(0.906782376761,6.844603032386,
    -1.601695894529));
#2982 = CARTESIAN_POINT('',(1.15,6.803491750565,-1.601695894529));
#2983 = PCURVE('',#1575,#2984);
#2984 = DEFINITIONAL_REPRESENTATION('',(#2985),#2989);
#2985 = B_SPLINE_CURVE_WITH_KNOTS('',2,(#2986,#2987,#2988),
  .UNSPECIFIED.,.F.,.F.,(3,3),(1.666776959035,1.738244406015),
  .PIECEWISE_BEZIER_KNOTS.);
#2986 = CARTESIAN_POINT('',(1.666793695032,0.504992476536));
#2987 = CARTESIAN_POINT('',(1.702555860121,0.504992476536));
#2988 = CARTESIAN_POINT('',(1.738255049544,0.504992476536));
#2989 = ( GEOMETRIC_REPRESENTATION_CONTEXT(2) 
PARAMETRIC_REPRESENTATION_CONTEXT() REPRESENTATION_CONTEXT('2D SPACE',''
  ) );
#2990 = PCURVE('',#2991,#2996);
#2991 = B_SPLINE_SURFACE_WITH_KNOTS('',1,1,(
    (#2992,#2993)
    ,(#2994,#2995
    )),.UNSPECIFIED.,.F.,.F.,.F.,(2,2),(2,2),(2.585842987065E-02,
    0.450858429871),(2.5858429871E-02,0.298242794595),
  .PIECEWISE_BEZIER_KNOTS.);
#2992 = CARTESIAN_POINT('',(0.66125,6.555,-1.601695894529));
#2993 = CARTESIAN_POINT('',(0.66125,6.868242019433,-1.601695894529));
#2994 = CARTESIAN_POINT('',(1.15,6.555,-1.601695894529));
#2995 = CARTESIAN_POINT('',(1.15,6.868242019433,-1.601695894529));
#2996 = DEFINITIONAL_REPRESENTATION('',(#2997),#3001);
#2997 = ( BOUNDED_CURVE() B_SPLINE_CURVE(2,(#2998,#2999,#3000),
.UNSPECIFIED.,.F.,.F.) B_SPLINE_CURVE_WITH_KNOTS((3,3),(1.666776959035,
1.738244406015),.PIECEWISE_BEZIER_KNOTS.) CURVE() 
GEOMETRIC_REPRESENTATION_ITEM() RATIONAL_B_SPLINE_CURVE((1.,
0.999361618436,1.)) REPRESENTATION_ITEM('') );
#2998 = CARTESIAN_POINT('',(2.585842987065E-02,0.298242794595));
#2999 = CARTESIAN_POINT('',(0.239364844446,0.277687153685));
#3000 = CARTESIAN_POINT('',(0.450858429871,0.241938212971));
#3001 = ( GEOMETRIC_REPRESENTATION_CONTEXT(2) 
PARAMETRIC_REPRESENTATION_CONTEXT() REPRESENTATION_CONTEXT('2D SPACE',''
  ) );
#3002 = ORIENTED_EDGE('',*,*,#3003,.F.);
#3003 = EDGE_CURVE('',#3004,#2976,#3006,.T.);
#3004 = VERTEX_POINT('',#3005);
#3005 = CARTESIAN_POINT('',(0.66125,6.868242019433,-1.751695894529));
#3006 = SURFACE_CURVE('',#3007,(#3010,#3017),.PCURVE_S1.);
#3007 = B_SPLINE_CURVE_WITH_KNOTS('',1,(#3008,#3009),.UNSPECIFIED.,.F.,
  .F.,(2,2),(-7.27057527745E-02,7.72942472255E-02),
  .PIECEWISE_BEZIER_KNOTS.);
#3008 = CARTESIAN_POINT('',(0.66125,6.868242019433,-1.751695894529));
#3009 = CARTESIAN_POINT('',(0.66125,6.868242019433,-1.601695894529));
#3010 = PCURVE('',#1575,#3011);
#3011 = DEFINITIONAL_REPRESENTATION('',(#3012),#3016);
#3012 = B_SPLINE_CURVE_WITH_KNOTS('',2,(#3013,#3014,#3015),
  .UNSPECIFIED.,.F.,.F.,(3,3),(-7.27057527745E-02,7.72942472255E-02),
  .PIECEWISE_BEZIER_KNOTS.);
#3013 = CARTESIAN_POINT('',(1.666793695032,0.654992476536));
#3014 = CARTESIAN_POINT('',(1.666793695032,0.579992476536));
#3015 = CARTESIAN_POINT('',(1.666793695032,0.504992476536));
#3016 = ( GEOMETRIC_REPRESENTATION_CONTEXT(2) 
PARAMETRIC_REPRESENTATION_CONTEXT() REPRESENTATION_CONTEXT('2D SPACE',''
  ) );
#3017 = PCURVE('',#3018,#3023);
#3018 = B_SPLINE_SURFACE_WITH_KNOTS('',1,1,(
    (#3019,#3020)
    ,(#3021,#3022
    )),.UNSPECIFIED.,.F.,.F.,.F.,(2,2),(2,2),(2.5858429871E-02,
    0.175858429871),(2.585842987098E-02,0.298242794595),
  .PIECEWISE_BEZIER_KNOTS.);
#3019 = CARTESIAN_POINT('',(0.66125,6.868242019433,-1.751695894529));
#3020 = CARTESIAN_POINT('',(0.66125,6.555,-1.751695894529));
#3021 = CARTESIAN_POINT('',(0.66125,6.868242019433,-1.601695894529));
#3022 = CARTESIAN_POINT('',(0.66125,6.555,-1.601695894529));
#3023 = DEFINITIONAL_REPRESENTATION('',(#3024),#3027);
#3024 = B_SPLINE_CURVE_WITH_KNOTS('',1,(#3025,#3026),.UNSPECIFIED.,.F.,
  .F.,(2,2),(-7.27057527745E-02,7.72942472255E-02),
  .PIECEWISE_BEZIER_KNOTS.);
#3025 = CARTESIAN_POINT('',(2.5858429871E-02,2.585842987098E-02));
#3026 = CARTESIAN_POINT('',(0.175858429871,2.585842987098E-02));
#3027 = ( GEOMETRIC_REPRESENTATION_CONTEXT(2) 
PARAMETRIC_REPRESENTATION_CONTEXT() REPRESENTATION_CONTEXT('2D SPACE',''
  ) );
#3028 = ORIENTED_EDGE('',*,*,#3029,.F.);
#3029 = EDGE_CURVE('',#3030,#3004,#3032,.T.);
#3030 = VERTEX_POINT('',#3031);
#3031 = CARTESIAN_POINT('',(1.15,6.803491750565,-1.751695894529));
#3032 = SURFACE_CURVE('',#3033,(#3037,#3044),.PCURVE_S1.);
#3033 = ( BOUNDED_CURVE() B_SPLINE_CURVE(2,(#3034,#3035,#3036),
.UNSPECIFIED.,.F.,.F.) B_SPLINE_CURVE_WITH_KNOTS((3,3),(4.544940901165,
4.616408348144),.PIECEWISE_BEZIER_KNOTS.) CURVE() 
GEOMETRIC_REPRESENTATION_ITEM() RATIONAL_B_SPLINE_CURVE((1.,
0.999361618436,1.)) REPRESENTATION_ITEM('') );
#3034 = CARTESIAN_POINT('',(1.15,6.803491750565,-1.751695894529));
#3035 = CARTESIAN_POINT('',(0.906782376761,6.844603032386,
    -1.751695894529));
#3036 = CARTESIAN_POINT('',(0.66125,6.868242019433,-1.751695894529));
#3037 = PCURVE('',#1575,#3038);
#3038 = DEFINITIONAL_REPRESENTATION('',(#3039),#3043);
#3039 = B_SPLINE_CURVE_WITH_KNOTS('',2,(#3040,#3041,#3042),
  .UNSPECIFIED.,.F.,.F.,(3,3),(4.544940901165,4.616408348144),
  .PIECEWISE_BEZIER_KNOTS.);
#3040 = CARTESIAN_POINT('',(1.738255049544,0.654992476536));
#3041 = CARTESIAN_POINT('',(1.702555860121,0.654992476536));
#3042 = CARTESIAN_POINT('',(1.666793695032,0.654992476536));
#3043 = ( GEOMETRIC_REPRESENTATION_CONTEXT(2) 
PARAMETRIC_REPRESENTATION_CONTEXT() REPRESENTATION_CONTEXT('2D SPACE',''
  ) );
#3044 = PCURVE('',#3045,#3050);
#3045 = B_SPLINE_SURFACE_WITH_KNOTS('',1,1,(
    (#3046,#3047)
    ,(#3048,#3049
    )),.UNSPECIFIED.,.F.,.F.,.F.,(2,2),(2,2),(2.5858429871E-02,
    0.450858429871),(2.585842987098E-02,0.298242794595),
  .PIECEWISE_BEZIER_KNOTS.);
#3046 = CARTESIAN_POINT('',(1.15,6.868242019433,-1.751695894529));
#3047 = CARTESIAN_POINT('',(1.15,6.555,-1.751695894529));
#3048 = CARTESIAN_POINT('',(0.66125,6.868242019433,-1.751695894529));
#3049 = CARTESIAN_POINT('',(0.66125,6.555,-1.751695894529));
#3050 = DEFINITIONAL_REPRESENTATION('',(#3051),#3055);
#3051 = ( BOUNDED_CURVE() B_SPLINE_CURVE(2,(#3052,#3053,#3054),
.UNSPECIFIED.,.F.,.F.) B_SPLINE_CURVE_WITH_KNOTS((3,3),(4.544940901165,
4.616408348144),.PIECEWISE_BEZIER_KNOTS.) CURVE() 
GEOMETRIC_REPRESENTATION_ITEM() RATIONAL_B_SPLINE_CURVE((1.,
0.999361618436,1.)) REPRESENTATION_ITEM('') );
#3052 = CARTESIAN_POINT('',(2.585842987103E-02,8.216301149538E-02));
#3053 = CARTESIAN_POINT('',(0.237352015296,4.641407078147E-02));
#3054 = CARTESIAN_POINT('',(0.450858429871,2.585842987098E-02));
#3055 = ( GEOMETRIC_REPRESENTATION_CONTEXT(2) 
PARAMETRIC_REPRESENTATION_CONTEXT() REPRESENTATION_CONTEXT('2D SPACE',''
  ) );
#3056 = ORIENTED_EDGE('',*,*,#3057,.F.);
#3057 = EDGE_CURVE('',#3058,#3030,#3060,.T.);
#3058 = VERTEX_POINT('',#3059);
#3059 = CARTESIAN_POINT('',(1.15,6.803491750565,-2.176695894529));
#3060 = SURFACE_CURVE('',#3061,(#3064,#3071),.PCURVE_S1.);
#3061 = B_SPLINE_CURVE_WITH_KNOTS('',1,(#3062,#3063),.UNSPECIFIED.,.F.,
  .F.,(2,2),(-0.497705752774,-7.27057527745E-02),
  .PIECEWISE_BEZIER_KNOTS.);
#3062 = CARTESIAN_POINT('',(1.15,6.803491750565,-2.176695894529));
#3063 = CARTESIAN_POINT('',(1.15,6.803491750565,-1.751695894529));
#3064 = PCURVE('',#1575,#3065);
#3065 = DEFINITIONAL_REPRESENTATION('',(#3066),#3070);
#3066 = B_SPLINE_CURVE_WITH_KNOTS('',2,(#3067,#3068,#3069),
  .UNSPECIFIED.,.F.,.F.,(3,3),(-0.497705752774,-7.27057527745E-02),
  .PIECEWISE_BEZIER_KNOTS.);
#3067 = CARTESIAN_POINT('',(1.738255049544,1.079992476536));
#3068 = CARTESIAN_POINT('',(1.738255049544,0.867492476536));
#3069 = CARTESIAN_POINT('',(1.738255049544,0.654992476536));
#3070 = ( GEOMETRIC_REPRESENTATION_CONTEXT(2) 
PARAMETRIC_REPRESENTATION_CONTEXT() REPRESENTATION_CONTEXT('2D SPACE',''
  ) );
#3071 = PCURVE('',#3072,#3077);
#3072 = B_SPLINE_SURFACE_WITH_KNOTS('',1,1,(
    (#3073,#3074)
    ,(#3075,#3076
    )),.UNSPECIFIED.,.F.,.F.,.F.,(2,2),(2,2),(2.5858429871E-02,
    0.450858429871),(2.585842987137E-02,0.241938212971),
  .PIECEWISE_BEZIER_KNOTS.);
#3073 = CARTESIAN_POINT('',(1.15,6.803491750565,-2.176695894529));
#3074 = CARTESIAN_POINT('',(1.15,6.555,-2.176695894529));
#3075 = CARTESIAN_POINT('',(1.15,6.803491750565,-1.751695894529));
#3076 = CARTESIAN_POINT('',(1.15,6.555,-1.751695894529));
#3077 = DEFINITIONAL_REPRESENTATION('',(#3078),#3081);
#3078 = B_SPLINE_CURVE_WITH_KNOTS('',1,(#3079,#3080),.UNSPECIFIED.,.F.,
  .F.,(2,2),(-0.497705752774,-7.27057527745E-02),
  .PIECEWISE_BEZIER_KNOTS.);
#3079 = CARTESIAN_POINT('',(2.5858429871E-02,2.585842987137E-02));
#3080 = CARTESIAN_POINT('',(0.450858429871,2.585842987137E-02));
#3081 = ( GEOMETRIC_REPRESENTATION_CONTEXT(2) 
PARAMETRIC_REPRESENTATION_CONTEXT() REPRESENTATION_CONTEXT('2D SPACE',''
  ) );
#3082 = ORIENTED_EDGE('',*,*,#3083,.F.);
#3083 = EDGE_CURVE('',#3084,#3058,#3086,.T.);
#3084 = VERTEX_POINT('',#3085);
#3085 = CARTESIAN_POINT('',(1.362667237906,6.764106592798,
    -2.176695894529));
#3086 = SURFACE_CURVE('',#3087,(#3091,#3098),.PCURVE_S1.);
#3087 = ( BOUNDED_CURVE() B_SPLINE_CURVE(2,(#3088,#3089,#3090),
.UNSPECIFIED.,.F.,.F.) B_SPLINE_CURVE_WITH_KNOTS((3,3),(4.51359418555,
4.544940901165),.PIECEWISE_BEZIER_KNOTS.) CURVE() 
GEOMETRIC_REPRESENTATION_ITEM() RATIONAL_B_SPLINE_CURVE((1.,
0.999877175442,1.)) REPRESENTATION_ITEM('') );
#3088 = CARTESIAN_POINT('',(1.362667237906,6.764106592798,
    -2.176695894529));
#3089 = CARTESIAN_POINT('',(1.256642293064,6.785465913021,
    -2.176695894529));
#3090 = CARTESIAN_POINT('',(1.15,6.803491750565,-2.176695894529));
#3091 = PCURVE('',#1575,#3092);
#3092 = DEFINITIONAL_REPRESENTATION('',(#3093),#3097);
#3093 = B_SPLINE_CURVE_WITH_KNOTS('',2,(#3094,#3095,#3096),
  .UNSPECIFIED.,.F.,.F.,(3,3),(4.51359418555,4.544940901165),
  .PIECEWISE_BEZIER_KNOTS.);
#3094 = CARTESIAN_POINT('',(1.769577381413,1.079992476536));
#3095 = CARTESIAN_POINT('',(1.753915957872,1.079992476536));
#3096 = CARTESIAN_POINT('',(1.738255049544,1.079992476536));
#3097 = ( GEOMETRIC_REPRESENTATION_CONTEXT(2) 
PARAMETRIC_REPRESENTATION_CONTEXT() REPRESENTATION_CONTEXT('2D SPACE',''
  ) );
#3098 = PCURVE('',#3099,#3104);
#3099 = B_SPLINE_SURFACE_WITH_KNOTS('',1,1,(
    (#3100,#3101)
    ,(#3102,#3103
    )),.UNSPECIFIED.,.F.,.F.,.F.,(2,2),(2,2),(2.5858429871E-02,
    0.210786462833),(2.585842987038E-02,0.24193821297),
  .PIECEWISE_BEZIER_KNOTS.);
#3100 = CARTESIAN_POINT('',(1.362667237906,6.803491750565,
    -2.176695894529));
#3101 = CARTESIAN_POINT('',(1.362667237906,6.555,-2.176695894529));
#3102 = CARTESIAN_POINT('',(1.15,6.803491750565,-2.176695894529));
#3103 = CARTESIAN_POINT('',(1.15,6.555,-2.176695894529));
#3104 = DEFINITIONAL_REPRESENTATION('',(#3105),#3109);
#3105 = ( BOUNDED_CURVE() B_SPLINE_CURVE(2,(#3106,#3107,#3108),
.UNSPECIFIED.,.F.,.F.) B_SPLINE_CURVE_WITH_KNOTS((3,3),(4.51359418555,
4.544940901165),.PIECEWISE_BEZIER_KNOTS.) CURVE() 
GEOMETRIC_REPRESENTATION_ITEM() RATIONAL_B_SPLINE_CURVE((1.,
0.999877175442,1.)) REPRESENTATION_ITEM('') );
#3106 = CARTESIAN_POINT('',(2.585842987104E-02,6.010639314542E-02));
#3107 = CARTESIAN_POINT('',(0.118054034082,4.153307121251E-02));
#3108 = CARTESIAN_POINT('',(0.210786462833,2.585842987038E-02));
#3109 = ( GEOMETRIC_REPRESENTATION_CONTEXT(2) 
PARAMETRIC_REPRESENTATION_CONTEXT() REPRESENTATION_CONTEXT('2D SPACE',''
  ) );
#3110 = ORIENTED_EDGE('',*,*,#3111,.F.);
#3111 = EDGE_CURVE('',#3112,#3084,#3114,.T.);
#3112 = VERTEX_POINT('',#3113);
#3113 = CARTESIAN_POINT('',(1.362667237906,6.764106592798,
    -1.751695894529));
#3114 = SURFACE_CURVE('',#3115,(#3118,#3125),.PCURVE_S1.);
#3115 = B_SPLINE_CURVE_WITH_KNOTS('',1,(#3116,#3117),.UNSPECIFIED.,.F.,
  .F.,(2,2),(7.27057527745E-02,0.497705752774),
  .PIECEWISE_BEZIER_KNOTS.);
#3116 = CARTESIAN_POINT('',(1.362667237906,6.764106592798,
    -1.751695894529));
#3117 = CARTESIAN_POINT('',(1.362667237906,6.764106592798,
    -2.176695894529));
#3118 = PCURVE('',#1575,#3119);
#3119 = DEFINITIONAL_REPRESENTATION('',(#3120),#3124);
#3120 = B_SPLINE_CURVE_WITH_KNOTS('',2,(#3121,#3122,#3123),
  .UNSPECIFIED.,.F.,.F.,(3,3),(7.27057527745E-02,0.497705752774),
  .PIECEWISE_BEZIER_KNOTS.);
#3121 = CARTESIAN_POINT('',(1.769577381413,0.654992476536));
#3122 = CARTESIAN_POINT('',(1.769577381413,0.867492476536));
#3123 = CARTESIAN_POINT('',(1.769577381413,1.079992476536));
#3124 = ( GEOMETRIC_REPRESENTATION_CONTEXT(2) 
PARAMETRIC_REPRESENTATION_CONTEXT() REPRESENTATION_CONTEXT('2D SPACE',''
  ) );
#3125 = PCURVE('',#3126,#3131);
#3126 = B_SPLINE_SURFACE_WITH_KNOTS('',1,1,(
    (#3127,#3128)
    ,(#3129,#3130
    )),.UNSPECIFIED.,.F.,.F.,.F.,(2,2),(2,2),(2.5858429871E-02,
    0.450858429871),(2.5858429871E-02,0.207690249696),
  .PIECEWISE_BEZIER_KNOTS.);
#3127 = CARTESIAN_POINT('',(1.362667237906,6.555,-1.751695894529));
#3128 = CARTESIAN_POINT('',(1.362667237906,6.764106592798,
    -1.751695894529));
#3129 = CARTESIAN_POINT('',(1.362667237906,6.555,-2.176695894529));
#3130 = CARTESIAN_POINT('',(1.362667237906,6.764106592798,
    -2.176695894529));
#3131 = DEFINITIONAL_REPRESENTATION('',(#3132),#3135);
#3132 = B_SPLINE_CURVE_WITH_KNOTS('',1,(#3133,#3134),.UNSPECIFIED.,.F.,
  .F.,(2,2),(7.27057527745E-02,0.497705752774),
  .PIECEWISE_BEZIER_KNOTS.);
#3133 = CARTESIAN_POINT('',(2.5858429871E-02,0.207690249696));
#3134 = CARTESIAN_POINT('',(0.450858429871,0.207690249696));
#3135 = ( GEOMETRIC_REPRESENTATION_CONTEXT(2) 
PARAMETRIC_REPRESENTATION_CONTEXT() REPRESENTATION_CONTEXT('2D SPACE',''
  ) );
#3136 = ORIENTED_EDGE('',*,*,#3137,.F.);
#3137 = EDGE_CURVE('',#3138,#3112,#3140,.T.);
#3138 = VERTEX_POINT('',#3139);
#3139 = CARTESIAN_POINT('',(1.811167237906,6.658053261753,
    -1.751695894529));
#3140 = SURFACE_CURVE('',#3141,(#3145,#3152),.PCURVE_S1.);
#3141 = ( BOUNDED_CURVE() B_SPLINE_CURVE(2,(#3142,#3143,#3144),
.UNSPECIFIED.,.F.,.F.) B_SPLINE_CURVE_WITH_KNOTS((3,3),(4.44678926121,
4.51359418555),.PIECEWISE_BEZIER_KNOTS.) CURVE() 
GEOMETRIC_REPRESENTATION_ITEM() RATIONAL_B_SPLINE_CURVE((1.,
0.999442189627,1.)) REPRESENTATION_ITEM('') );
#3142 = CARTESIAN_POINT('',(1.811167237906,6.658053261753,
    -1.751695894529));
#3143 = CARTESIAN_POINT('',(1.588689118121,6.71857321644,-1.751695894529
    ));
#3144 = CARTESIAN_POINT('',(1.362667237906,6.764106592798,
    -1.751695894529));
#3145 = PCURVE('',#1575,#3146);
#3146 = DEFINITIONAL_REPRESENTATION('',(#3147),#3151);
#3147 = B_SPLINE_CURVE_WITH_KNOTS('',2,(#3148,#3149,#3150),
  .UNSPECIFIED.,.F.,.F.,(3,3),(4.44678926121,4.51359418555),
  .PIECEWISE_BEZIER_KNOTS.);
#3148 = CARTESIAN_POINT('',(1.836378845493,0.654992476536));
#3149 = CARTESIAN_POINT('',(1.802949557603,0.654992476536));
#3150 = CARTESIAN_POINT('',(1.769577381413,0.654992476536));
#3151 = ( GEOMETRIC_REPRESENTATION_CONTEXT(2) 
PARAMETRIC_REPRESENTATION_CONTEXT() REPRESENTATION_CONTEXT('2D SPACE',''
  ) );
#3152 = PCURVE('',#3153,#3158);
#3153 = B_SPLINE_SURFACE_WITH_KNOTS('',1,1,(
    (#3154,#3155)
    ,(#3156,#3157
    )),.UNSPECIFIED.,.F.,.F.,.F.,(2,2),(2,2),(2.5858429871E-02,
    0.415858429871),(2.585842987042E-02,0.207690249695),
  .PIECEWISE_BEZIER_KNOTS.);
#3154 = CARTESIAN_POINT('',(1.811167237906,6.764106592798,
    -1.751695894529));
#3155 = CARTESIAN_POINT('',(1.811167237906,6.555,-1.751695894529));
#3156 = CARTESIAN_POINT('',(1.362667237906,6.764106592798,
    -1.751695894529));
#3157 = CARTESIAN_POINT('',(1.362667237906,6.555,-1.751695894529));
#3158 = DEFINITIONAL_REPRESENTATION('',(#3159),#3163);
#3159 = ( BOUNDED_CURVE() B_SPLINE_CURVE(2,(#3160,#3161,#3162),
.UNSPECIFIED.,.F.,.F.) B_SPLINE_CURVE_WITH_KNOTS((3,3),(4.44678926121,
4.51359418555),.PIECEWISE_BEZIER_KNOTS.) CURVE() 
GEOMETRIC_REPRESENTATION_ITEM() RATIONAL_B_SPLINE_CURVE((1.,
0.999442189627,1.)) REPRESENTATION_ITEM('') );
#3160 = CARTESIAN_POINT('',(2.585842987102E-02,0.118078717736));
#3161 = CARTESIAN_POINT('',(0.219317664467,6.545267018215E-02));
#3162 = CARTESIAN_POINT('',(0.415858429871,2.585842987042E-02));
#3163 = ( GEOMETRIC_REPRESENTATION_CONTEXT(2) 
PARAMETRIC_REPRESENTATION_CONTEXT() REPRESENTATION_CONTEXT('2D SPACE',''
  ) );
#3164 = ORIENTED_EDGE('',*,*,#3165,.F.);
#3165 = EDGE_CURVE('',#3166,#3138,#3168,.T.);
#3166 = VERTEX_POINT('',#3167);
#3167 = CARTESIAN_POINT('',(1.811167237906,6.658053261753,
    -1.601695894529));
#3168 = SURFACE_CURVE('',#3169,(#3172,#3179),.PCURVE_S1.);
#3169 = B_SPLINE_CURVE_WITH_KNOTS('',1,(#3170,#3171),.UNSPECIFIED.,.F.,
  .F.,(2,2),(-7.72942472255E-02,7.27057527745E-02),
  .PIECEWISE_BEZIER_KNOTS.);
#3170 = CARTESIAN_POINT('',(1.811167237906,6.658053261753,
    -1.601695894529));
#3171 = CARTESIAN_POINT('',(1.811167237906,6.658053261753,
    -1.751695894529));
#3172 = PCURVE('',#1575,#3173);
#3173 = DEFINITIONAL_REPRESENTATION('',(#3174),#3178);
#3174 = B_SPLINE_CURVE_WITH_KNOTS('',2,(#3175,#3176,#3177),
  .UNSPECIFIED.,.F.,.F.,(3,3),(-7.72942472255E-02,7.27057527745E-02),
  .PIECEWISE_BEZIER_KNOTS.);
#3175 = CARTESIAN_POINT('',(1.836378845493,0.504992476536));
#3176 = CARTESIAN_POINT('',(1.836378845493,0.579992476536));
#3177 = CARTESIAN_POINT('',(1.836378845493,0.654992476536));
#3178 = ( GEOMETRIC_REPRESENTATION_CONTEXT(2) 
PARAMETRIC_REPRESENTATION_CONTEXT() REPRESENTATION_CONTEXT('2D SPACE',''
  ) );
#3179 = PCURVE('',#3180,#3185);
#3180 = B_SPLINE_SURFACE_WITH_KNOTS('',1,1,(
    (#3181,#3182)
    ,(#3183,#3184
    )),.UNSPECIFIED.,.F.,.F.,.F.,(2,2),(2,2),(2.5858429871E-02,
    0.175858429871),(2.5858429871E-02,0.11546996183),
  .PIECEWISE_BEZIER_KNOTS.);
#3181 = CARTESIAN_POINT('',(1.811167237906,6.555,-1.601695894529));
#3182 = CARTESIAN_POINT('',(1.811167237906,6.658053261753,
    -1.601695894529));
#3183 = CARTESIAN_POINT('',(1.811167237906,6.555,-1.751695894529));
#3184 = CARTESIAN_POINT('',(1.811167237906,6.658053261753,
    -1.751695894529));
#3185 = DEFINITIONAL_REPRESENTATION('',(#3186),#3189);
#3186 = B_SPLINE_CURVE_WITH_KNOTS('',1,(#3187,#3188),.UNSPECIFIED.,.F.,
  .F.,(2,2),(-7.72942472255E-02,7.27057527745E-02),
  .PIECEWISE_BEZIER_KNOTS.);
#3187 = CARTESIAN_POINT('',(2.5858429871E-02,0.11546996183));
#3188 = CARTESIAN_POINT('',(0.175858429871,0.11546996183));
#3189 = ( GEOMETRIC_REPRESENTATION_CONTEXT(2) 
PARAMETRIC_REPRESENTATION_CONTEXT() REPRESENTATION_CONTEXT('2D SPACE',''
  ) );
#3190 = ORIENTED_EDGE('',*,*,#3191,.F.);
#3191 = EDGE_CURVE('',#3192,#3166,#3194,.T.);
#3192 = VERTEX_POINT('',#3193);
#3193 = CARTESIAN_POINT('',(1.362667237906,6.764106592798,
    -1.601695894529));
#3194 = SURFACE_CURVE('',#3195,(#3199,#3206),.PCURVE_S1.);
#3195 = ( BOUNDED_CURVE() B_SPLINE_CURVE(2,(#3196,#3197,#3198),
.UNSPECIFIED.,.F.,.F.) B_SPLINE_CURVE_WITH_KNOTS((3,3),(1.76959112163,
1.83639604597),.PIECEWISE_BEZIER_KNOTS.) CURVE() 
GEOMETRIC_REPRESENTATION_ITEM() RATIONAL_B_SPLINE_CURVE((1.,
0.999442189627,1.)) REPRESENTATION_ITEM('') );
#3196 = CARTESIAN_POINT('',(1.362667237906,6.764106592798,
    -1.601695894529));
#3197 = CARTESIAN_POINT('',(1.588689118121,6.71857321644,-1.601695894529
    ));
#3198 = CARTESIAN_POINT('',(1.811167237906,6.658053261753,
    -1.601695894529));
#3199 = PCURVE('',#1575,#3200);
#3200 = DEFINITIONAL_REPRESENTATION('',(#3201),#3205);
#3201 = B_SPLINE_CURVE_WITH_KNOTS('',2,(#3202,#3203,#3204),
  .UNSPECIFIED.,.F.,.F.,(3,3),(1.76959112163,1.83639604597),
  .PIECEWISE_BEZIER_KNOTS.);
#3202 = CARTESIAN_POINT('',(1.769577381413,0.504992476536));
#3203 = CARTESIAN_POINT('',(1.802949557603,0.504992476536));
#3204 = CARTESIAN_POINT('',(1.836378845493,0.504992476536));
#3205 = ( GEOMETRIC_REPRESENTATION_CONTEXT(2) 
PARAMETRIC_REPRESENTATION_CONTEXT() REPRESENTATION_CONTEXT('2D SPACE',''
  ) );
#3206 = PCURVE('',#3207,#3212);
#3207 = B_SPLINE_SURFACE_WITH_KNOTS('',1,1,(
    (#3208,#3209)
    ,(#3210,#3211
    )),.UNSPECIFIED.,.F.,.F.,.F.,(2,2),(2,2),(2.585842987096E-02,
    0.415858429871),(2.5858429871E-02,0.207690249696),
  .PIECEWISE_BEZIER_KNOTS.);
#3208 = CARTESIAN_POINT('',(1.362667237906,6.555,-1.601695894529));
#3209 = CARTESIAN_POINT('',(1.362667237906,6.764106592798,
    -1.601695894529));
#3210 = CARTESIAN_POINT('',(1.811167237906,6.555,-1.601695894529));
#3211 = CARTESIAN_POINT('',(1.811167237906,6.764106592798,
    -1.601695894529));
#3212 = DEFINITIONAL_REPRESENTATION('',(#3213),#3217);
#3213 = ( BOUNDED_CURVE() B_SPLINE_CURVE(2,(#3214,#3215,#3216),
.UNSPECIFIED.,.F.,.F.) B_SPLINE_CURVE_WITH_KNOTS((3,3),(1.76959112163,
1.83639604597),.PIECEWISE_BEZIER_KNOTS.) CURVE() 
GEOMETRIC_REPRESENTATION_ITEM() RATIONAL_B_SPLINE_CURVE((1.,
0.999442189627,1.)) REPRESENTATION_ITEM('') );
#3214 = CARTESIAN_POINT('',(2.585842987096E-02,0.207690249696));
#3215 = CARTESIAN_POINT('',(0.222399195275,0.168096009384));
#3216 = CARTESIAN_POINT('',(0.415858429871,0.11546996183));
#3217 = ( GEOMETRIC_REPRESENTATION_CONTEXT(2) 
PARAMETRIC_REPRESENTATION_CONTEXT() REPRESENTATION_CONTEXT('2D SPACE',''
  ) );
#3218 = ORIENTED_EDGE('',*,*,#3219,.F.);
#3219 = EDGE_CURVE('',#3220,#3192,#3222,.T.);
#3220 = VERTEX_POINT('',#3221);
#3221 = CARTESIAN_POINT('',(1.362667237906,6.764106592798,
    -1.176695894529));
#3222 = SURFACE_CURVE('',#3223,(#3226,#3233),.PCURVE_S1.);
#3223 = B_SPLINE_CURVE_WITH_KNOTS('',1,(#3224,#3225),.UNSPECIFIED.,.F.,
  .F.,(2,2),(-0.502294247225,-7.72942472255E-02),
  .PIECEWISE_BEZIER_KNOTS.);
#3224 = CARTESIAN_POINT('',(1.362667237906,6.764106592798,
    -1.176695894529));
#3225 = CARTESIAN_POINT('',(1.362667237906,6.764106592798,
    -1.601695894529));
#3226 = PCURVE('',#1575,#3227);
#3227 = DEFINITIONAL_REPRESENTATION('',(#3228),#3232);
#3228 = B_SPLINE_CURVE_WITH_KNOTS('',2,(#3229,#3230,#3231),
  .UNSPECIFIED.,.F.,.F.,(3,3),(-0.502294247225,-7.72942472255E-02),
  .PIECEWISE_BEZIER_KNOTS.);
#3229 = CARTESIAN_POINT('',(1.769577381413,7.999247653564E-02));
#3230 = CARTESIAN_POINT('',(1.769577381413,0.292492476536));
#3231 = CARTESIAN_POINT('',(1.769577381413,0.504992476536));
#3232 = ( GEOMETRIC_REPRESENTATION_CONTEXT(2) 
PARAMETRIC_REPRESENTATION_CONTEXT() REPRESENTATION_CONTEXT('2D SPACE',''
  ) );
#3233 = PCURVE('',#3234,#3239);
#3234 = B_SPLINE_SURFACE_WITH_KNOTS('',1,1,(
    (#3235,#3236)
    ,(#3237,#3238
    )),.UNSPECIFIED.,.F.,.F.,.F.,(2,2),(2,2),(2.5858429871E-02,
    0.450858429871),(2.5858429871E-02,0.207690249696),
  .PIECEWISE_BEZIER_KNOTS.);
#3235 = CARTESIAN_POINT('',(1.362667237906,6.555,-1.176695894529));
#3236 = CARTESIAN_POINT('',(1.362667237906,6.764106592798,
    -1.176695894529));
#3237 = CARTESIAN_POINT('',(1.362667237906,6.555,-1.601695894529));
#3238 = CARTESIAN_POINT('',(1.362667237906,6.764106592798,
    -1.601695894529));
#3239 = DEFINITIONAL_REPRESENTATION('',(#3240),#3243);
#3240 = B_SPLINE_CURVE_WITH_KNOTS('',1,(#3241,#3242),.UNSPECIFIED.,.F.,
  .F.,(2,2),(-0.502294247225,-7.72942472255E-02),
  .PIECEWISE_BEZIER_KNOTS.);
#3241 = CARTESIAN_POINT('',(2.5858429871E-02,0.207690249696));
#3242 = CARTESIAN_POINT('',(0.450858429871,0.207690249696));
#3243 = ( GEOMETRIC_REPRESENTATION_CONTEXT(2) 
PARAMETRIC_REPRESENTATION_CONTEXT() REPRESENTATION_CONTEXT('2D SPACE',''
  ) );
#3244 = ORIENTED_EDGE('',*,*,#3245,.F.);
#3245 = EDGE_CURVE('',#2950,#3220,#3246,.T.);
#3246 = SURFACE_CURVE('',#3247,(#3251,#3258),.PCURVE_S1.);
#3247 = ( BOUNDED_CURVE() B_SPLINE_CURVE(2,(#3248,#3249,#3250),
.UNSPECIFIED.,.F.,.F.) B_SPLINE_CURVE_WITH_KNOTS((3,3),(1.738244406015,
1.76959112163),.PIECEWISE_BEZIER_KNOTS.) CURVE() 
GEOMETRIC_REPRESENTATION_ITEM() RATIONAL_B_SPLINE_CURVE((1.,
0.999877175442,1.)) REPRESENTATION_ITEM('') );
#3248 = CARTESIAN_POINT('',(1.15,6.803491750565,-1.176695894529));
#3249 = CARTESIAN_POINT('',(1.256642293064,6.785465913021,
    -1.176695894529));
#3250 = CARTESIAN_POINT('',(1.362667237906,6.764106592798,
    -1.176695894529));
#3251 = PCURVE('',#1575,#3252);
#3252 = DEFINITIONAL_REPRESENTATION('',(#3253),#3257);
#3253 = B_SPLINE_CURVE_WITH_KNOTS('',2,(#3254,#3255,#3256),
  .UNSPECIFIED.,.F.,.F.,(3,3),(1.738244406015,1.76959112163),
  .PIECEWISE_BEZIER_KNOTS.);
#3254 = CARTESIAN_POINT('',(1.738255049544,7.999247653564E-02));
#3255 = CARTESIAN_POINT('',(1.753915957872,7.999247653564E-02));
#3256 = CARTESIAN_POINT('',(1.769577381413,7.999247653564E-02));
#3257 = ( GEOMETRIC_REPRESENTATION_CONTEXT(2) 
PARAMETRIC_REPRESENTATION_CONTEXT() REPRESENTATION_CONTEXT('2D SPACE',''
  ) );
#3258 = PCURVE('',#3259,#3264);
#3259 = B_SPLINE_SURFACE_WITH_KNOTS('',1,1,(
    (#3260,#3261)
    ,(#3262,#3263
    )),.UNSPECIFIED.,.F.,.F.,.F.,(2,2),(2,2),(2.585842987067E-02,
    0.210786462833),(2.5858429871E-02,0.241938212971),
  .PIECEWISE_BEZIER_KNOTS.);
#3260 = CARTESIAN_POINT('',(1.15,6.555,-1.176695894529));
#3261 = CARTESIAN_POINT('',(1.15,6.803491750565,-1.176695894529));
#3262 = CARTESIAN_POINT('',(1.362667237906,6.555,-1.176695894529));
#3263 = CARTESIAN_POINT('',(1.362667237906,6.803491750565,
    -1.176695894529));
#3264 = DEFINITIONAL_REPRESENTATION('',(#3265),#3269);
#3265 = ( BOUNDED_CURVE() B_SPLINE_CURVE(2,(#3266,#3267,#3268),
.UNSPECIFIED.,.F.,.F.) B_SPLINE_CURVE_WITH_KNOTS((3,3),(1.738244406015,
1.76959112163),.PIECEWISE_BEZIER_KNOTS.) CURVE() 
GEOMETRIC_REPRESENTATION_ITEM() RATIONAL_B_SPLINE_CURVE((1.,
0.999877175442,1.)) REPRESENTATION_ITEM('') );
#3266 = CARTESIAN_POINT('',(2.585842987067E-02,0.241938212971));
#3267 = CARTESIAN_POINT('',(0.118590858622,0.226263571628));
#3268 = CARTESIAN_POINT('',(0.210786462833,0.207690249696));
#3269 = ( GEOMETRIC_REPRESENTATION_CONTEXT(2) 
PARAMETRIC_REPRESENTATION_CONTEXT() REPRESENTATION_CONTEXT('2D SPACE',''
  ) );
#3270 = FACE_BOUND('',#3271,.T.);
#3271 = EDGE_LOOP('',(#3272,#3273));
#3272 = ORIENTED_EDGE('',*,*,#1548,.T.);
#3273 = ORIENTED_EDGE('',*,*,#2352,.T.);
#3274 = ADVANCED_FACE('',(#3275),#2116,.T.);
#3275 = FACE_BOUND('',#3276,.T.);
#3276 = EDGE_LOOP('',(#3277,#3297,#3298,#3299));
#3277 = ORIENTED_EDGE('',*,*,#3278,.F.);
#3278 = EDGE_CURVE('',#2102,#3279,#3281,.T.);
#3279 = VERTEX_POINT('',#3280);
#3280 = CARTESIAN_POINT('',(6.232884226884,-1.075536709861,0.5));
#3281 = SURFACE_CURVE('',#3282,(#3285,#3291),.PCURVE_S1.);
#3282 = B_SPLINE_CURVE_WITH_KNOTS('',1,(#3283,#3284),.UNSPECIFIED.,.F.,
  .F.,(2,2),(-0.264912833261,0.264913316567),.PIECEWISE_BEZIER_KNOTS.);
#3283 = CARTESIAN_POINT('',(6.760553568025,-1.380186746012,0.5));
#3284 = CARTESIAN_POINT('',(6.232884226884,-1.075536709861,0.5));
#3285 = PCURVE('',#2116,#3286);
#3286 = DEFINITIONAL_REPRESENTATION('',(#3287),#3290);
#3287 = B_SPLINE_CURVE_WITH_KNOTS('',1,(#3288,#3289),.UNSPECIFIED.,.F.,
  .F.,(2,2),(-0.264912833261,0.264913316567),.PIECEWISE_BEZIER_KNOTS.);
#3288 = CARTESIAN_POINT('',(2.585842987079E-02,0.525889674793));
#3289 = CARTESIAN_POINT('',(0.555684579699,0.525889674793));
#3290 = ( GEOMETRIC_REPRESENTATION_CONTEXT(2) 
PARAMETRIC_REPRESENTATION_CONTEXT() REPRESENTATION_CONTEXT('2D SPACE',''
  ) );
#3291 = PCURVE('',#2145,#3292);
#3292 = DEFINITIONAL_REPRESENTATION('',(#3293),#3296);
#3293 = B_SPLINE_CURVE_WITH_KNOTS('',1,(#3294,#3295),.UNSPECIFIED.,.F.,
  .F.,(2,2),(-0.264912833261,0.264913316567),.PIECEWISE_BEZIER_KNOTS.);
#3294 = CARTESIAN_POINT('',(7.600000000138E-02,0.555686436311));
#3295 = CARTESIAN_POINT('',(7.600000000083E-02,2.586028648305E-02));
#3296 = ( GEOMETRIC_REPRESENTATION_CONTEXT(2) 
PARAMETRIC_REPRESENTATION_CONTEXT() REPRESENTATION_CONTEXT('2D SPACE',''
  ) );
#3297 = ORIENTED_EDGE('',*,*,#2101,.T.);
#3298 = ORIENTED_EDGE('',*,*,#2622,.T.);
#3299 = ORIENTED_EDGE('',*,*,#3300,.T.);
#3300 = EDGE_CURVE('',#2623,#3279,#3301,.T.);
#3301 = SURFACE_CURVE('',#3302,(#3305,#3311),.PCURVE_S1.);
#3302 = B_SPLINE_CURVE_WITH_KNOTS('',1,(#3303,#3304),.UNSPECIFIED.,.F.,
  .F.,(2,2),(0.,0.500040744256),.PIECEWISE_BEZIER_KNOTS.);
#3303 = CARTESIAN_POINT('',(6.232884226884,-1.075536709861,
    -4.074425640696E-05));
#3304 = CARTESIAN_POINT('',(6.232884226884,-1.075536709861,0.5));
#3305 = PCURVE('',#2116,#3306);
#3306 = DEFINITIONAL_REPRESENTATION('',(#3307),#3310);
#3307 = B_SPLINE_CURVE_WITH_KNOTS('',1,(#3308,#3309),.UNSPECIFIED.,.F.,
  .F.,(2,2),(0.,0.500040744256),.PIECEWISE_BEZIER_KNOTS.);
#3308 = CARTESIAN_POINT('',(0.555684579699,2.584893053628E-02));
#3309 = CARTESIAN_POINT('',(0.555684579699,0.525889674793));
#3310 = ( GEOMETRIC_REPRESENTATION_CONTEXT(2) 
PARAMETRIC_REPRESENTATION_CONTEXT() REPRESENTATION_CONTEXT('2D SPACE',''
  ) );
#3311 = PCURVE('',#3312,#3319);
#3312 = ( BOUNDED_SURFACE() B_SPLINE_SURFACE(2,1,(
    (#3313,#3314)
    ,(#3315,#3316)
    ,(#3317,#3318
)),.UNSPECIFIED.,.F.,.F.,.F.) B_SPLINE_SURFACE_WITH_KNOTS((3,3),(2,2),(
    5.406863407482,6.112309638684),(0.,0.500088527598),
.PIECEWISE_BEZIER_KNOTS.) GEOMETRIC_REPRESENTATION_ITEM() 
RATIONAL_B_SPLINE_SURFACE((
    (1.,1.)
    ,(0.938435480742,0.938435480742)
,(1.,1.))) REPRESENTATION_ITEM('') SURFACE() );
#3313 = CARTESIAN_POINT('',(4.047884144282,-4.860067793196,
    -8.852759834656E-05));
#3314 = CARTESIAN_POINT('',(4.047884144282,-4.860067793196,0.5));
#3315 = CARTESIAN_POINT('',(5.836960307311,-3.369970670812,
    -8.852759834656E-05));
#3316 = CARTESIAN_POINT('',(5.836960307311,-3.369970670812,0.5));
#3317 = CARTESIAN_POINT('',(6.232884226884,-1.075536709861,
    -8.852759834656E-05));
#3318 = CARTESIAN_POINT('',(6.232884226884,-1.075536709861,0.5));
#3319 = DEFINITIONAL_REPRESENTATION('',(#3320),#3324);
#3320 = B_SPLINE_CURVE_WITH_KNOTS('',2,(#3321,#3322,#3323),
  .UNSPECIFIED.,.F.,.F.,(3,3),(0.,0.500040744256),
  .PIECEWISE_BEZIER_KNOTS.);
#3321 = CARTESIAN_POINT('',(6.112309638684,4.77833419396E-05));
#3322 = CARTESIAN_POINT('',(6.112309638684,0.25006815547));
#3323 = CARTESIAN_POINT('',(6.112309638684,0.500088527598));
#3324 = ( GEOMETRIC_REPRESENTATION_CONTEXT(2) 
PARAMETRIC_REPRESENTATION_CONTEXT() REPRESENTATION_CONTEXT('2D SPACE',''
  ) );
#3325 = ADVANCED_FACE('',(#3326),#2145,.T.);
#3326 = FACE_BOUND('',#3327,.T.);
#3327 = EDGE_LOOP('',(#3328,#3351,#3369,#3370));
#3328 = ORIENTED_EDGE('',*,*,#3329,.F.);
#3329 = EDGE_CURVE('',#3330,#3279,#3332,.T.);
#3330 = VERTEX_POINT('',#3331);
#3331 = CARTESIAN_POINT('',(4.047884092137,-4.860067646602,0.5));
#3332 = SURFACE_CURVE('',#3333,(#3337,#3344),.PCURVE_S1.);
#3333 = ( BOUNDED_CURVE() B_SPLINE_CURVE(2,(#3334,#3335,#3336),
.UNSPECIFIED.,.F.,.F.) B_SPLINE_CURVE_WITH_KNOTS((3,3),(5.40686341598,
6.112309638684),.PIECEWISE_BEZIER_KNOTS.) CURVE() 
GEOMETRIC_REPRESENTATION_ITEM() RATIONAL_B_SPLINE_CURVE((1.,
0.93843548221,1.)) REPRESENTATION_ITEM('') );
#3334 = CARTESIAN_POINT('',(4.047884185583,-4.860067758798,0.5));
#3335 = CARTESIAN_POINT('',(5.8369603125,-3.36997064074,0.5));
#3336 = CARTESIAN_POINT('',(6.232884226884,-1.075536709861,0.5));
#3337 = PCURVE('',#2145,#3338);
#3338 = DEFINITIONAL_REPRESENTATION('',(#3339),#3343);
#3339 = ( BOUNDED_CURVE() B_SPLINE_CURVE(2,(#3340,#3341,#3342),
.UNSPECIFIED.,.F.,.F.) B_SPLINE_CURVE_WITH_KNOTS((3,3),(5.40686341598,
6.112309638684),.PIECEWISE_BEZIER_KNOTS.) CURVE() 
GEOMETRIC_REPRESENTATION_ITEM() RATIONAL_B_SPLINE_CURVE((1.,
0.93843548221,1.)) REPRESENTATION_ITEM('') );
#3340 = CARTESIAN_POINT('',(3.876000043863,2.586027033641E-02));
#3341 = CARTESIAN_POINT('',(1.976000024904,0.725283588759));
#3342 = CARTESIAN_POINT('',(7.600000000084E-02,2.586028648305E-02));
#3343 = ( GEOMETRIC_REPRESENTATION_CONTEXT(2) 
PARAMETRIC_REPRESENTATION_CONTEXT() REPRESENTATION_CONTEXT('2D SPACE',''
  ) );
#3344 = PCURVE('',#3312,#3345);
#3345 = DEFINITIONAL_REPRESENTATION('',(#3346),#3350);
#3346 = B_SPLINE_CURVE_WITH_KNOTS('',2,(#3347,#3348,#3349),
  .UNSPECIFIED.,.F.,.F.,(3,3),(5.40686341598,6.112309638684),
  .PIECEWISE_BEZIER_KNOTS.);
#3347 = CARTESIAN_POINT('',(5.406863416159,0.500088527598));
#3348 = CARTESIAN_POINT('',(5.759586527155,0.500088527598));
#3349 = CARTESIAN_POINT('',(6.112309638684,0.500088527598));
#3350 = ( GEOMETRIC_REPRESENTATION_CONTEXT(2) 
PARAMETRIC_REPRESENTATION_CONTEXT() REPRESENTATION_CONTEXT('2D SPACE',''
  ) );
#3351 = ORIENTED_EDGE('',*,*,#3352,.F.);
#3352 = EDGE_CURVE('',#2128,#3330,#3353,.T.);
#3353 = SURFACE_CURVE('',#3354,(#3357,#3363),.PCURVE_S1.);
#3354 = B_SPLINE_CURVE_WITH_KNOTS('',1,(#3355,#3356),.UNSPECIFIED.,.F.,
  .F.,(2,2),(-0.108682599135,0.421143685991),.PIECEWISE_BEZIER_KNOTS.);
#3355 = CARTESIAN_POINT('',(4.575553568025,-5.16471776055,0.5));
#3356 = CARTESIAN_POINT('',(4.047884092136,-4.860067646603,0.5));
#3357 = PCURVE('',#2145,#3358);
#3358 = DEFINITIONAL_REPRESENTATION('',(#3359),#3362);
#3359 = B_SPLINE_CURVE_WITH_KNOTS('',1,(#3360,#3361),.UNSPECIFIED.,.F.,
  .F.,(2,2),(-0.108682599135,0.421143685991),.PIECEWISE_BEZIER_KNOTS.);
#3360 = CARTESIAN_POINT('',(3.876000000001,0.55568643631));
#3361 = CARTESIAN_POINT('',(3.876000000001,2.586015118489E-02));
#3362 = ( GEOMETRIC_REPRESENTATION_CONTEXT(2) 
PARAMETRIC_REPRESENTATION_CONTEXT() REPRESENTATION_CONTEXT('2D SPACE',''
  ) );
#3363 = PCURVE('',#2172,#3364);
#3364 = DEFINITIONAL_REPRESENTATION('',(#3365),#3368);
#3365 = B_SPLINE_CURVE_WITH_KNOTS('',1,(#3366,#3367),.UNSPECIFIED.,.F.,
  .F.,(2,2),(-0.108682599135,0.421143685991),.PIECEWISE_BEZIER_KNOTS.);
#3366 = CARTESIAN_POINT('',(0.555686274375,2.58584298707E-02));
#3367 = CARTESIAN_POINT('',(2.585998924968E-02,2.58584298707E-02));
#3368 = ( GEOMETRIC_REPRESENTATION_CONTEXT(2) 
PARAMETRIC_REPRESENTATION_CONTEXT() REPRESENTATION_CONTEXT('2D SPACE',''
  ) );
#3369 = ORIENTED_EDGE('',*,*,#2127,.T.);
#3370 = ORIENTED_EDGE('',*,*,#3278,.T.);
#3371 = ADVANCED_FACE('',(#3372),#2172,.F.);
#3372 = FACE_BOUND('',#3373,.T.);
#3373 = EDGE_LOOP('',(#3374,#3375,#3396,#3414));
#3374 = ORIENTED_EDGE('',*,*,#3352,.T.);
#3375 = ORIENTED_EDGE('',*,*,#3376,.F.);
#3376 = EDGE_CURVE('',#3377,#3330,#3379,.T.);
#3377 = VERTEX_POINT('',#3378);
#3378 = CARTESIAN_POINT('',(4.047886149264,-4.860065452497,
    -4.14778921438E-05));
#3379 = SURFACE_CURVE('',#3380,(#3383,#3389),.PCURVE_S1.);
#3380 = B_SPLINE_CURVE_WITH_KNOTS('',1,(#3381,#3382),.UNSPECIFIED.,.F.,
  .F.,(2,2),(-0.250026314713,0.250015163179),.PIECEWISE_BEZIER_KNOTS.);
#3381 = CARTESIAN_POINT('',(4.04788395739,-4.860067568806,
    -4.147789214379E-05));
#3382 = CARTESIAN_POINT('',(4.04788395739,-4.860067568806,0.5));
#3383 = PCURVE('',#2172,#3384);
#3384 = DEFINITIONAL_REPRESENTATION('',(#3385),#3388);
#3385 = B_SPLINE_CURVE_WITH_KNOTS('',1,(#3386,#3387),.UNSPECIFIED.,.F.,
  .F.,(2,2),(-0.250026314713,0.250015163179),.PIECEWISE_BEZIER_KNOTS.);
#3386 = CARTESIAN_POINT('',(2.585985395204E-02,0.525899907763));
#3387 = CARTESIAN_POINT('',(2.585985395204E-02,2.58584298707E-02));
#3388 = ( GEOMETRIC_REPRESENTATION_CONTEXT(2) 
PARAMETRIC_REPRESENTATION_CONTEXT() REPRESENTATION_CONTEXT('2D SPACE',''
  ) );
#3389 = PCURVE('',#3312,#3390);
#3390 = DEFINITIONAL_REPRESENTATION('',(#3391),#3395);
#3391 = B_SPLINE_CURVE_WITH_KNOTS('',2,(#3392,#3393,#3394),
  .UNSPECIFIED.,.F.,.F.,(3,3),(-0.250026314713,0.250015163179),
  .PIECEWISE_BEZIER_KNOTS.);
#3392 = CARTESIAN_POINT('',(5.406863407482,4.704970620278E-05));
#3393 = CARTESIAN_POINT('',(5.406863407482,0.250067788652));
#3394 = CARTESIAN_POINT('',(5.406863407482,0.500088527598));
#3395 = ( GEOMETRIC_REPRESENTATION_CONTEXT(2) 
PARAMETRIC_REPRESENTATION_CONTEXT() REPRESENTATION_CONTEXT('2D SPACE',''
  ) );
#3396 = ORIENTED_EDGE('',*,*,#3397,.F.);
#3397 = EDGE_CURVE('',#2158,#3377,#3398,.T.);
#3398 = SURFACE_CURVE('',#3399,(#3402,#3408),.PCURVE_S1.);
#3399 = B_SPLINE_CURVE_WITH_KNOTS('',1,(#3400,#3401),.UNSPECIFIED.,.F.,
  .F.,(2,2),(8.509319912332E-14,0.529825689932),
  .PIECEWISE_BEZIER_KNOTS.);
#3400 = CARTESIAN_POINT('',(4.575553568024,-5.16471776055,0.));
#3401 = CARTESIAN_POINT('',(4.047884684907,-4.860067988838,0.));
#3402 = PCURVE('',#2172,#3403);
#3403 = DEFINITIONAL_REPRESENTATION('',(#3404),#3407);
#3404 = B_SPLINE_CURVE_WITH_KNOTS('',1,(#3405,#3406),.UNSPECIFIED.,.F.,
  .F.,(2,2),(8.509319912332E-14,0.529825689932),
  .PIECEWISE_BEZIER_KNOTS.);
#3405 = CARTESIAN_POINT('',(0.555686274375,0.525858429871));
#3406 = CARTESIAN_POINT('',(2.586058444309E-02,0.525858429871));
#3407 = ( GEOMETRIC_REPRESENTATION_CONTEXT(2) 
PARAMETRIC_REPRESENTATION_CONTEXT() REPRESENTATION_CONTEXT('2D SPACE',''
  ) );
#3408 = PCURVE('',#2206,#3409);
#3409 = DEFINITIONAL_REPRESENTATION('',(#3410),#3413);
#3410 = B_SPLINE_CURVE_WITH_KNOTS('',1,(#3411,#3412),.UNSPECIFIED.,.F.,
  .F.,(2,2),(8.509319912332E-14,0.529825689932),
  .PIECEWISE_BEZIER_KNOTS.);
#3411 = CARTESIAN_POINT('',(8.116634155453,1.544414974031));
#3412 = CARTESIAN_POINT('',(7.657791648394,1.809327818997));
#3413 = ( GEOMETRIC_REPRESENTATION_CONTEXT(2) 
PARAMETRIC_REPRESENTATION_CONTEXT() REPRESENTATION_CONTEXT('2D SPACE',''
  ) );
#3414 = ORIENTED_EDGE('',*,*,#2157,.T.);
#3415 = ADVANCED_FACE('',(#3416),#2206,.T.);
#3416 = FACE_BOUND('',#3417,.T.);
#3417 = EDGE_LOOP('',(#3418,#3419,#3420,#3446));
#3418 = ORIENTED_EDGE('',*,*,#2183,.T.);
#3419 = ORIENTED_EDGE('',*,*,#3397,.T.);
#3420 = ORIENTED_EDGE('',*,*,#3421,.F.);
#3421 = EDGE_CURVE('',#3422,#3377,#3424,.T.);
#3422 = VERTEX_POINT('',#3423);
#3423 = CARTESIAN_POINT('',(-4.047885585179,-4.860065870476,
    -4.029896145427E-05));
#3424 = SURFACE_CURVE('',#3425,(#3429,#3436),.PCURVE_S1.);
#3425 = ( BOUNDED_CURVE() B_SPLINE_CURVE(2,(#3426,#3427,#3428),
.UNSPECIFIED.,.F.,.F.) B_SPLINE_CURVE_WITH_KNOTS((3,3),(2.447117856899,
3.8360675611),.PIECEWISE_BEZIER_KNOTS.) CURVE() 
GEOMETRIC_REPRESENTATION_ITEM() RATIONAL_B_SPLINE_CURVE((1.,
0.768389892938,1.)) REPRESENTATION_ITEM('') );
#3426 = CARTESIAN_POINT('',(-4.048171996181,-4.860409747868,
    1.479481338167E-15));
#3427 = CARTESIAN_POINT('',(4.56139467804E-07,-8.232079875965,
    3.537535401606E-12));
#3428 = CARTESIAN_POINT('',(4.048172534812,-4.86040929925,
    5.12452860956E-13));
#3429 = PCURVE('',#2206,#3430);
#3430 = DEFINITIONAL_REPRESENTATION('',(#3431),#3435);
#3431 = ( BOUNDED_CURVE() B_SPLINE_CURVE(2,(#3432,#3433,#3434),
.UNSPECIFIED.,.F.,.F.) B_SPLINE_CURVE_WITH_KNOTS((3,3),(2.447117856899,
3.8360675611),.PIECEWISE_BEZIER_KNOTS.) CURVE() 
GEOMETRIC_REPRESENTATION_ITEM() RATIONAL_B_SPLINE_CURVE((1.,
0.768389892938,1.)) REPRESENTATION_ITEM('') );
#3432 = CARTESIAN_POINT('',(0.617742360491,1.809030637232));
#3433 = CARTESIAN_POINT('',(4.137892319031,-1.122856430678));
#3434 = CARTESIAN_POINT('',(7.658041952659,1.809031027335));
#3435 = ( GEOMETRIC_REPRESENTATION_CONTEXT(2) 
PARAMETRIC_REPRESENTATION_CONTEXT() REPRESENTATION_CONTEXT('2D SPACE',''
  ) );
#3436 = PCURVE('',#627,#3437);
#3437 = DEFINITIONAL_REPRESENTATION('',(#3438),#3445);
#3438 = B_SPLINE_CURVE_WITH_KNOTS('',3,(#3439,#3440,#3441,#3442,#3443,
    #3444),.UNSPECIFIED.,.F.,.F.,(4,2,4),(2.447117856899,3.141592709,
    3.8360675611),.UNSPECIFIED.);
#3439 = CARTESIAN_POINT('',(1.958951049836E-02,0.72254057523));
#3440 = CARTESIAN_POINT('',(1.958951051829E-02,0.65799121978));
#3441 = CARTESIAN_POINT('',(1.958951046543E-02,0.585256069976));
#3442 = CARTESIAN_POINT('',(1.958951046543E-02,0.41474103019));
#3443 = CARTESIAN_POINT('',(1.958951051829E-02,0.342005997946));
#3444 = CARTESIAN_POINT('',(1.958951049836E-02,0.277456670688));
#3445 = ( GEOMETRIC_REPRESENTATION_CONTEXT(2) 
PARAMETRIC_REPRESENTATION_CONTEXT() REPRESENTATION_CONTEXT('2D SPACE',''
  ) );
#3446 = ORIENTED_EDGE('',*,*,#3447,.F.);
#3447 = EDGE_CURVE('',#2184,#3422,#3448,.T.);
#3448 = SURFACE_CURVE('',#3449,(#3452,#3458),.PCURVE_S1.);
#3449 = B_SPLINE_CURVE_WITH_KNOTS('',1,(#3450,#3451),.UNSPECIFIED.,.F.,
  .F.,(2,2),(2.585842987111E-02,0.555684362866),
  .PIECEWISE_BEZIER_KNOTS.);
#3450 = CARTESIAN_POINT('',(-4.575553568024,-5.16471776055,0.));
#3451 = CARTESIAN_POINT('',(-4.047884442834,-4.860067849077,0.));
#3452 = PCURVE('',#2206,#3453);
#3453 = DEFINITIONAL_REPRESENTATION('',(#3454),#3457);
#3454 = B_SPLINE_CURVE_WITH_KNOTS('',1,(#3455,#3456),.UNSPECIFIED.,.F.,
  .F.,(2,2),(2.585842987111E-02,0.555684362866),
  .PIECEWISE_BEZIER_KNOTS.);
#3455 = CARTESIAN_POINT('',(0.159149689323,1.544414974031));
#3456 = CARTESIAN_POINT('',(0.61799240688,1.809327940529));
#3457 = ( GEOMETRIC_REPRESENTATION_CONTEXT(2) 
PARAMETRIC_REPRESENTATION_CONTEXT() REPRESENTATION_CONTEXT('2D SPACE',''
  ) );
#3458 = PCURVE('',#2233,#3459);
#3459 = DEFINITIONAL_REPRESENTATION('',(#3460),#3463);
#3460 = B_SPLINE_CURVE_WITH_KNOTS('',1,(#3461,#3462),.UNSPECIFIED.,.F.,
  .F.,(2,2),(2.585842987111E-02,0.555684362866),
  .PIECEWISE_BEZIER_KNOTS.);
#3461 = CARTESIAN_POINT('',(2.585842987111E-02,0.525858429871));
#3462 = CARTESIAN_POINT('',(0.555684362866,0.525858429871));
#3463 = ( GEOMETRIC_REPRESENTATION_CONTEXT(2) 
PARAMETRIC_REPRESENTATION_CONTEXT() REPRESENTATION_CONTEXT('2D SPACE',''
  ) );
#3464 = ADVANCED_FACE('',(#3465),#2233,.F.);
#3465 = FACE_BOUND('',#3466,.T.);
#3466 = EDGE_LOOP('',(#3467,#3487,#3488,#3489));
#3467 = ORIENTED_EDGE('',*,*,#3468,.F.);
#3468 = EDGE_CURVE('',#2219,#3469,#3471,.T.);
#3469 = VERTEX_POINT('',#3470);
#3470 = CARTESIAN_POINT('',(-4.047885318909,-4.860066814865,0.5));
#3471 = SURFACE_CURVE('',#3472,(#3475,#3481),.PCURVE_S1.);
#3472 = B_SPLINE_CURVE_WITH_KNOTS('',1,(#3473,#3474),.UNSPECIFIED.,.F.,
  .F.,(2,2),(-0.264913067133,0.264912655777),.PIECEWISE_BEZIER_KNOTS.);
#3473 = CARTESIAN_POINT('',(-4.575553568024,-5.16471776055,0.5));
#3474 = CARTESIAN_POINT('',(-4.047884652064,-4.860067969876,0.5));
#3475 = PCURVE('',#2233,#3476);
#3476 = DEFINITIONAL_REPRESENTATION('',(#3477),#3480);
#3477 = B_SPLINE_CURVE_WITH_KNOTS('',1,(#3478,#3479),.UNSPECIFIED.,.F.,
  .F.,(2,2),(-0.264913067133,0.264912655777),.PIECEWISE_BEZIER_KNOTS.);
#3478 = CARTESIAN_POINT('',(2.585842987111E-02,2.58584298707E-02));
#3479 = CARTESIAN_POINT('',(0.555684152781,2.58584298707E-02));
#3480 = ( GEOMETRIC_REPRESENTATION_CONTEXT(2) 
PARAMETRIC_REPRESENTATION_CONTEXT() REPRESENTATION_CONTEXT('2D SPACE',''
  ) );
#3481 = PCURVE('',#2262,#3482);
#3482 = DEFINITIONAL_REPRESENTATION('',(#3483),#3486);
#3483 = B_SPLINE_CURVE_WITH_KNOTS('',1,(#3484,#3485),.UNSPECIFIED.,.F.,
  .F.,(2,2),(-0.264913067133,0.264912655777),.PIECEWISE_BEZIER_KNOTS.);
#3484 = CARTESIAN_POINT('',(7.599999999915E-02,0.555684579698));
#3485 = CARTESIAN_POINT('',(7.600000000023E-02,2.585885678827E-02));
#3486 = ( GEOMETRIC_REPRESENTATION_CONTEXT(2) 
PARAMETRIC_REPRESENTATION_CONTEXT() REPRESENTATION_CONTEXT('2D SPACE',''
  ) );
#3487 = ORIENTED_EDGE('',*,*,#2218,.T.);
#3488 = ORIENTED_EDGE('',*,*,#3447,.T.);
#3489 = ORIENTED_EDGE('',*,*,#3490,.T.);
#3490 = EDGE_CURVE('',#3422,#3469,#3491,.T.);
#3491 = SURFACE_CURVE('',#3492,(#3495,#3501),.PCURVE_S1.);
#3492 = B_SPLINE_CURVE_WITH_KNOTS('',1,(#3493,#3494),.UNSPECIFIED.,.F.,
  .F.,(2,2),(-0.249996031532,0.25004426743),.PIECEWISE_BEZIER_KNOTS.);
#3493 = CARTESIAN_POINT('',(-4.047886410934,-4.860065905332,
    -4.029896145427E-05));
#3494 = CARTESIAN_POINT('',(-4.047886410934,-4.860065905332,0.5));
#3495 = PCURVE('',#2233,#3496);
#3496 = DEFINITIONAL_REPRESENTATION('',(#3497),#3500);
#3497 = B_SPLINE_CURVE_WITH_KNOTS('',1,(#3498,#3499),.UNSPECIFIED.,.F.,
  .F.,(2,2),(-0.249996031532,0.25004426743),.PIECEWISE_BEZIER_KNOTS.);
#3498 = CARTESIAN_POINT('',(0.555683725864,0.525898728832));
#3499 = CARTESIAN_POINT('',(0.555683725864,2.58584298707E-02));
#3500 = ( GEOMETRIC_REPRESENTATION_CONTEXT(2) 
PARAMETRIC_REPRESENTATION_CONTEXT() REPRESENTATION_CONTEXT('2D SPACE',''
  ) );
#3501 = PCURVE('',#3502,#3509);
#3502 = ( BOUNDED_SURFACE() B_SPLINE_SURFACE(2,1,(
    (#3503,#3504)
    ,(#3505,#3506)
    ,(#3507,#3508
)),.UNSPECIFIED.,.F.,.F.,.F.) B_SPLINE_SURFACE_WITH_KNOTS((3,3),(2,2),(
    3.312468461928,4.017914311598),(3.554386872412E-06,0.50008853486),
.PIECEWISE_BEZIER_KNOTS.) GEOMETRIC_REPRESENTATION_ITEM() 
RATIONAL_B_SPLINE_SURFACE((
    (1.,1.)
    ,(0.938435546643,0.938435546643)
,(1.,1.))) REPRESENTATION_ITEM('') SURFACE() );
#3503 = CARTESIAN_POINT('',(-6.232884076478,-1.075537581484,
    -8.498047283837E-05));
#3504 = CARTESIAN_POINT('',(-6.232884076478,-1.075537581484,0.5));
#3505 = CARTESIAN_POINT('',(-5.836960069025,-3.36997013692,
    -8.498047283837E-05));
#3506 = CARTESIAN_POINT('',(-5.836960069025,-3.36997013692,0.5));
#3507 = CARTESIAN_POINT('',(-4.047885318909,-4.860066814865,
    -8.498047283837E-05));
#3508 = CARTESIAN_POINT('',(-4.047885318909,-4.860066814865,0.5));
#3509 = DEFINITIONAL_REPRESENTATION('',(#3510),#3514);
#3510 = B_SPLINE_CURVE_WITH_KNOTS('',2,(#3511,#3512,#3513),
  .UNSPECIFIED.,.F.,.F.,(3,3),(-0.249996031532,0.25004426743),
  .PIECEWISE_BEZIER_KNOTS.);
#3511 = CARTESIAN_POINT('',(4.017914082177,4.823589825644E-05));
#3512 = CARTESIAN_POINT('',(4.017914082177,0.250068385379));
#3513 = CARTESIAN_POINT('',(4.017914082177,0.50008853486));
#3514 = ( GEOMETRIC_REPRESENTATION_CONTEXT(2) 
PARAMETRIC_REPRESENTATION_CONTEXT() REPRESENTATION_CONTEXT('2D SPACE',''
  ) );
#3515 = ADVANCED_FACE('',(#3516),#2262,.T.);
#3516 = FACE_BOUND('',#3517,.T.);
#3517 = EDGE_LOOP('',(#3518,#3541,#3559,#3560));
#3518 = ORIENTED_EDGE('',*,*,#3519,.F.);
#3519 = EDGE_CURVE('',#3520,#3469,#3522,.T.);
#3520 = VERTEX_POINT('',#3521);
#3521 = CARTESIAN_POINT('',(-6.232886444264,-1.075537990065,0.5));
#3522 = SURFACE_CURVE('',#3523,(#3527,#3534),.PCURVE_S1.);
#3523 = ( BOUNDED_CURVE() B_SPLINE_CURVE(2,(#3524,#3525,#3526),
.UNSPECIFIED.,.F.,.F.) B_SPLINE_CURVE_WITH_KNOTS((3,3),(3.312468461928,
4.017914311598),.PIECEWISE_BEZIER_KNOTS.) CURVE() 
GEOMETRIC_REPRESENTATION_ITEM() RATIONAL_B_SPLINE_CURVE((1.,
0.938435546643,1.)) REPRESENTATION_ITEM('') );
#3524 = CARTESIAN_POINT('',(-6.232884076478,-1.075537581484,0.5));
#3525 = CARTESIAN_POINT('',(-5.836960069025,-3.36997013692,0.5));
#3526 = CARTESIAN_POINT('',(-4.047885318909,-4.860066814865,0.5));
#3527 = PCURVE('',#2262,#3528);
#3528 = DEFINITIONAL_REPRESENTATION('',(#3529),#3533);
#3529 = ( BOUNDED_CURVE() B_SPLINE_CURVE(2,(#3530,#3531,#3532),
.UNSPECIFIED.,.F.,.F.) B_SPLINE_CURVE_WITH_KNOTS((3,3),(3.312468461928,
4.017914311598),.PIECEWISE_BEZIER_KNOTS.) CURVE() 
GEOMETRIC_REPRESENTATION_ITEM() RATIONAL_B_SPLINE_CURVE((1.,
0.938435546643,1.)) REPRESENTATION_ITEM('') );
#3530 = CARTESIAN_POINT('',(3.875999278216,2.585869557149E-02));
#3531 = CARTESIAN_POINT('',(1.976000248647,0.725281329742));
#3532 = CARTESIAN_POINT('',(7.600115973172E-02,2.58588567884E-02));
#3533 = ( GEOMETRIC_REPRESENTATION_CONTEXT(2) 
PARAMETRIC_REPRESENTATION_CONTEXT() REPRESENTATION_CONTEXT('2D SPACE',''
  ) );
#3534 = PCURVE('',#3502,#3535);
#3535 = DEFINITIONAL_REPRESENTATION('',(#3536),#3540);
#3536 = B_SPLINE_CURVE_WITH_KNOTS('',2,(#3537,#3538,#3539),
  .UNSPECIFIED.,.F.,.F.,(3,3),(3.312468461928,4.017914311598),
  .PIECEWISE_BEZIER_KNOTS.);
#3537 = CARTESIAN_POINT('',(3.312468461928,0.50008853486));
#3538 = CARTESIAN_POINT('',(3.665191386763,0.50008853486));
#3539 = CARTESIAN_POINT('',(4.017914311598,0.50008853486));
#3540 = ( GEOMETRIC_REPRESENTATION_CONTEXT(2) 
PARAMETRIC_REPRESENTATION_CONTEXT() REPRESENTATION_CONTEXT('2D SPACE',''
  ) );
#3541 = ORIENTED_EDGE('',*,*,#3542,.F.);
#3542 = EDGE_CURVE('',#2245,#3520,#3543,.T.);
#3543 = SURFACE_CURVE('',#3544,(#3547,#3553),.PCURVE_S1.);
#3544 = B_SPLINE_CURVE_WITH_KNOTS('',1,(#3545,#3546),.UNSPECIFIED.,.F.,
  .F.,(2,2),(-0.108681670829,0.421142252556),.PIECEWISE_BEZIER_KNOTS.);
#3545 = CARTESIAN_POINT('',(-6.760553568025,-1.380186746011,0.5));
#3546 = CARTESIAN_POINT('',(-6.232886444263,-1.075537990065,0.5));
#3547 = PCURVE('',#2262,#3548);
#3548 = DEFINITIONAL_REPRESENTATION('',(#3549),#3552);
#3549 = B_SPLINE_CURVE_WITH_KNOTS('',1,(#3550,#3551),.UNSPECIFIED.,.F.,
  .F.,(2,2),(-0.108681670829,0.421142252556),.PIECEWISE_BEZIER_KNOTS.);
#3550 = CARTESIAN_POINT('',(3.876,0.555684579698));
#3551 = CARTESIAN_POINT('',(3.876,2.58606563136E-02));
#3552 = ( GEOMETRIC_REPRESENTATION_CONTEXT(2) 
PARAMETRIC_REPRESENTATION_CONTEXT() REPRESENTATION_CONTEXT('2D SPACE',''
  ) );
#3553 = PCURVE('',#2289,#3554);
#3554 = DEFINITIONAL_REPRESENTATION('',(#3555),#3558);
#3555 = B_SPLINE_CURVE_WITH_KNOTS('',1,(#3556,#3557),.UNSPECIFIED.,.F.,
  .F.,(2,2),(-0.108681670829,0.421142252556),.PIECEWISE_BEZIER_KNOTS.);
#3556 = CARTESIAN_POINT('',(0.555682482111,0.525888632503));
#3557 = CARTESIAN_POINT('',(2.585855872663E-02,0.525888632503));
#3558 = ( GEOMETRIC_REPRESENTATION_CONTEXT(2) 
PARAMETRIC_REPRESENTATION_CONTEXT() REPRESENTATION_CONTEXT('2D SPACE',''
  ) );
#3559 = ORIENTED_EDGE('',*,*,#2244,.T.);
#3560 = ORIENTED_EDGE('',*,*,#3468,.T.);
#3561 = ADVANCED_FACE('',(#3562),#2289,.T.);
#3562 = FACE_BOUND('',#3563,.T.);
#3563 = EDGE_LOOP('',(#3564,#3565,#3584,#3585));
#3564 = ORIENTED_EDGE('',*,*,#3542,.T.);
#3565 = ORIENTED_EDGE('',*,*,#3566,.F.);
#3566 = EDGE_CURVE('',#2413,#3520,#3567,.T.);
#3567 = SURFACE_CURVE('',#3568,(#3571,#3577),.PCURVE_S1.);
#3568 = B_SPLINE_CURVE_WITH_KNOTS('',1,(#3569,#3570),.UNSPECIFIED.,.F.,
  .F.,(2,2),(-0.250028029759,0.250015101316),.PIECEWISE_BEZIER_KNOTS.);
#3569 = CARTESIAN_POINT('',(-6.232888661643,-1.07553927027,
    -4.313107451123E-05));
#3570 = CARTESIAN_POINT('',(-6.232888661643,-1.07553927027,0.5));
#3571 = PCURVE('',#2289,#3572);
#3572 = DEFINITIONAL_REPRESENTATION('',(#3573),#3576);
#3573 = B_SPLINE_CURVE_WITH_KNOTS('',1,(#3574,#3575),.UNSPECIFIED.,.F.,
  .F.,(2,2),(-0.250028029759,0.250015101316),.PIECEWISE_BEZIER_KNOTS.);
#3574 = CARTESIAN_POINT('',(2.586078516969E-02,2.584550142816E-02));
#3575 = CARTESIAN_POINT('',(2.586078516969E-02,0.525888632503));
#3576 = ( GEOMETRIC_REPRESENTATION_CONTEXT(2) 
PARAMETRIC_REPRESENTATION_CONTEXT() REPRESENTATION_CONTEXT('2D SPACE',''
  ) );
#3577 = PCURVE('',#3502,#3578);
#3578 = DEFINITIONAL_REPRESENTATION('',(#3579),#3583);
#3579 = B_SPLINE_CURVE_WITH_KNOTS('',2,(#3580,#3581,#3582),
  .UNSPECIFIED.,.F.,.F.,(3,3),(-0.250028029759,0.250015101316),
  .PIECEWISE_BEZIER_KNOTS.);
#3580 = CARTESIAN_POINT('',(3.312468604712,4.540378519947E-05));
#3581 = CARTESIAN_POINT('',(3.312468604712,0.250066969322));
#3582 = CARTESIAN_POINT('',(3.312468604712,0.50008853486));
#3583 = ( GEOMETRIC_REPRESENTATION_CONTEXT(2) 
PARAMETRIC_REPRESENTATION_CONTEXT() REPRESENTATION_CONTEXT('2D SPACE',''
  ) );
#3584 = ORIENTED_EDGE('',*,*,#2412,.T.);
#3585 = ORIENTED_EDGE('',*,*,#2274,.T.);
#3586 = ADVANCED_FACE('',(#3587),#577,.T.);
#3587 = FACE_BOUND('',#3588,.T.);
#3588 = EDGE_LOOP('',(#3589,#3590,#3591,#3612,#3613));
#3589 = ORIENTED_EDGE('',*,*,#560,.F.);
#3590 = ORIENTED_EDGE('',*,*,#2645,.T.);
#3591 = ORIENTED_EDGE('',*,*,#3592,.F.);
#3592 = EDGE_CURVE('',#2391,#2580,#3593,.T.);
#3593 = SURFACE_CURVE('',#3594,(#3598,#3605),.PCURVE_S1.);
#3594 = ( BOUNDED_CURVE() B_SPLINE_CURVE(2,(#3595,#3596,#3597),
.UNSPECIFIED.,.F.,.F.) B_SPLINE_CURVE_WITH_KNOTS((3,3),(1.280904876284,
1.986350971176),.PIECEWISE_BEZIER_KNOTS.) CURVE() 
GEOMETRIC_REPRESENTATION_ITEM() RATIONAL_B_SPLINE_CURVE((1.,
0.938435504286,1.)) REPRESENTATION_ITEM('') );
#3595 = CARTESIAN_POINT('',(-2.185001400625,5.935604641708,
    -8.468250011461E-05));
#3596 = CARTESIAN_POINT('',(-1.72634607447E-06,6.739941796362,
    -8.468249919486E-05));
#3597 = CARTESIAN_POINT('',(2.184998359973,5.935605761025,
    -8.46824998415E-05));
#3598 = PCURVE('',#577,#3599);
#3599 = DEFINITIONAL_REPRESENTATION('',(#3600),#3604);
#3600 = B_SPLINE_CURVE_WITH_KNOTS('',2,(#3601,#3602,#3603),
  .UNSPECIFIED.,.F.,.F.,(3,3),(1.280904876284,1.986350971176),
  .PIECEWISE_BEZIER_KNOTS.);
#3601 = CARTESIAN_POINT('',(1.965778305991E-02,0.213507650905));
#3602 = CARTESIAN_POINT('',(1.965778305988E-02,0.257606754511));
#3603 = CARTESIAN_POINT('',(1.965778305991E-02,0.302704971866));
#3604 = ( GEOMETRIC_REPRESENTATION_CONTEXT(2) 
PARAMETRIC_REPRESENTATION_CONTEXT() REPRESENTATION_CONTEXT('2D SPACE',''
  ) );
#3605 = PCURVE('',#2515,#3606);
#3606 = DEFINITIONAL_REPRESENTATION('',(#3607),#3611);
#3607 = B_SPLINE_CURVE_WITH_KNOTS('',2,(#3608,#3609,#3610),
  .UNSPECIFIED.,.F.,.F.,(3,3),(1.280904876284,1.986350971176),
  .PIECEWISE_BEZIER_KNOTS.);
#3608 = CARTESIAN_POINT('',(1.923519630377,-2.704090756963E-06));
#3609 = CARTESIAN_POINT('',(1.570796576328,-2.704089866751E-06));
#3610 = CARTESIAN_POINT('',(1.21807354213,-2.704090483817E-06));
#3611 = ( GEOMETRIC_REPRESENTATION_CONTEXT(2) 
PARAMETRIC_REPRESENTATION_CONTEXT() REPRESENTATION_CONTEXT('2D SPACE',''
  ) );
#3612 = ORIENTED_EDGE('',*,*,#2455,.T.);
#3613 = ORIENTED_EDGE('',*,*,#3614,.F.);
#3614 = EDGE_CURVE('',#561,#2433,#3615,.T.);
#3615 = SURFACE_CURVE('',#3616,(#3620,#3627),.PCURVE_S1.);
#3616 = ( BOUNDED_CURVE() B_SPLINE_CURVE(2,(#3617,#3618,#3619),
.UNSPECIFIED.,.F.,.F.) B_SPLINE_CURVE_WITH_KNOTS((3,3),(1.537290232608,
1.785626632326),.PIECEWISE_BEZIER_KNOTS.) CURVE() 
GEOMETRIC_REPRESENTATION_ITEM() RATIONAL_B_SPLINE_CURVE((1.,
0.992301028432,1.)) REPRESENTATION_ITEM('') );
#3617 = CARTESIAN_POINT('',(-5.010385661919E-10,-1.024360565311E-16,
    -0.50009743176));
#3618 = CARTESIAN_POINT('',(-3.198382388341,2.877202168186E-05,
    -0.593319538624));
#3619 = CARTESIAN_POINT('',(-6.324997125644,5.689843475128E-05,
    -8.535657147846E-05));
#3620 = PCURVE('',#577,#3621);
#3621 = DEFINITIONAL_REPRESENTATION('',(#3622),#3626);
#3622 = B_SPLINE_CURVE_WITH_KNOTS('',2,(#3623,#3624,#3625),
  .UNSPECIFIED.,.F.,.F.,(3,3),(1.537290232608,1.785626632326),
  .PIECEWISE_BEZIER_KNOTS.);
#3623 = CARTESIAN_POINT('',(0.999999999922,1.523648961793E-02));
#3624 = CARTESIAN_POINT('',(0.509753497455,1.523648961793E-02));
#3625 = CARTESIAN_POINT('',(1.965834425343E-02,1.523648961793E-02));
#3626 = ( GEOMETRIC_REPRESENTATION_CONTEXT(2) 
PARAMETRIC_REPRESENTATION_CONTEXT() REPRESENTATION_CONTEXT('2D SPACE',''
  ) );
#3627 = PCURVE('',#627,#3628);
#3628 = DEFINITIONAL_REPRESENTATION('',(#3629),#3633);
#3629 = B_SPLINE_CURVE_WITH_KNOTS('',2,(#3630,#3631,#3632),
  .UNSPECIFIED.,.F.,.F.,(3,3),(1.537290232608,1.785626632326),
  .PIECEWISE_BEZIER_KNOTS.);
#3630 = CARTESIAN_POINT('',(0.999999999923,1.));
#3631 = CARTESIAN_POINT('',(0.509754602325,1.));
#3632 = CARTESIAN_POINT('',(1.966057113866E-02,1.));
#3633 = ( GEOMETRIC_REPRESENTATION_CONTEXT(2) 
PARAMETRIC_REPRESENTATION_CONTEXT() REPRESENTATION_CONTEXT('2D SPACE',''
  ) );
#3634 = ADVANCED_FACE('',(#3635),#2515,.F.);
#3635 = FACE_BOUND('',#3636,.F.);
#3636 = EDGE_LOOP('',(#3637,#3638,#3639,#3640));
#3637 = ORIENTED_EDGE('',*,*,#2579,.F.);
#3638 = ORIENTED_EDGE('',*,*,#3592,.F.);
#3639 = ORIENTED_EDGE('',*,*,#2503,.T.);
#3640 = ORIENTED_EDGE('',*,*,#2532,.F.);
#3641 = ADVANCED_FACE('',(#3642,#3672),#984,.F.);
#3642 = FACE_BOUND('',#3643,.T.);
#3643 = EDGE_LOOP('',(#3644,#3645));
#3644 = ORIENTED_EDGE('',*,*,#946,.F.);
#3645 = ORIENTED_EDGE('',*,*,#3646,.F.);
#3646 = EDGE_CURVE('',#949,#947,#3647,.T.);
#3647 = SURFACE_CURVE('',#3648,(#3654,#3663),.PCURVE_S1.);
#3648 = ( BOUNDED_CURVE() B_SPLINE_CURVE(2,(#3649,#3650,#3651,#3652,
#3653),.UNSPECIFIED.,.F.,.F.) B_SPLINE_CURVE_WITH_KNOTS((3,2,3),(0.,
1.570796326795,3.14159265359),.PIECEWISE_BEZIER_KNOTS.) CURVE() 
GEOMETRIC_REPRESENTATION_ITEM() RATIONAL_B_SPLINE_CURVE((1.,
0.707106781187,1.,0.707106781187,1.)) REPRESENTATION_ITEM('') );
#3649 = CARTESIAN_POINT('',(1.7365,-2.371277191303E-13,-7.));
#3650 = CARTESIAN_POINT('',(1.7365,-1.7365,-7.));
#3651 = CARTESIAN_POINT('',(-1.189954161582E-13,-1.7365,-7.));
#3652 = CARTESIAN_POINT('',(-1.7365,-1.7365,-7.));
#3653 = CARTESIAN_POINT('',(-1.7365,6.137466865478E-16,-7.));
#3654 = PCURVE('',#984,#3655);
#3655 = DEFINITIONAL_REPRESENTATION('',(#3656),#3662);
#3656 = ( BOUNDED_CURVE() B_SPLINE_CURVE(2,(#3657,#3658,#3659,#3660,
#3661),.UNSPECIFIED.,.F.,.F.) B_SPLINE_CURVE_WITH_KNOTS((3,2,3),(0.,
1.570796326795,3.14159265359),.PIECEWISE_BEZIER_KNOTS.) CURVE() 
GEOMETRIC_REPRESENTATION_ITEM() RATIONAL_B_SPLINE_CURVE((1.,
0.707106781187,1.,0.707106781187,1.)) REPRESENTATION_ITEM('') );
#3657 = CARTESIAN_POINT('',(4.4596,5.969596785054));
#3658 = CARTESIAN_POINT('',(4.4596,7.479596785054));
#3659 = CARTESIAN_POINT('',(5.9696,7.479596785054));
#3660 = CARTESIAN_POINT('',(7.4796,7.479596785054));
#3661 = CARTESIAN_POINT('',(7.4796,5.969596785054));
#3662 = ( GEOMETRIC_REPRESENTATION_CONTEXT(2) 
PARAMETRIC_REPRESENTATION_CONTEXT() REPRESENTATION_CONTEXT('2D SPACE',''
  ) );
#3663 = PCURVE('',#869,#3664);
#3664 = DEFINITIONAL_REPRESENTATION('',(#3665),#3671);
#3665 = B_SPLINE_CURVE_WITH_KNOTS('',2,(#3666,#3667,#3668,#3669,#3670),
  .UNSPECIFIED.,.F.,.F.,(3,2,3),(0.,1.570796326795,3.14159265359),
  .PIECEWISE_BEZIER_KNOTS.);
#3666 = CARTESIAN_POINT('',(3.14159265359,1.570796326795));
#3667 = CARTESIAN_POINT('',(3.926990816987,1.570796326795));
#3668 = CARTESIAN_POINT('',(4.712388980385,1.570796326795));
#3669 = CARTESIAN_POINT('',(5.497787143782,1.570796326795));
#3670 = CARTESIAN_POINT('',(6.28318530718,1.570796326795));
#3671 = ( GEOMETRIC_REPRESENTATION_CONTEXT(2) 
PARAMETRIC_REPRESENTATION_CONTEXT() REPRESENTATION_CONTEXT('2D SPACE',''
  ) );
#3672 = FACE_BOUND('',#3673,.T.);
#3673 = EDGE_LOOP('',(#3674,#3675,#3676,#3677));
#3674 = ORIENTED_EDGE('',*,*,#2697,.T.);
#3675 = ORIENTED_EDGE('',*,*,#1262,.T.);
#3676 = ORIENTED_EDGE('',*,*,#1161,.T.);
#3677 = ORIENTED_EDGE('',*,*,#2798,.T.);
#3678 = ADVANCED_FACE('',(#3679),#3259,.F.);
#3679 = FACE_BOUND('',#3680,.T.);
#3680 = EDGE_LOOP('',(#3681,#3708,#3726,#3727));
#3681 = ORIENTED_EDGE('',*,*,#3682,.F.);
#3682 = EDGE_CURVE('',#3683,#3685,#3687,.T.);
#3683 = VERTEX_POINT('',#3684);
#3684 = CARTESIAN_POINT('',(1.15,6.555,-1.176695894529));
#3685 = VERTEX_POINT('',#3686);
#3686 = CARTESIAN_POINT('',(1.362667237906,6.555,-1.176695894529));
#3687 = SURFACE_CURVE('',#3688,(#3691,#3697),.PCURVE_S1.);
#3688 = B_SPLINE_CURVE_WITH_KNOTS('',1,(#3689,#3690),.UNSPECIFIED.,.F.,
  .F.,(2,2),(-9.246401648115E-02,9.246401648085E-02),
  .PIECEWISE_BEZIER_KNOTS.);
#3689 = CARTESIAN_POINT('',(1.15,6.555,-1.176695894529));
#3690 = CARTESIAN_POINT('',(1.362667237906,6.555,-1.176695894529));
#3691 = PCURVE('',#3259,#3692);
#3692 = DEFINITIONAL_REPRESENTATION('',(#3693),#3696);
#3693 = B_SPLINE_CURVE_WITH_KNOTS('',1,(#3694,#3695),.UNSPECIFIED.,.F.,
  .F.,(2,2),(-9.246401648115E-02,9.246401648085E-02),
  .PIECEWISE_BEZIER_KNOTS.);
#3694 = CARTESIAN_POINT('',(2.58584298707E-02,2.5858429871E-02));
#3695 = CARTESIAN_POINT('',(0.210786462833,2.5858429871E-02));
#3696 = ( GEOMETRIC_REPRESENTATION_CONTEXT(2) 
PARAMETRIC_REPRESENTATION_CONTEXT() REPRESENTATION_CONTEXT('2D SPACE',''
  ) );
#3697 = PCURVE('',#3698,#3703);
#3698 = B_SPLINE_SURFACE_WITH_KNOTS('',1,1,(
    (#3699,#3700)
    ,(#3701,#3702
    )),.UNSPECIFIED.,.F.,.F.,.F.,(2,2),(2,2),(2.5858429871E-02,
    1.025786462833),(2.5858429871E-02,1.025858429871),
  .PIECEWISE_BEZIER_KNOTS.);
#3699 = CARTESIAN_POINT('',(1.811167237906,6.555,-2.176695894529));
#3700 = CARTESIAN_POINT('',(1.811167237906,6.555,-1.176695894529));
#3701 = CARTESIAN_POINT('',(0.66125,6.555,-2.176695894529));
#3702 = CARTESIAN_POINT('',(0.66125,6.555,-1.176695894529));
#3703 = DEFINITIONAL_REPRESENTATION('',(#3704),#3707);
#3704 = B_SPLINE_CURVE_WITH_KNOTS('',1,(#3705,#3706),.UNSPECIFIED.,.F.,
  .F.,(2,2),(-9.246401648115E-02,9.246401648085E-02),
  .PIECEWISE_BEZIER_KNOTS.);
#3705 = CARTESIAN_POINT('',(0.600786462833,1.025858429871));
#3706 = CARTESIAN_POINT('',(0.415858429871,1.025858429871));
#3707 = ( GEOMETRIC_REPRESENTATION_CONTEXT(2) 
PARAMETRIC_REPRESENTATION_CONTEXT() REPRESENTATION_CONTEXT('2D SPACE',''
  ) );
#3708 = ORIENTED_EDGE('',*,*,#3709,.F.);
#3709 = EDGE_CURVE('',#2950,#3683,#3710,.T.);
#3710 = SURFACE_CURVE('',#3711,(#3714,#3720),.PCURVE_S1.);
#3711 = B_SPLINE_CURVE_WITH_KNOTS('',1,(#3712,#3713),.UNSPECIFIED.,.F.,
  .F.,(2,2),(-0.10803989155,0.10803989155),.PIECEWISE_BEZIER_KNOTS.);
#3712 = CARTESIAN_POINT('',(1.15,6.803491750565,-1.176695894529));
#3713 = CARTESIAN_POINT('',(1.15,6.555,-1.176695894529));
#3714 = PCURVE('',#3259,#3715);
#3715 = DEFINITIONAL_REPRESENTATION('',(#3716),#3719);
#3716 = B_SPLINE_CURVE_WITH_KNOTS('',1,(#3717,#3718),.UNSPECIFIED.,.F.,
  .F.,(2,2),(-0.10803989155,0.10803989155),.PIECEWISE_BEZIER_KNOTS.);
#3717 = CARTESIAN_POINT('',(2.58584298707E-02,0.241938212971));
#3718 = CARTESIAN_POINT('',(2.58584298707E-02,2.5858429871E-02));
#3719 = ( GEOMETRIC_REPRESENTATION_CONTEXT(2) 
PARAMETRIC_REPRESENTATION_CONTEXT() REPRESENTATION_CONTEXT('2D SPACE',''
  ) );
#3720 = PCURVE('',#2964,#3721);
#3721 = DEFINITIONAL_REPRESENTATION('',(#3722),#3725);
#3722 = B_SPLINE_CURVE_WITH_KNOTS('',1,(#3723,#3724),.UNSPECIFIED.,.F.,
  .F.,(2,2),(-0.10803989155,0.10803989155),.PIECEWISE_BEZIER_KNOTS.);
#3723 = CARTESIAN_POINT('',(0.450858429871,2.585842987138E-02));
#3724 = CARTESIAN_POINT('',(0.450858429871,0.241938212971));
#3725 = ( GEOMETRIC_REPRESENTATION_CONTEXT(2) 
PARAMETRIC_REPRESENTATION_CONTEXT() REPRESENTATION_CONTEXT('2D SPACE',''
  ) );
#3726 = ORIENTED_EDGE('',*,*,#3245,.T.);
#3727 = ORIENTED_EDGE('',*,*,#3728,.F.);
#3728 = EDGE_CURVE('',#3685,#3220,#3729,.T.);
#3729 = SURFACE_CURVE('',#3730,(#3733,#3739),.PCURVE_S1.);
#3730 = B_SPLINE_CURVE_WITH_KNOTS('',1,(#3731,#3732),.UNSPECIFIED.,.F.,
  .F.,(2,2),(-0.108039891549,7.379192827508E-02),
  .PIECEWISE_BEZIER_KNOTS.);
#3731 = CARTESIAN_POINT('',(1.362667237906,6.555,-1.176695894529));
#3732 = CARTESIAN_POINT('',(1.362667237906,6.764106592798,
    -1.176695894529));
#3733 = PCURVE('',#3259,#3734);
#3734 = DEFINITIONAL_REPRESENTATION('',(#3735),#3738);
#3735 = B_SPLINE_CURVE_WITH_KNOTS('',1,(#3736,#3737),.UNSPECIFIED.,.F.,
  .F.,(2,2),(-0.108039891549,7.379192827508E-02),
  .PIECEWISE_BEZIER_KNOTS.);
#3736 = CARTESIAN_POINT('',(0.210786462833,2.5858429871E-02));
#3737 = CARTESIAN_POINT('',(0.210786462833,0.207690249696));
#3738 = ( GEOMETRIC_REPRESENTATION_CONTEXT(2) 
PARAMETRIC_REPRESENTATION_CONTEXT() REPRESENTATION_CONTEXT('2D SPACE',''
  ) );
#3739 = PCURVE('',#3234,#3740);
#3740 = DEFINITIONAL_REPRESENTATION('',(#3741),#3744);
#3741 = B_SPLINE_CURVE_WITH_KNOTS('',1,(#3742,#3743),.UNSPECIFIED.,.F.,
  .F.,(2,2),(-0.108039891549,7.379192827508E-02),
  .PIECEWISE_BEZIER_KNOTS.);
#3742 = CARTESIAN_POINT('',(2.5858429871E-02,2.5858429871E-02));
#3743 = CARTESIAN_POINT('',(2.5858429871E-02,0.207690249696));
#3744 = ( GEOMETRIC_REPRESENTATION_CONTEXT(2) 
PARAMETRIC_REPRESENTATION_CONTEXT() REPRESENTATION_CONTEXT('2D SPACE',''
  ) );
#3745 = ADVANCED_FACE('',(#3746),#2964,.T.);
#3746 = FACE_BOUND('',#3747,.T.);
#3747 = EDGE_LOOP('',(#3748,#3768,#3786,#3787));
#3748 = ORIENTED_EDGE('',*,*,#3749,.F.);
#3749 = EDGE_CURVE('',#3750,#3683,#3752,.T.);
#3750 = VERTEX_POINT('',#3751);
#3751 = CARTESIAN_POINT('',(1.15,6.555,-1.601695894529));
#3752 = SURFACE_CURVE('',#3753,(#3756,#3762),.PCURVE_S1.);
#3753 = B_SPLINE_CURVE_WITH_KNOTS('',1,(#3754,#3755),.UNSPECIFIED.,.F.,
  .F.,(2,2),(-0.2125,0.2125),.PIECEWISE_BEZIER_KNOTS.);
#3754 = CARTESIAN_POINT('',(1.15,6.555,-1.601695894529));
#3755 = CARTESIAN_POINT('',(1.15,6.555,-1.176695894529));
#3756 = PCURVE('',#2964,#3757);
#3757 = DEFINITIONAL_REPRESENTATION('',(#3758),#3761);
#3758 = B_SPLINE_CURVE_WITH_KNOTS('',1,(#3759,#3760),.UNSPECIFIED.,.F.,
  .F.,(2,2),(-0.2125,0.2125),.PIECEWISE_BEZIER_KNOTS.);
#3759 = CARTESIAN_POINT('',(2.5858429871E-02,0.241938212971));
#3760 = CARTESIAN_POINT('',(0.450858429871,0.241938212971));
#3761 = ( GEOMETRIC_REPRESENTATION_CONTEXT(2) 
PARAMETRIC_REPRESENTATION_CONTEXT() REPRESENTATION_CONTEXT('2D SPACE',''
  ) );
#3762 = PCURVE('',#3698,#3763);
#3763 = DEFINITIONAL_REPRESENTATION('',(#3764),#3767);
#3764 = B_SPLINE_CURVE_WITH_KNOTS('',1,(#3765,#3766),.UNSPECIFIED.,.F.,
  .F.,(2,2),(-0.2125,0.2125),.PIECEWISE_BEZIER_KNOTS.);
#3765 = CARTESIAN_POINT('',(0.600786462833,0.600858429871));
#3766 = CARTESIAN_POINT('',(0.600786462833,1.025858429871));
#3767 = ( GEOMETRIC_REPRESENTATION_CONTEXT(2) 
PARAMETRIC_REPRESENTATION_CONTEXT() REPRESENTATION_CONTEXT('2D SPACE',''
  ) );
#3768 = ORIENTED_EDGE('',*,*,#3769,.F.);
#3769 = EDGE_CURVE('',#2948,#3750,#3770,.T.);
#3770 = SURFACE_CURVE('',#3771,(#3774,#3780),.PCURVE_S1.);
#3771 = B_SPLINE_CURVE_WITH_KNOTS('',1,(#3772,#3773),.UNSPECIFIED.,.F.,
  .F.,(2,2),(-0.10803989155,0.10803989155),.PIECEWISE_BEZIER_KNOTS.);
#3772 = CARTESIAN_POINT('',(1.15,6.803491750565,-1.601695894529));
#3773 = CARTESIAN_POINT('',(1.15,6.555,-1.601695894529));
#3774 = PCURVE('',#2964,#3775);
#3775 = DEFINITIONAL_REPRESENTATION('',(#3776),#3779);
#3776 = B_SPLINE_CURVE_WITH_KNOTS('',1,(#3777,#3778),.UNSPECIFIED.,.F.,
  .F.,(2,2),(-0.10803989155,0.10803989155),.PIECEWISE_BEZIER_KNOTS.);
#3777 = CARTESIAN_POINT('',(2.5858429871E-02,2.585842987138E-02));
#3778 = CARTESIAN_POINT('',(2.5858429871E-02,0.241938212971));
#3779 = ( GEOMETRIC_REPRESENTATION_CONTEXT(2) 
PARAMETRIC_REPRESENTATION_CONTEXT() REPRESENTATION_CONTEXT('2D SPACE',''
  ) );
#3780 = PCURVE('',#2991,#3781);
#3781 = DEFINITIONAL_REPRESENTATION('',(#3782),#3785);
#3782 = B_SPLINE_CURVE_WITH_KNOTS('',1,(#3783,#3784),.UNSPECIFIED.,.F.,
  .F.,(2,2),(-0.10803989155,0.10803989155),.PIECEWISE_BEZIER_KNOTS.);
#3783 = CARTESIAN_POINT('',(0.450858429871,0.241938212971));
#3784 = CARTESIAN_POINT('',(0.450858429871,2.5858429871E-02));
#3785 = ( GEOMETRIC_REPRESENTATION_CONTEXT(2) 
PARAMETRIC_REPRESENTATION_CONTEXT() REPRESENTATION_CONTEXT('2D SPACE',''
  ) );
#3786 = ORIENTED_EDGE('',*,*,#2947,.T.);
#3787 = ORIENTED_EDGE('',*,*,#3709,.T.);
#3788 = ADVANCED_FACE('',(#3789),#2991,.F.);
#3789 = FACE_BOUND('',#3790,.T.);
#3790 = EDGE_LOOP('',(#3791,#3811,#3829,#3830));
#3791 = ORIENTED_EDGE('',*,*,#3792,.F.);
#3792 = EDGE_CURVE('',#3793,#3750,#3795,.T.);
#3793 = VERTEX_POINT('',#3794);
#3794 = CARTESIAN_POINT('',(0.66125,6.555,-1.601695894529));
#3795 = SURFACE_CURVE('',#3796,(#3799,#3805),.PCURVE_S1.);
#3796 = B_SPLINE_CURVE_WITH_KNOTS('',1,(#3797,#3798),.UNSPECIFIED.,.F.,
  .F.,(2,2),(-0.2125,0.2125),.PIECEWISE_BEZIER_KNOTS.);
#3797 = CARTESIAN_POINT('',(0.66125,6.555,-1.601695894529));
#3798 = CARTESIAN_POINT('',(1.15,6.555,-1.601695894529));
#3799 = PCURVE('',#2991,#3800);
#3800 = DEFINITIONAL_REPRESENTATION('',(#3801),#3804);
#3801 = B_SPLINE_CURVE_WITH_KNOTS('',1,(#3802,#3803),.UNSPECIFIED.,.F.,
  .F.,(2,2),(-0.2125,0.2125),.PIECEWISE_BEZIER_KNOTS.);
#3802 = CARTESIAN_POINT('',(2.585842987067E-02,2.5858429871E-02));
#3803 = CARTESIAN_POINT('',(0.450858429871,2.5858429871E-02));
#3804 = ( GEOMETRIC_REPRESENTATION_CONTEXT(2) 
PARAMETRIC_REPRESENTATION_CONTEXT() REPRESENTATION_CONTEXT('2D SPACE',''
  ) );
#3805 = PCURVE('',#3698,#3806);
#3806 = DEFINITIONAL_REPRESENTATION('',(#3807),#3810);
#3807 = B_SPLINE_CURVE_WITH_KNOTS('',1,(#3808,#3809),.UNSPECIFIED.,.F.,
  .F.,(2,2),(-0.2125,0.2125),.PIECEWISE_BEZIER_KNOTS.);
#3808 = CARTESIAN_POINT('',(1.025786462833,0.600858429871));
#3809 = CARTESIAN_POINT('',(0.600786462833,0.600858429871));
#3810 = ( GEOMETRIC_REPRESENTATION_CONTEXT(2) 
PARAMETRIC_REPRESENTATION_CONTEXT() REPRESENTATION_CONTEXT('2D SPACE',''
  ) );
#3811 = ORIENTED_EDGE('',*,*,#3812,.F.);
#3812 = EDGE_CURVE('',#2976,#3793,#3813,.T.);
#3813 = SURFACE_CURVE('',#3814,(#3817,#3823),.PCURVE_S1.);
#3814 = B_SPLINE_CURVE_WITH_KNOTS('',1,(#3815,#3816),.UNSPECIFIED.,.F.,
  .F.,(2,2),(-0.136192182362,0.136192182362),.PIECEWISE_BEZIER_KNOTS.);
#3815 = CARTESIAN_POINT('',(0.66125,6.868242019433,-1.601695894529));
#3816 = CARTESIAN_POINT('',(0.66125,6.555,-1.601695894529));
#3817 = PCURVE('',#2991,#3818);
#3818 = DEFINITIONAL_REPRESENTATION('',(#3819),#3822);
#3819 = B_SPLINE_CURVE_WITH_KNOTS('',1,(#3820,#3821),.UNSPECIFIED.,.F.,
  .F.,(2,2),(-0.136192182362,0.136192182362),.PIECEWISE_BEZIER_KNOTS.);
#3820 = CARTESIAN_POINT('',(2.58584298707E-02,0.298242794595));
#3821 = CARTESIAN_POINT('',(2.58584298707E-02,2.5858429871E-02));
#3822 = ( GEOMETRIC_REPRESENTATION_CONTEXT(2) 
PARAMETRIC_REPRESENTATION_CONTEXT() REPRESENTATION_CONTEXT('2D SPACE',''
  ) );
#3823 = PCURVE('',#3018,#3824);
#3824 = DEFINITIONAL_REPRESENTATION('',(#3825),#3828);
#3825 = B_SPLINE_CURVE_WITH_KNOTS('',1,(#3826,#3827),.UNSPECIFIED.,.F.,
  .F.,(2,2),(-0.136192182362,0.136192182362),.PIECEWISE_BEZIER_KNOTS.);
#3826 = CARTESIAN_POINT('',(0.175858429871,2.585842987098E-02));
#3827 = CARTESIAN_POINT('',(0.175858429871,0.298242794595));
#3828 = ( GEOMETRIC_REPRESENTATION_CONTEXT(2) 
PARAMETRIC_REPRESENTATION_CONTEXT() REPRESENTATION_CONTEXT('2D SPACE',''
  ) );
#3829 = ORIENTED_EDGE('',*,*,#2975,.T.);
#3830 = ORIENTED_EDGE('',*,*,#3769,.T.);
#3831 = ADVANCED_FACE('',(#3832),#3018,.T.);
#3832 = FACE_BOUND('',#3833,.T.);
#3833 = EDGE_LOOP('',(#3834,#3854,#3872,#3873));
#3834 = ORIENTED_EDGE('',*,*,#3835,.F.);
#3835 = EDGE_CURVE('',#3836,#3793,#3838,.T.);
#3836 = VERTEX_POINT('',#3837);
#3837 = CARTESIAN_POINT('',(0.66125,6.555,-1.751695894529));
#3838 = SURFACE_CURVE('',#3839,(#3842,#3848),.PCURVE_S1.);
#3839 = B_SPLINE_CURVE_WITH_KNOTS('',1,(#3840,#3841),.UNSPECIFIED.,.F.,
  .F.,(2,2),(-7.5E-02,7.5E-02),.PIECEWISE_BEZIER_KNOTS.);
#3840 = CARTESIAN_POINT('',(0.66125,6.555,-1.751695894529));
#3841 = CARTESIAN_POINT('',(0.66125,6.555,-1.601695894529));
#3842 = PCURVE('',#3018,#3843);
#3843 = DEFINITIONAL_REPRESENTATION('',(#3844),#3847);
#3844 = B_SPLINE_CURVE_WITH_KNOTS('',1,(#3845,#3846),.UNSPECIFIED.,.F.,
  .F.,(2,2),(-7.5E-02,7.5E-02),.PIECEWISE_BEZIER_KNOTS.);
#3845 = CARTESIAN_POINT('',(2.5858429871E-02,0.298242794595));
#3846 = CARTESIAN_POINT('',(0.175858429871,0.298242794595));
#3847 = ( GEOMETRIC_REPRESENTATION_CONTEXT(2) 
PARAMETRIC_REPRESENTATION_CONTEXT() REPRESENTATION_CONTEXT('2D SPACE',''
  ) );
#3848 = PCURVE('',#3698,#3849);
#3849 = DEFINITIONAL_REPRESENTATION('',(#3850),#3853);
#3850 = B_SPLINE_CURVE_WITH_KNOTS('',1,(#3851,#3852),.UNSPECIFIED.,.F.,
  .F.,(2,2),(-7.5E-02,7.5E-02),.PIECEWISE_BEZIER_KNOTS.);
#3851 = CARTESIAN_POINT('',(1.025786462833,0.450858429871));
#3852 = CARTESIAN_POINT('',(1.025786462833,0.600858429871));
#3853 = ( GEOMETRIC_REPRESENTATION_CONTEXT(2) 
PARAMETRIC_REPRESENTATION_CONTEXT() REPRESENTATION_CONTEXT('2D SPACE',''
  ) );
#3854 = ORIENTED_EDGE('',*,*,#3855,.F.);
#3855 = EDGE_CURVE('',#3004,#3836,#3856,.T.);
#3856 = SURFACE_CURVE('',#3857,(#3860,#3866),.PCURVE_S1.);
#3857 = B_SPLINE_CURVE_WITH_KNOTS('',1,(#3858,#3859),.UNSPECIFIED.,.F.,
  .F.,(2,2),(-0.136192182362,0.136192182362),.PIECEWISE_BEZIER_KNOTS.);
#3858 = CARTESIAN_POINT('',(0.66125,6.868242019433,-1.751695894529));
#3859 = CARTESIAN_POINT('',(0.66125,6.555,-1.751695894529));
#3860 = PCURVE('',#3018,#3861);
#3861 = DEFINITIONAL_REPRESENTATION('',(#3862),#3865);
#3862 = B_SPLINE_CURVE_WITH_KNOTS('',1,(#3863,#3864),.UNSPECIFIED.,.F.,
  .F.,(2,2),(-0.136192182362,0.136192182362),.PIECEWISE_BEZIER_KNOTS.);
#3863 = CARTESIAN_POINT('',(2.5858429871E-02,2.585842987098E-02));
#3864 = CARTESIAN_POINT('',(2.5858429871E-02,0.298242794595));
#3865 = ( GEOMETRIC_REPRESENTATION_CONTEXT(2) 
PARAMETRIC_REPRESENTATION_CONTEXT() REPRESENTATION_CONTEXT('2D SPACE',''
  ) );
#3866 = PCURVE('',#3045,#3867);
#3867 = DEFINITIONAL_REPRESENTATION('',(#3868),#3871);
#3868 = B_SPLINE_CURVE_WITH_KNOTS('',1,(#3869,#3870),.UNSPECIFIED.,.F.,
  .F.,(2,2),(-0.136192182362,0.136192182362),.PIECEWISE_BEZIER_KNOTS.);
#3869 = CARTESIAN_POINT('',(0.450858429871,2.585842987098E-02));
#3870 = CARTESIAN_POINT('',(0.450858429871,0.298242794595));
#3871 = ( GEOMETRIC_REPRESENTATION_CONTEXT(2) 
PARAMETRIC_REPRESENTATION_CONTEXT() REPRESENTATION_CONTEXT('2D SPACE',''
  ) );
#3872 = ORIENTED_EDGE('',*,*,#3003,.T.);
#3873 = ORIENTED_EDGE('',*,*,#3812,.T.);
#3874 = ADVANCED_FACE('',(#3875),#3045,.T.);
#3875 = FACE_BOUND('',#3876,.T.);
#3876 = EDGE_LOOP('',(#3877,#3897,#3915,#3916));
#3877 = ORIENTED_EDGE('',*,*,#3878,.F.);
#3878 = EDGE_CURVE('',#3879,#3836,#3881,.T.);
#3879 = VERTEX_POINT('',#3880);
#3880 = CARTESIAN_POINT('',(1.15,6.555,-1.751695894529));
#3881 = SURFACE_CURVE('',#3882,(#3885,#3891),.PCURVE_S1.);
#3882 = B_SPLINE_CURVE_WITH_KNOTS('',1,(#3883,#3884),.UNSPECIFIED.,.F.,
  .F.,(2,2),(-0.2125,0.2125),.PIECEWISE_BEZIER_KNOTS.);
#3883 = CARTESIAN_POINT('',(1.15,6.555,-1.751695894529));
#3884 = CARTESIAN_POINT('',(0.66125,6.555,-1.751695894529));
#3885 = PCURVE('',#3045,#3886);
#3886 = DEFINITIONAL_REPRESENTATION('',(#3887),#3890);
#3887 = B_SPLINE_CURVE_WITH_KNOTS('',1,(#3888,#3889),.UNSPECIFIED.,.F.,
  .F.,(2,2),(-0.2125,0.2125),.PIECEWISE_BEZIER_KNOTS.);
#3888 = CARTESIAN_POINT('',(2.5858429871E-02,0.298242794595));
#3889 = CARTESIAN_POINT('',(0.450858429871,0.298242794595));
#3890 = ( GEOMETRIC_REPRESENTATION_CONTEXT(2) 
PARAMETRIC_REPRESENTATION_CONTEXT() REPRESENTATION_CONTEXT('2D SPACE',''
  ) );
#3891 = PCURVE('',#3698,#3892);
#3892 = DEFINITIONAL_REPRESENTATION('',(#3893),#3896);
#3893 = B_SPLINE_CURVE_WITH_KNOTS('',1,(#3894,#3895),.UNSPECIFIED.,.F.,
  .F.,(2,2),(-0.2125,0.2125),.PIECEWISE_BEZIER_KNOTS.);
#3894 = CARTESIAN_POINT('',(0.600786462833,0.450858429871));
#3895 = CARTESIAN_POINT('',(1.025786462833,0.450858429871));
#3896 = ( GEOMETRIC_REPRESENTATION_CONTEXT(2) 
PARAMETRIC_REPRESENTATION_CONTEXT() REPRESENTATION_CONTEXT('2D SPACE',''
  ) );
#3897 = ORIENTED_EDGE('',*,*,#3898,.F.);
#3898 = EDGE_CURVE('',#3030,#3879,#3899,.T.);
#3899 = SURFACE_CURVE('',#3900,(#3903,#3909),.PCURVE_S1.);
#3900 = B_SPLINE_CURVE_WITH_KNOTS('',1,(#3901,#3902),.UNSPECIFIED.,.F.,
  .F.,(2,2),(-7.988760073762E-02,0.136192182362),
  .PIECEWISE_BEZIER_KNOTS.);
#3901 = CARTESIAN_POINT('',(1.15,6.803491750565,-1.751695894529));
#3902 = CARTESIAN_POINT('',(1.15,6.555,-1.751695894529));
#3903 = PCURVE('',#3045,#3904);
#3904 = DEFINITIONAL_REPRESENTATION('',(#3905),#3908);
#3905 = B_SPLINE_CURVE_WITH_KNOTS('',1,(#3906,#3907),.UNSPECIFIED.,.F.,
  .F.,(2,2),(-7.988760073762E-02,0.136192182362),
  .PIECEWISE_BEZIER_KNOTS.);
#3906 = CARTESIAN_POINT('',(2.5858429871E-02,8.216301149538E-02));
#3907 = CARTESIAN_POINT('',(2.5858429871E-02,0.298242794595));
#3908 = ( GEOMETRIC_REPRESENTATION_CONTEXT(2) 
PARAMETRIC_REPRESENTATION_CONTEXT() REPRESENTATION_CONTEXT('2D SPACE',''
  ) );
#3909 = PCURVE('',#3072,#3910);
#3910 = DEFINITIONAL_REPRESENTATION('',(#3911),#3914);
#3911 = B_SPLINE_CURVE_WITH_KNOTS('',1,(#3912,#3913),.UNSPECIFIED.,.F.,
  .F.,(2,2),(-7.988760073762E-02,0.136192182362),
  .PIECEWISE_BEZIER_KNOTS.);
#3912 = CARTESIAN_POINT('',(0.450858429871,2.585842987138E-02));
#3913 = CARTESIAN_POINT('',(0.450858429871,0.241938212971));
#3914 = ( GEOMETRIC_REPRESENTATION_CONTEXT(2) 
PARAMETRIC_REPRESENTATION_CONTEXT() REPRESENTATION_CONTEXT('2D SPACE',''
  ) );
#3915 = ORIENTED_EDGE('',*,*,#3029,.T.);
#3916 = ORIENTED_EDGE('',*,*,#3855,.T.);
#3917 = ADVANCED_FACE('',(#3918),#3072,.T.);
#3918 = FACE_BOUND('',#3919,.T.);
#3919 = EDGE_LOOP('',(#3920,#3940,#3958,#3959));
#3920 = ORIENTED_EDGE('',*,*,#3921,.F.);
#3921 = EDGE_CURVE('',#3922,#3879,#3924,.T.);
#3922 = VERTEX_POINT('',#3923);
#3923 = CARTESIAN_POINT('',(1.15,6.555,-2.176695894529));
#3924 = SURFACE_CURVE('',#3925,(#3928,#3934),.PCURVE_S1.);
#3925 = B_SPLINE_CURVE_WITH_KNOTS('',1,(#3926,#3927),.UNSPECIFIED.,.F.,
  .F.,(2,2),(-0.2125,0.2125),.PIECEWISE_BEZIER_KNOTS.);
#3926 = CARTESIAN_POINT('',(1.15,6.555,-2.176695894529));
#3927 = CARTESIAN_POINT('',(1.15,6.555,-1.751695894529));
#3928 = PCURVE('',#3072,#3929);
#3929 = DEFINITIONAL_REPRESENTATION('',(#3930),#3933);
#3930 = B_SPLINE_CURVE_WITH_KNOTS('',1,(#3931,#3932),.UNSPECIFIED.,.F.,
  .F.,(2,2),(-0.2125,0.2125),.PIECEWISE_BEZIER_KNOTS.);
#3931 = CARTESIAN_POINT('',(2.5858429871E-02,0.241938212971));
#3932 = CARTESIAN_POINT('',(0.450858429871,0.241938212971));
#3933 = ( GEOMETRIC_REPRESENTATION_CONTEXT(2) 
PARAMETRIC_REPRESENTATION_CONTEXT() REPRESENTATION_CONTEXT('2D SPACE',''
  ) );
#3934 = PCURVE('',#3698,#3935);
#3935 = DEFINITIONAL_REPRESENTATION('',(#3936),#3939);
#3936 = B_SPLINE_CURVE_WITH_KNOTS('',1,(#3937,#3938),.UNSPECIFIED.,.F.,
  .F.,(2,2),(-0.2125,0.2125),.PIECEWISE_BEZIER_KNOTS.);
#3937 = CARTESIAN_POINT('',(0.600786462833,2.5858429871E-02));
#3938 = CARTESIAN_POINT('',(0.600786462833,0.450858429871));
#3939 = ( GEOMETRIC_REPRESENTATION_CONTEXT(2) 
PARAMETRIC_REPRESENTATION_CONTEXT() REPRESENTATION_CONTEXT('2D SPACE',''
  ) );
#3940 = ORIENTED_EDGE('',*,*,#3941,.F.);
#3941 = EDGE_CURVE('',#3058,#3922,#3942,.T.);
#3942 = SURFACE_CURVE('',#3943,(#3946,#3952),.PCURVE_S1.);
#3943 = B_SPLINE_CURVE_WITH_KNOTS('',1,(#3944,#3945),.UNSPECIFIED.,.F.,
  .F.,(2,2),(-0.10803989155,0.10803989155),.PIECEWISE_BEZIER_KNOTS.);
#3944 = CARTESIAN_POINT('',(1.15,6.803491750565,-2.176695894529));
#3945 = CARTESIAN_POINT('',(1.15,6.555,-2.176695894529));
#3946 = PCURVE('',#3072,#3947);
#3947 = DEFINITIONAL_REPRESENTATION('',(#3948),#3951);
#3948 = B_SPLINE_CURVE_WITH_KNOTS('',1,(#3949,#3950),.UNSPECIFIED.,.F.,
  .F.,(2,2),(-0.10803989155,0.10803989155),.PIECEWISE_BEZIER_KNOTS.);
#3949 = CARTESIAN_POINT('',(2.5858429871E-02,2.585842987138E-02));
#3950 = CARTESIAN_POINT('',(2.5858429871E-02,0.241938212971));
#3951 = ( GEOMETRIC_REPRESENTATION_CONTEXT(2) 
PARAMETRIC_REPRESENTATION_CONTEXT() REPRESENTATION_CONTEXT('2D SPACE',''
  ) );
#3952 = PCURVE('',#3099,#3953);
#3953 = DEFINITIONAL_REPRESENTATION('',(#3954),#3957);
#3954 = B_SPLINE_CURVE_WITH_KNOTS('',1,(#3955,#3956),.UNSPECIFIED.,.F.,
  .F.,(2,2),(-0.10803989155,0.10803989155),.PIECEWISE_BEZIER_KNOTS.);
#3955 = CARTESIAN_POINT('',(0.210786462833,2.585842987038E-02));
#3956 = CARTESIAN_POINT('',(0.210786462833,0.24193821297));
#3957 = ( GEOMETRIC_REPRESENTATION_CONTEXT(2) 
PARAMETRIC_REPRESENTATION_CONTEXT() REPRESENTATION_CONTEXT('2D SPACE',''
  ) );
#3958 = ORIENTED_EDGE('',*,*,#3057,.T.);
#3959 = ORIENTED_EDGE('',*,*,#3898,.T.);
#3960 = ADVANCED_FACE('',(#3961),#3099,.T.);
#3961 = FACE_BOUND('',#3962,.T.);
#3962 = EDGE_LOOP('',(#3963,#3983,#4001,#4002));
#3963 = ORIENTED_EDGE('',*,*,#3964,.F.);
#3964 = EDGE_CURVE('',#3965,#3922,#3967,.T.);
#3965 = VERTEX_POINT('',#3966);
#3966 = CARTESIAN_POINT('',(1.362667237906,6.555,-2.176695894529));
#3967 = SURFACE_CURVE('',#3968,(#3971,#3977),.PCURVE_S1.);
#3968 = B_SPLINE_CURVE_WITH_KNOTS('',1,(#3969,#3970),.UNSPECIFIED.,.F.,
  .F.,(2,2),(-9.246401648085E-02,9.246401648115E-02),
  .PIECEWISE_BEZIER_KNOTS.);
#3969 = CARTESIAN_POINT('',(1.362667237906,6.555,-2.176695894529));
#3970 = CARTESIAN_POINT('',(1.15,6.555,-2.176695894529));
#3971 = PCURVE('',#3099,#3972);
#3972 = DEFINITIONAL_REPRESENTATION('',(#3973),#3976);
#3973 = B_SPLINE_CURVE_WITH_KNOTS('',1,(#3974,#3975),.UNSPECIFIED.,.F.,
  .F.,(2,2),(-9.246401648085E-02,9.246401648115E-02),
  .PIECEWISE_BEZIER_KNOTS.);
#3974 = CARTESIAN_POINT('',(2.5858429871E-02,0.24193821297));
#3975 = CARTESIAN_POINT('',(0.210786462833,0.24193821297));
#3976 = ( GEOMETRIC_REPRESENTATION_CONTEXT(2) 
PARAMETRIC_REPRESENTATION_CONTEXT() REPRESENTATION_CONTEXT('2D SPACE',''
  ) );
#3977 = PCURVE('',#3698,#3978);
#3978 = DEFINITIONAL_REPRESENTATION('',(#3979),#3982);
#3979 = B_SPLINE_CURVE_WITH_KNOTS('',1,(#3980,#3981),.UNSPECIFIED.,.F.,
  .F.,(2,2),(-9.246401648085E-02,9.246401648115E-02),
  .PIECEWISE_BEZIER_KNOTS.);
#3980 = CARTESIAN_POINT('',(0.415858429871,2.5858429871E-02));
#3981 = CARTESIAN_POINT('',(0.600786462833,2.5858429871E-02));
#3982 = ( GEOMETRIC_REPRESENTATION_CONTEXT(2) 
PARAMETRIC_REPRESENTATION_CONTEXT() REPRESENTATION_CONTEXT('2D SPACE',''
  ) );
#3983 = ORIENTED_EDGE('',*,*,#3984,.F.);
#3984 = EDGE_CURVE('',#3084,#3965,#3985,.T.);
#3985 = SURFACE_CURVE('',#3986,(#3989,#3995),.PCURVE_S1.);
#3986 = B_SPLINE_CURVE_WITH_KNOTS('',1,(#3987,#3988),.UNSPECIFIED.,.F.,
  .F.,(2,2),(-7.379192827508E-02,0.108039891549),
  .PIECEWISE_BEZIER_KNOTS.);
#3987 = CARTESIAN_POINT('',(1.362667237906,6.764106592798,
    -2.176695894529));
#3988 = CARTESIAN_POINT('',(1.362667237906,6.555,-2.176695894529));
#3989 = PCURVE('',#3099,#3990);
#3990 = DEFINITIONAL_REPRESENTATION('',(#3991),#3994);
#3991 = B_SPLINE_CURVE_WITH_KNOTS('',1,(#3992,#3993),.UNSPECIFIED.,.F.,
  .F.,(2,2),(-7.379192827508E-02,0.108039891549),
  .PIECEWISE_BEZIER_KNOTS.);
#3992 = CARTESIAN_POINT('',(2.5858429871E-02,6.010639314542E-02));
#3993 = CARTESIAN_POINT('',(2.5858429871E-02,0.24193821297));
#3994 = ( GEOMETRIC_REPRESENTATION_CONTEXT(2) 
PARAMETRIC_REPRESENTATION_CONTEXT() REPRESENTATION_CONTEXT('2D SPACE',''
  ) );
#3995 = PCURVE('',#3126,#3996);
#3996 = DEFINITIONAL_REPRESENTATION('',(#3997),#4000);
#3997 = B_SPLINE_CURVE_WITH_KNOTS('',1,(#3998,#3999),.UNSPECIFIED.,.F.,
  .F.,(2,2),(-7.379192827508E-02,0.108039891549),
  .PIECEWISE_BEZIER_KNOTS.);
#3998 = CARTESIAN_POINT('',(0.450858429871,0.207690249696));
#3999 = CARTESIAN_POINT('',(0.450858429871,2.5858429871E-02));
#4000 = ( GEOMETRIC_REPRESENTATION_CONTEXT(2) 
PARAMETRIC_REPRESENTATION_CONTEXT() REPRESENTATION_CONTEXT('2D SPACE',''
  ) );
#4001 = ORIENTED_EDGE('',*,*,#3083,.T.);
#4002 = ORIENTED_EDGE('',*,*,#3941,.T.);
#4003 = ADVANCED_FACE('',(#4004),#3126,.F.);
#4004 = FACE_BOUND('',#4005,.T.);
#4005 = EDGE_LOOP('',(#4006,#4026,#4044,#4045));
#4006 = ORIENTED_EDGE('',*,*,#4007,.F.);
#4007 = EDGE_CURVE('',#4008,#3965,#4010,.T.);
#4008 = VERTEX_POINT('',#4009);
#4009 = CARTESIAN_POINT('',(1.362667237906,6.555,-1.751695894529));
#4010 = SURFACE_CURVE('',#4011,(#4014,#4020),.PCURVE_S1.);
#4011 = B_SPLINE_CURVE_WITH_KNOTS('',1,(#4012,#4013),.UNSPECIFIED.,.F.,
  .F.,(2,2),(-0.2125,0.2125),.PIECEWISE_BEZIER_KNOTS.);
#4012 = CARTESIAN_POINT('',(1.362667237906,6.555,-1.751695894529));
#4013 = CARTESIAN_POINT('',(1.362667237906,6.555,-2.176695894529));
#4014 = PCURVE('',#3126,#4015);
#4015 = DEFINITIONAL_REPRESENTATION('',(#4016),#4019);
#4016 = B_SPLINE_CURVE_WITH_KNOTS('',1,(#4017,#4018),.UNSPECIFIED.,.F.,
  .F.,(2,2),(-0.2125,0.2125),.PIECEWISE_BEZIER_KNOTS.);
#4017 = CARTESIAN_POINT('',(2.5858429871E-02,2.5858429871E-02));
#4018 = CARTESIAN_POINT('',(0.450858429871,2.5858429871E-02));
#4019 = ( GEOMETRIC_REPRESENTATION_CONTEXT(2) 
PARAMETRIC_REPRESENTATION_CONTEXT() REPRESENTATION_CONTEXT('2D SPACE',''
  ) );
#4020 = PCURVE('',#3698,#4021);
#4021 = DEFINITIONAL_REPRESENTATION('',(#4022),#4025);
#4022 = B_SPLINE_CURVE_WITH_KNOTS('',1,(#4023,#4024),.UNSPECIFIED.,.F.,
  .F.,(2,2),(-0.2125,0.2125),.PIECEWISE_BEZIER_KNOTS.);
#4023 = CARTESIAN_POINT('',(0.415858429871,0.450858429871));
#4024 = CARTESIAN_POINT('',(0.415858429871,2.5858429871E-02));
#4025 = ( GEOMETRIC_REPRESENTATION_CONTEXT(2) 
PARAMETRIC_REPRESENTATION_CONTEXT() REPRESENTATION_CONTEXT('2D SPACE',''
  ) );
#4026 = ORIENTED_EDGE('',*,*,#4027,.F.);
#4027 = EDGE_CURVE('',#3112,#4008,#4028,.T.);
#4028 = SURFACE_CURVE('',#4029,(#4032,#4038),.PCURVE_S1.);
#4029 = B_SPLINE_CURVE_WITH_KNOTS('',1,(#4030,#4031),.UNSPECIFIED.,.F.,
  .F.,(2,2),(-9.091590991208E-02,9.09159099125E-02),
  .PIECEWISE_BEZIER_KNOTS.);
#4030 = CARTESIAN_POINT('',(1.362667237906,6.764106592798,
    -1.751695894529));
#4031 = CARTESIAN_POINT('',(1.362667237906,6.555,-1.751695894529));
#4032 = PCURVE('',#3126,#4033);
#4033 = DEFINITIONAL_REPRESENTATION('',(#4034),#4037);
#4034 = B_SPLINE_CURVE_WITH_KNOTS('',1,(#4035,#4036),.UNSPECIFIED.,.F.,
  .F.,(2,2),(-9.091590991208E-02,9.09159099125E-02),
  .PIECEWISE_BEZIER_KNOTS.);
#4035 = CARTESIAN_POINT('',(2.5858429871E-02,0.207690249696));
#4036 = CARTESIAN_POINT('',(2.5858429871E-02,2.5858429871E-02));
#4037 = ( GEOMETRIC_REPRESENTATION_CONTEXT(2) 
PARAMETRIC_REPRESENTATION_CONTEXT() REPRESENTATION_CONTEXT('2D SPACE',''
  ) );
#4038 = PCURVE('',#3153,#4039);
#4039 = DEFINITIONAL_REPRESENTATION('',(#4040),#4043);
#4040 = B_SPLINE_CURVE_WITH_KNOTS('',1,(#4041,#4042),.UNSPECIFIED.,.F.,
  .F.,(2,2),(-9.091590991208E-02,9.09159099125E-02),
  .PIECEWISE_BEZIER_KNOTS.);
#4041 = CARTESIAN_POINT('',(0.415858429871,2.585842987042E-02));
#4042 = CARTESIAN_POINT('',(0.415858429871,0.207690249695));
#4043 = ( GEOMETRIC_REPRESENTATION_CONTEXT(2) 
PARAMETRIC_REPRESENTATION_CONTEXT() REPRESENTATION_CONTEXT('2D SPACE',''
  ) );
#4044 = ORIENTED_EDGE('',*,*,#3111,.T.);
#4045 = ORIENTED_EDGE('',*,*,#3984,.T.);
#4046 = ADVANCED_FACE('',(#4047),#3153,.T.);
#4047 = FACE_BOUND('',#4048,.T.);
#4048 = EDGE_LOOP('',(#4049,#4069,#4087,#4088));
#4049 = ORIENTED_EDGE('',*,*,#4050,.F.);
#4050 = EDGE_CURVE('',#4051,#4008,#4053,.T.);
#4051 = VERTEX_POINT('',#4052);
#4052 = CARTESIAN_POINT('',(1.811167237906,6.555,-1.751695894529));
#4053 = SURFACE_CURVE('',#4054,(#4057,#4063),.PCURVE_S1.);
#4054 = B_SPLINE_CURVE_WITH_KNOTS('',1,(#4055,#4056),.UNSPECIFIED.,.F.,
  .F.,(2,2),(-0.195,0.195),.PIECEWISE_BEZIER_KNOTS.);
#4055 = CARTESIAN_POINT('',(1.811167237906,6.555,-1.751695894529));
#4056 = CARTESIAN_POINT('',(1.362667237906,6.555,-1.751695894529));
#4057 = PCURVE('',#3153,#4058);
#4058 = DEFINITIONAL_REPRESENTATION('',(#4059),#4062);
#4059 = B_SPLINE_CURVE_WITH_KNOTS('',1,(#4060,#4061),.UNSPECIFIED.,.F.,
  .F.,(2,2),(-0.195,0.195),.PIECEWISE_BEZIER_KNOTS.);
#4060 = CARTESIAN_POINT('',(2.5858429871E-02,0.207690249695));
#4061 = CARTESIAN_POINT('',(0.415858429871,0.207690249695));
#4062 = ( GEOMETRIC_REPRESENTATION_CONTEXT(2) 
PARAMETRIC_REPRESENTATION_CONTEXT() REPRESENTATION_CONTEXT('2D SPACE',''
  ) );
#4063 = PCURVE('',#3698,#4064);
#4064 = DEFINITIONAL_REPRESENTATION('',(#4065),#4068);
#4065 = B_SPLINE_CURVE_WITH_KNOTS('',1,(#4066,#4067),.UNSPECIFIED.,.F.,
  .F.,(2,2),(-0.195,0.195),.PIECEWISE_BEZIER_KNOTS.);
#4066 = CARTESIAN_POINT('',(2.5858429871E-02,0.450858429871));
#4067 = CARTESIAN_POINT('',(0.415858429871,0.450858429871));
#4068 = ( GEOMETRIC_REPRESENTATION_CONTEXT(2) 
PARAMETRIC_REPRESENTATION_CONTEXT() REPRESENTATION_CONTEXT('2D SPACE',''
  ) );
#4069 = ORIENTED_EDGE('',*,*,#4070,.F.);
#4070 = EDGE_CURVE('',#3138,#4051,#4071,.T.);
#4071 = SURFACE_CURVE('',#4072,(#4075,#4081),.PCURVE_S1.);
#4072 = B_SPLINE_CURVE_WITH_KNOTS('',1,(#4073,#4074),.UNSPECIFIED.,.F.,
  .F.,(2,2),(1.304377953181E-03,9.0915909912E-02),
  .PIECEWISE_BEZIER_KNOTS.);
#4073 = CARTESIAN_POINT('',(1.811167237906,6.658053261753,
    -1.751695894529));
#4074 = CARTESIAN_POINT('',(1.811167237906,6.555,-1.751695894529));
#4075 = PCURVE('',#3153,#4076);
#4076 = DEFINITIONAL_REPRESENTATION('',(#4077),#4080);
#4077 = B_SPLINE_CURVE_WITH_KNOTS('',1,(#4078,#4079),.UNSPECIFIED.,.F.,
  .F.,(2,2),(1.304377953181E-03,9.0915909912E-02),
  .PIECEWISE_BEZIER_KNOTS.);
#4078 = CARTESIAN_POINT('',(2.5858429871E-02,0.118078717736));
#4079 = CARTESIAN_POINT('',(2.5858429871E-02,0.207690249695));
#4080 = ( GEOMETRIC_REPRESENTATION_CONTEXT(2) 
PARAMETRIC_REPRESENTATION_CONTEXT() REPRESENTATION_CONTEXT('2D SPACE',''
  ) );
#4081 = PCURVE('',#3180,#4082);
#4082 = DEFINITIONAL_REPRESENTATION('',(#4083),#4086);
#4083 = B_SPLINE_CURVE_WITH_KNOTS('',1,(#4084,#4085),.UNSPECIFIED.,.F.,
  .F.,(2,2),(1.304377953181E-03,9.0915909912E-02),
  .PIECEWISE_BEZIER_KNOTS.);
#4084 = CARTESIAN_POINT('',(0.175858429871,0.11546996183));
#4085 = CARTESIAN_POINT('',(0.175858429871,2.5858429871E-02));
#4086 = ( GEOMETRIC_REPRESENTATION_CONTEXT(2) 
PARAMETRIC_REPRESENTATION_CONTEXT() REPRESENTATION_CONTEXT('2D SPACE',''
  ) );
#4087 = ORIENTED_EDGE('',*,*,#3137,.T.);
#4088 = ORIENTED_EDGE('',*,*,#4027,.T.);
#4089 = ADVANCED_FACE('',(#4090),#3180,.F.);
#4090 = FACE_BOUND('',#4091,.T.);
#4091 = EDGE_LOOP('',(#4092,#4112,#4130,#4131));
#4092 = ORIENTED_EDGE('',*,*,#4093,.F.);
#4093 = EDGE_CURVE('',#4094,#4051,#4096,.T.);
#4094 = VERTEX_POINT('',#4095);
#4095 = CARTESIAN_POINT('',(1.811167237906,6.555,-1.601695894529));
#4096 = SURFACE_CURVE('',#4097,(#4100,#4106),.PCURVE_S1.);
#4097 = B_SPLINE_CURVE_WITH_KNOTS('',1,(#4098,#4099),.UNSPECIFIED.,.F.,
  .F.,(2,2),(-7.5E-02,7.5E-02),.PIECEWISE_BEZIER_KNOTS.);
#4098 = CARTESIAN_POINT('',(1.811167237906,6.555,-1.601695894529));
#4099 = CARTESIAN_POINT('',(1.811167237906,6.555,-1.751695894529));
#4100 = PCURVE('',#3180,#4101);
#4101 = DEFINITIONAL_REPRESENTATION('',(#4102),#4105);
#4102 = B_SPLINE_CURVE_WITH_KNOTS('',1,(#4103,#4104),.UNSPECIFIED.,.F.,
  .F.,(2,2),(-7.5E-02,7.5E-02),.PIECEWISE_BEZIER_KNOTS.);
#4103 = CARTESIAN_POINT('',(2.5858429871E-02,2.5858429871E-02));
#4104 = CARTESIAN_POINT('',(0.175858429871,2.5858429871E-02));
#4105 = ( GEOMETRIC_REPRESENTATION_CONTEXT(2) 
PARAMETRIC_REPRESENTATION_CONTEXT() REPRESENTATION_CONTEXT('2D SPACE',''
  ) );
#4106 = PCURVE('',#3698,#4107);
#4107 = DEFINITIONAL_REPRESENTATION('',(#4108),#4111);
#4108 = B_SPLINE_CURVE_WITH_KNOTS('',1,(#4109,#4110),.UNSPECIFIED.,.F.,
  .F.,(2,2),(-7.5E-02,7.5E-02),.PIECEWISE_BEZIER_KNOTS.);
#4109 = CARTESIAN_POINT('',(2.5858429871E-02,0.600858429871));
#4110 = CARTESIAN_POINT('',(2.5858429871E-02,0.450858429871));
#4111 = ( GEOMETRIC_REPRESENTATION_CONTEXT(2) 
PARAMETRIC_REPRESENTATION_CONTEXT() REPRESENTATION_CONTEXT('2D SPACE',''
  ) );
#4112 = ORIENTED_EDGE('',*,*,#4113,.F.);
#4113 = EDGE_CURVE('',#3166,#4094,#4114,.T.);
#4114 = SURFACE_CURVE('',#4115,(#4118,#4124),.PCURVE_S1.);
#4115 = B_SPLINE_CURVE_WITH_KNOTS('',1,(#4116,#4117),.UNSPECIFIED.,.F.,
  .F.,(2,2),(-4.480576597932E-02,4.48057659795E-02),
  .PIECEWISE_BEZIER_KNOTS.);
#4116 = CARTESIAN_POINT('',(1.811167237906,6.658053261753,
    -1.601695894529));
#4117 = CARTESIAN_POINT('',(1.811167237906,6.555,-1.601695894529));
#4118 = PCURVE('',#3180,#4119);
#4119 = DEFINITIONAL_REPRESENTATION('',(#4120),#4123);
#4120 = B_SPLINE_CURVE_WITH_KNOTS('',1,(#4121,#4122),.UNSPECIFIED.,.F.,
  .F.,(2,2),(-4.480576597932E-02,4.48057659795E-02),
  .PIECEWISE_BEZIER_KNOTS.);
#4121 = CARTESIAN_POINT('',(2.5858429871E-02,0.11546996183));
#4122 = CARTESIAN_POINT('',(2.5858429871E-02,2.5858429871E-02));
#4123 = ( GEOMETRIC_REPRESENTATION_CONTEXT(2) 
PARAMETRIC_REPRESENTATION_CONTEXT() REPRESENTATION_CONTEXT('2D SPACE',''
  ) );
#4124 = PCURVE('',#3207,#4125);
#4125 = DEFINITIONAL_REPRESENTATION('',(#4126),#4129);
#4126 = B_SPLINE_CURVE_WITH_KNOTS('',1,(#4127,#4128),.UNSPECIFIED.,.F.,
  .F.,(2,2),(-4.480576597932E-02,4.48057659795E-02),
  .PIECEWISE_BEZIER_KNOTS.);
#4127 = CARTESIAN_POINT('',(0.415858429871,0.11546996183));
#4128 = CARTESIAN_POINT('',(0.415858429871,2.5858429871E-02));
#4129 = ( GEOMETRIC_REPRESENTATION_CONTEXT(2) 
PARAMETRIC_REPRESENTATION_CONTEXT() REPRESENTATION_CONTEXT('2D SPACE',''
  ) );
#4130 = ORIENTED_EDGE('',*,*,#3165,.T.);
#4131 = ORIENTED_EDGE('',*,*,#4070,.T.);
#4132 = ADVANCED_FACE('',(#4133),#3207,.F.);
#4133 = FACE_BOUND('',#4134,.T.);
#4134 = EDGE_LOOP('',(#4135,#4155,#4173,#4174));
#4135 = ORIENTED_EDGE('',*,*,#4136,.F.);
#4136 = EDGE_CURVE('',#4137,#4094,#4139,.T.);
#4137 = VERTEX_POINT('',#4138);
#4138 = CARTESIAN_POINT('',(1.362667237906,6.555,-1.601695894529));
#4139 = SURFACE_CURVE('',#4140,(#4143,#4149),.PCURVE_S1.);
#4140 = B_SPLINE_CURVE_WITH_KNOTS('',1,(#4141,#4142),.UNSPECIFIED.,.F.,
  .F.,(2,2),(-0.195,0.195),.PIECEWISE_BEZIER_KNOTS.);
#4141 = CARTESIAN_POINT('',(1.362667237906,6.555,-1.601695894529));
#4142 = CARTESIAN_POINT('',(1.811167237906,6.555,-1.601695894529));
#4143 = PCURVE('',#3207,#4144);
#4144 = DEFINITIONAL_REPRESENTATION('',(#4145),#4148);
#4145 = B_SPLINE_CURVE_WITH_KNOTS('',1,(#4146,#4147),.UNSPECIFIED.,.F.,
  .F.,(2,2),(-0.195,0.195),.PIECEWISE_BEZIER_KNOTS.);
#4146 = CARTESIAN_POINT('',(2.5858429871E-02,2.5858429871E-02));
#4147 = CARTESIAN_POINT('',(0.415858429871,2.5858429871E-02));
#4148 = ( GEOMETRIC_REPRESENTATION_CONTEXT(2) 
PARAMETRIC_REPRESENTATION_CONTEXT() REPRESENTATION_CONTEXT('2D SPACE',''
  ) );
#4149 = PCURVE('',#3698,#4150);
#4150 = DEFINITIONAL_REPRESENTATION('',(#4151),#4154);
#4151 = B_SPLINE_CURVE_WITH_KNOTS('',1,(#4152,#4153),.UNSPECIFIED.,.F.,
  .F.,(2,2),(-0.195,0.195),.PIECEWISE_BEZIER_KNOTS.);
#4152 = CARTESIAN_POINT('',(0.415858429871,0.600858429871));
#4153 = CARTESIAN_POINT('',(2.5858429871E-02,0.600858429871));
#4154 = ( GEOMETRIC_REPRESENTATION_CONTEXT(2) 
PARAMETRIC_REPRESENTATION_CONTEXT() REPRESENTATION_CONTEXT('2D SPACE',''
  ) );
#4155 = ORIENTED_EDGE('',*,*,#4156,.F.);
#4156 = EDGE_CURVE('',#3192,#4137,#4157,.T.);
#4157 = SURFACE_CURVE('',#4158,(#4161,#4167),.PCURVE_S1.);
#4158 = B_SPLINE_CURVE_WITH_KNOTS('',1,(#4159,#4160),.UNSPECIFIED.,.F.,
  .F.,(2,2),(-9.091590991258E-02,9.0915909912E-02),
  .PIECEWISE_BEZIER_KNOTS.);
#4159 = CARTESIAN_POINT('',(1.362667237906,6.764106592798,
    -1.601695894529));
#4160 = CARTESIAN_POINT('',(1.362667237906,6.555,-1.601695894529));
#4161 = PCURVE('',#3207,#4162);
#4162 = DEFINITIONAL_REPRESENTATION('',(#4163),#4166);
#4163 = B_SPLINE_CURVE_WITH_KNOTS('',1,(#4164,#4165),.UNSPECIFIED.,.F.,
  .F.,(2,2),(-9.091590991258E-02,9.0915909912E-02),
  .PIECEWISE_BEZIER_KNOTS.);
#4164 = CARTESIAN_POINT('',(2.5858429871E-02,0.207690249696));
#4165 = CARTESIAN_POINT('',(2.5858429871E-02,2.5858429871E-02));
#4166 = ( GEOMETRIC_REPRESENTATION_CONTEXT(2) 
PARAMETRIC_REPRESENTATION_CONTEXT() REPRESENTATION_CONTEXT('2D SPACE',''
  ) );
#4167 = PCURVE('',#3234,#4168);
#4168 = DEFINITIONAL_REPRESENTATION('',(#4169),#4172);
#4169 = B_SPLINE_CURVE_WITH_KNOTS('',1,(#4170,#4171),.UNSPECIFIED.,.F.,
  .F.,(2,2),(-9.091590991258E-02,9.0915909912E-02),
  .PIECEWISE_BEZIER_KNOTS.);
#4170 = CARTESIAN_POINT('',(0.450858429871,0.207690249696));
#4171 = CARTESIAN_POINT('',(0.450858429871,2.5858429871E-02));
#4172 = ( GEOMETRIC_REPRESENTATION_CONTEXT(2) 
PARAMETRIC_REPRESENTATION_CONTEXT() REPRESENTATION_CONTEXT('2D SPACE',''
  ) );
#4173 = ORIENTED_EDGE('',*,*,#3191,.T.);
#4174 = ORIENTED_EDGE('',*,*,#4113,.T.);
#4175 = ADVANCED_FACE('',(#4176),#3234,.F.);
#4176 = FACE_BOUND('',#4177,.T.);
#4177 = EDGE_LOOP('',(#4178,#4196,#4197,#4198));
#4178 = ORIENTED_EDGE('',*,*,#4179,.F.);
#4179 = EDGE_CURVE('',#3685,#4137,#4180,.T.);
#4180 = SURFACE_CURVE('',#4181,(#4184,#4190),.PCURVE_S1.);
#4181 = B_SPLINE_CURVE_WITH_KNOTS('',1,(#4182,#4183),.UNSPECIFIED.,.F.,
  .F.,(2,2),(-0.2125,0.2125),.PIECEWISE_BEZIER_KNOTS.);
#4182 = CARTESIAN_POINT('',(1.362667237906,6.555,-1.176695894529));
#4183 = CARTESIAN_POINT('',(1.362667237906,6.555,-1.601695894529));
#4184 = PCURVE('',#3234,#4185);
#4185 = DEFINITIONAL_REPRESENTATION('',(#4186),#4189);
#4186 = B_SPLINE_CURVE_WITH_KNOTS('',1,(#4187,#4188),.UNSPECIFIED.,.F.,
  .F.,(2,2),(-0.2125,0.2125),.PIECEWISE_BEZIER_KNOTS.);
#4187 = CARTESIAN_POINT('',(2.5858429871E-02,2.5858429871E-02));
#4188 = CARTESIAN_POINT('',(0.450858429871,2.5858429871E-02));
#4189 = ( GEOMETRIC_REPRESENTATION_CONTEXT(2) 
PARAMETRIC_REPRESENTATION_CONTEXT() REPRESENTATION_CONTEXT('2D SPACE',''
  ) );
#4190 = PCURVE('',#3698,#4191);
#4191 = DEFINITIONAL_REPRESENTATION('',(#4192),#4195);
#4192 = B_SPLINE_CURVE_WITH_KNOTS('',1,(#4193,#4194),.UNSPECIFIED.,.F.,
  .F.,(2,2),(-0.2125,0.2125),.PIECEWISE_BEZIER_KNOTS.);
#4193 = CARTESIAN_POINT('',(0.415858429871,1.025858429871));
#4194 = CARTESIAN_POINT('',(0.415858429871,0.600858429871));
#4195 = ( GEOMETRIC_REPRESENTATION_CONTEXT(2) 
PARAMETRIC_REPRESENTATION_CONTEXT() REPRESENTATION_CONTEXT('2D SPACE',''
  ) );
#4196 = ORIENTED_EDGE('',*,*,#3728,.T.);
#4197 = ORIENTED_EDGE('',*,*,#3219,.T.);
#4198 = ORIENTED_EDGE('',*,*,#4156,.T.);
#4199 = ADVANCED_FACE('',(#4200),#3312,.F.);
#4200 = FACE_BOUND('',#4201,.F.);
#4201 = EDGE_LOOP('',(#4202,#4203,#4225,#4226));
#4202 = ORIENTED_EDGE('',*,*,#3376,.F.);
#4203 = ORIENTED_EDGE('',*,*,#4204,.T.);
#4204 = EDGE_CURVE('',#3377,#2623,#4205,.T.);
#4205 = SURFACE_CURVE('',#4206,(#4210,#4217),.PCURVE_S1.);
#4206 = ( BOUNDED_CURVE() B_SPLINE_CURVE(2,(#4207,#4208,#4209),
.UNSPECIFIED.,.F.,.F.) B_SPLINE_CURVE_WITH_KNOTS((3,3),(1.218073683109,
1.923518862163),.PIECEWISE_BEZIER_KNOTS.) CURVE() 
GEOMETRIC_REPRESENTATION_ITEM() RATIONAL_B_SPLINE_CURVE((1.,
0.938435662476,1.)) REPRESENTATION_ITEM('') );
#4207 = CARTESIAN_POINT('',(4.047886479122,-4.860065848539,
    -8.852759834656E-05));
#4208 = CARTESIAN_POINT('',(5.836959023068,-3.369970284714,
    -8.852759834656E-05));
#4209 = CARTESIAN_POINT('',(6.232883611961,-1.075540273416,
    -8.852759834656E-05));
#4210 = PCURVE('',#3312,#4211);
#4211 = DEFINITIONAL_REPRESENTATION('',(#4212),#4216);
#4212 = B_SPLINE_CURVE_WITH_KNOTS('',2,(#4213,#4214,#4215),
  .UNSPECIFIED.,.F.,.F.,(3,3),(1.218073683109,1.923518862163),
  .PIECEWISE_BEZIER_KNOTS.);
#4213 = CARTESIAN_POINT('',(5.406863898003,-9.839134801672E-18));
#4214 = CARTESIAN_POINT('',(5.759586479332,9.657218669268E-18));
#4215 = CARTESIAN_POINT('',(6.11230905492,1.798420347711E-17));
#4216 = ( GEOMETRIC_REPRESENTATION_CONTEXT(2) 
PARAMETRIC_REPRESENTATION_CONTEXT() REPRESENTATION_CONTEXT('2D SPACE',''
  ) );
#4217 = PCURVE('',#627,#4218);
#4218 = DEFINITIONAL_REPRESENTATION('',(#4219),#4224);
#4219 = B_SPLINE_CURVE_WITH_KNOTS('',3,(#4220,#4221,#4222,#4223),
  .UNSPECIFIED.,.F.,.F.,(4,4),(1.218073683109,1.923518862163),
  .PIECEWISE_BEZIER_KNOTS.);
#4220 = CARTESIAN_POINT('',(1.966025774406E-02,0.277456670688));
#4221 = CARTESIAN_POINT('',(1.966025774423E-02,0.207811563114));
#4222 = CARTESIAN_POINT('',(1.966025774368E-02,0.134982196843));
#4223 = CARTESIAN_POINT('',(1.966025774398E-02,5.848630249109E-02));
#4224 = ( GEOMETRIC_REPRESENTATION_CONTEXT(2) 
PARAMETRIC_REPRESENTATION_CONTEXT() REPRESENTATION_CONTEXT('2D SPACE',''
  ) );
#4225 = ORIENTED_EDGE('',*,*,#3300,.T.);
#4226 = ORIENTED_EDGE('',*,*,#3329,.F.);
#4227 = ADVANCED_FACE('',(#4228),#627,.T.);
#4228 = FACE_BOUND('',#4229,.T.);
#4229 = EDGE_LOOP('',(#4230,#4231,#4232,#4254,#4255,#4256,#4257));
#4230 = ORIENTED_EDGE('',*,*,#3614,.T.);
#4231 = ORIENTED_EDGE('',*,*,#2432,.F.);
#4232 = ORIENTED_EDGE('',*,*,#4233,.F.);
#4233 = EDGE_CURVE('',#3422,#2413,#4234,.T.);
#4234 = SURFACE_CURVE('',#4235,(#4239,#4247),.PCURVE_S1.);
#4235 = ( BOUNDED_CURVE() B_SPLINE_CURVE(2,(#4236,#4237,#4238),
.UNSPECIFIED.,.F.,.F.) B_SPLINE_CURVE_WITH_KNOTS((3,3),(2.328102976557,
3.033548409402),.PIECEWISE_BEZIER_KNOTS.) CURVE() 
GEOMETRIC_REPRESENTATION_ITEM() RATIONAL_B_SPLINE_CURVE((1.,
0.93843561864,1.)) REPRESENTATION_ITEM('') );
#4236 = CARTESIAN_POINT('',(-4.047885369735,-4.860065611804,
    -8.49804690182E-05));
#4237 = CARTESIAN_POINT('',(-5.836958526824,-3.369969873101,
    -8.498047058095E-05));
#4238 = CARTESIAN_POINT('',(-6.232882886828,-1.075539230638,
    -8.498047283837E-05));
#4239 = PCURVE('',#627,#4240);
#4240 = DEFINITIONAL_REPRESENTATION('',(#4241),#4246);
#4241 = B_SPLINE_CURVE_WITH_KNOTS('',3,(#4242,#4243,#4244,#4245),
  .UNSPECIFIED.,.F.,.F.,(4,4),(2.328102976557,3.033548409402),
  .PIECEWISE_BEZIER_KNOTS.);
#4242 = CARTESIAN_POINT('',(1.966025801874E-02,0.72254057523));
#4243 = CARTESIAN_POINT('',(1.966025801892E-02,0.792185735512));
#4244 = CARTESIAN_POINT('',(1.966025801841E-02,0.865015050715));
#4245 = CARTESIAN_POINT('',(1.966025801874E-02,0.941510756693));
#4246 = ( GEOMETRIC_REPRESENTATION_CONTEXT(2) 
PARAMETRIC_REPRESENTATION_CONTEXT() REPRESENTATION_CONTEXT('2D SPACE',''
  ) );
#4247 = PCURVE('',#3502,#4248);
#4248 = DEFINITIONAL_REPRESENTATION('',(#4249),#4253);
#4249 = B_SPLINE_CURVE_WITH_KNOTS('',2,(#4250,#4251,#4252),
  .UNSPECIFIED.,.F.,.F.,(3,3),(2.328102976557,3.033548409402),
  .PIECEWISE_BEZIER_KNOTS.);
#4250 = CARTESIAN_POINT('',(4.017914181003,3.554390692509E-06));
#4251 = CARTESIAN_POINT('',(3.665191463905,3.554389116707E-06));
#4252 = CARTESIAN_POINT('',(3.312468756929,3.554386872391E-06));
#4253 = ( GEOMETRIC_REPRESENTATION_CONTEXT(2) 
PARAMETRIC_REPRESENTATION_CONTEXT() REPRESENTATION_CONTEXT('2D SPACE',''
  ) );
#4254 = ORIENTED_EDGE('',*,*,#3421,.T.);
#4255 = ORIENTED_EDGE('',*,*,#4204,.T.);
#4256 = ORIENTED_EDGE('',*,*,#2669,.F.);
#4257 = ORIENTED_EDGE('',*,*,#613,.T.);
#4258 = ADVANCED_FACE('',(#4259),#3502,.F.);
#4259 = FACE_BOUND('',#4260,.F.);
#4260 = EDGE_LOOP('',(#4261,#4262,#4263,#4264));
#4261 = ORIENTED_EDGE('',*,*,#3566,.F.);
#4262 = ORIENTED_EDGE('',*,*,#4233,.F.);
#4263 = ORIENTED_EDGE('',*,*,#3490,.T.);
#4264 = ORIENTED_EDGE('',*,*,#3519,.F.);
#4265 = ADVANCED_FACE('',(#4266),#869,.T.);
#4266 = FACE_BOUND('',#4267,.T.);
#4267 = EDGE_LOOP('',(#4268,#4269,#4270,#4271));
#4268 = ORIENTED_EDGE('',*,*,#998,.F.);
#4269 = ORIENTED_EDGE('',*,*,#3646,.T.);
#4270 = ORIENTED_EDGE('',*,*,#1046,.T.);
#4271 = ORIENTED_EDGE('',*,*,#849,.F.);
#4272 = ADVANCED_FACE('',(#4273),#3698,.T.);
#4273 = FACE_BOUND('',#4274,.T.);
#4274 = EDGE_LOOP('',(#4275,#4276,#4277,#4278,#4279,#4280,#4281,#4282,
    #4283,#4284,#4285,#4286));
#4275 = ORIENTED_EDGE('',*,*,#4093,.T.);
#4276 = ORIENTED_EDGE('',*,*,#4050,.T.);
#4277 = ORIENTED_EDGE('',*,*,#4007,.T.);
#4278 = ORIENTED_EDGE('',*,*,#3964,.T.);
#4279 = ORIENTED_EDGE('',*,*,#3921,.T.);
#4280 = ORIENTED_EDGE('',*,*,#3878,.T.);
#4281 = ORIENTED_EDGE('',*,*,#3835,.T.);
#4282 = ORIENTED_EDGE('',*,*,#3792,.T.);
#4283 = ORIENTED_EDGE('',*,*,#3749,.T.);
#4284 = ORIENTED_EDGE('',*,*,#3682,.T.);
#4285 = ORIENTED_EDGE('',*,*,#4179,.T.);
#4286 = ORIENTED_EDGE('',*,*,#4136,.T.);
#4287 = ADVANCED_FACE('',(#4288),#831,.F.);
#4288 = FACE_BOUND('',#4289,.F.);
#4289 = EDGE_LOOP('',(#4290,#4291,#4292,#4319));
#4290 = ORIENTED_EDGE('',*,*,#1019,.F.);
#4291 = ORIENTED_EDGE('',*,*,#803,.F.);
#4292 = ORIENTED_EDGE('',*,*,#4293,.T.);
#4293 = EDGE_CURVE('',#804,#895,#4294,.T.);
#4294 = SURFACE_CURVE('',#4295,(#4301,#4310),.PCURVE_S1.);
#4295 = ( BOUNDED_CURVE() B_SPLINE_CURVE(2,(#4296,#4297,#4298,#4299,
#4300),.UNSPECIFIED.,.F.,.F.) B_SPLINE_CURVE_WITH_KNOTS((3,2,3),(0.,
1.570796326795,3.14159265359),.PIECEWISE_BEZIER_KNOTS.) CURVE() 
GEOMETRIC_REPRESENTATION_ITEM() RATIONAL_B_SPLINE_CURVE((1.,
0.707106781187,1.,0.707106781187,1.)) REPRESENTATION_ITEM('') );
#4296 = CARTESIAN_POINT('',(-1.4375,0.,-6.));
#4297 = CARTESIAN_POINT('',(-1.4375,1.4375,-6.));
#4298 = CARTESIAN_POINT('',(-8.802148868872E-17,1.4375,-6.));
#4299 = CARTESIAN_POINT('',(1.4375,1.4375,-6.));
#4300 = CARTESIAN_POINT('',(1.4375,1.760429773774E-16,-6.));
#4301 = PCURVE('',#831,#4302);
#4302 = DEFINITIONAL_REPRESENTATION('',(#4303),#4309);
#4303 = B_SPLINE_CURVE_WITH_KNOTS('',2,(#4304,#4305,#4306,#4307,#4308),
  .UNSPECIFIED.,.F.,.F.,(3,2,3),(0.,1.570796326795,3.14159265359),
  .PIECEWISE_BEZIER_KNOTS.);
#4304 = CARTESIAN_POINT('',(0.,0.));
#4305 = CARTESIAN_POINT('',(0.785398163397,0.));
#4306 = CARTESIAN_POINT('',(1.570796326795,0.));
#4307 = CARTESIAN_POINT('',(2.356194490192,0.));
#4308 = CARTESIAN_POINT('',(3.14159265359,0.));
#4309 = ( GEOMETRIC_REPRESENTATION_CONTEXT(2) 
PARAMETRIC_REPRESENTATION_CONTEXT() REPRESENTATION_CONTEXT('2D SPACE',''
  ) );
#4310 = PCURVE('',#732,#4311);
#4311 = DEFINITIONAL_REPRESENTATION('',(#4312),#4318);
#4312 = ( BOUNDED_CURVE() B_SPLINE_CURVE(2,(#4313,#4314,#4315,#4316,
#4317),.UNSPECIFIED.,.F.,.F.) B_SPLINE_CURVE_WITH_KNOTS((3,2,3),(0.,
1.570796326795,3.14159265359),.PIECEWISE_BEZIER_KNOTS.) CURVE() 
GEOMETRIC_REPRESENTATION_ITEM() RATIONAL_B_SPLINE_CURVE((1.,
0.707106781187,1.,0.707106781187,1.)) REPRESENTATION_ITEM('') );
#4313 = CARTESIAN_POINT('',(6.97,5.719996952336));
#4314 = CARTESIAN_POINT('',(6.97,4.469996952336));
#4315 = CARTESIAN_POINT('',(5.72,4.469996952336));
#4316 = CARTESIAN_POINT('',(4.47,4.469996952336));
#4317 = CARTESIAN_POINT('',(4.47,5.719996952336));
#4318 = ( GEOMETRIC_REPRESENTATION_CONTEXT(2) 
PARAMETRIC_REPRESENTATION_CONTEXT() REPRESENTATION_CONTEXT('2D SPACE',''
  ) );
#4319 = ORIENTED_EDGE('',*,*,#894,.T.);
#4320 = ADVANCED_FACE('',(#4321,#4325),#732,.T.);
#4321 = FACE_BOUND('',#4322,.T.);
#4322 = EDGE_LOOP('',(#4323,#4324));
#4323 = ORIENTED_EDGE('',*,*,#4293,.T.);
#4324 = ORIENTED_EDGE('',*,*,#916,.T.);
#4325 = FACE_BOUND('',#4326,.T.);
#4326 = EDGE_LOOP('',(#4327,#4354));
#4327 = ORIENTED_EDGE('',*,*,#4328,.F.);
#4328 = EDGE_CURVE('',#669,#713,#4329,.T.);
#4329 = SURFACE_CURVE('',#4330,(#4336,#4345),.PCURVE_S1.);
#4330 = ( BOUNDED_CURVE() B_SPLINE_CURVE(2,(#4331,#4332,#4333,#4334,
#4335),.UNSPECIFIED.,.F.,.F.) B_SPLINE_CURVE_WITH_KNOTS((3,2,3),(0.,
1.570796326795,3.14159265359),.PIECEWISE_BEZIER_KNOTS.) CURVE() 
GEOMETRIC_REPRESENTATION_ITEM() RATIONAL_B_SPLINE_CURVE((1.,
0.707106781187,1.,0.707106781187,1.)) REPRESENTATION_ITEM('') );
#4331 = CARTESIAN_POINT('',(-6.325,0.,-6.));
#4332 = CARTESIAN_POINT('',(-6.325,6.325,-6.));
#4333 = CARTESIAN_POINT('',(-3.872945502304E-16,6.325,-6.));
#4334 = CARTESIAN_POINT('',(6.325,6.325,-6.));
#4335 = CARTESIAN_POINT('',(6.325,7.745891004607E-16,-6.));
#4336 = PCURVE('',#732,#4337);
#4337 = DEFINITIONAL_REPRESENTATION('',(#4338),#4344);
#4338 = ( BOUNDED_CURVE() B_SPLINE_CURVE(2,(#4339,#4340,#4341,#4342,
#4343),.UNSPECIFIED.,.F.,.F.) B_SPLINE_CURVE_WITH_KNOTS((3,2,3),(0.,
1.570796326795,3.14159265359),.PIECEWISE_BEZIER_KNOTS.) CURVE() 
GEOMETRIC_REPRESENTATION_ITEM() RATIONAL_B_SPLINE_CURVE((1.,
0.707106781187,1.,0.707106781187,1.)) REPRESENTATION_ITEM('') );
#4339 = CARTESIAN_POINT('',(11.22,5.719996952336));
#4340 = CARTESIAN_POINT('',(11.22,0.219996952336));
#4341 = CARTESIAN_POINT('',(5.72,0.219996952336));
#4342 = CARTESIAN_POINT('',(0.22,0.219996952336));
#4343 = CARTESIAN_POINT('',(0.22,5.719996952336));
#4344 = ( GEOMETRIC_REPRESENTATION_CONTEXT(2) 
PARAMETRIC_REPRESENTATION_CONTEXT() REPRESENTATION_CONTEXT('2D SPACE',''
  ) );
#4345 = PCURVE('',#694,#4346);
#4346 = DEFINITIONAL_REPRESENTATION('',(#4347),#4353);
#4347 = B_SPLINE_CURVE_WITH_KNOTS('',2,(#4348,#4349,#4350,#4351,#4352),
  .UNSPECIFIED.,.F.,.F.,(3,2,3),(0.,1.570796326795,3.14159265359),
  .PIECEWISE_BEZIER_KNOTS.);
#4348 = CARTESIAN_POINT('',(0.,0.5));
#4349 = CARTESIAN_POINT('',(0.785398163397,0.5));
#4350 = CARTESIAN_POINT('',(1.570796326795,0.5));
#4351 = CARTESIAN_POINT('',(2.356194490192,0.5));
#4352 = CARTESIAN_POINT('',(3.14159265359,0.5));
#4353 = ( GEOMETRIC_REPRESENTATION_CONTEXT(2) 
PARAMETRIC_REPRESENTATION_CONTEXT() REPRESENTATION_CONTEXT('2D SPACE',''
  ) );
#4354 = ORIENTED_EDGE('',*,*,#712,.F.);
#4355 = ADVANCED_FACE('',(#4356),#694,.F.);
#4356 = FACE_BOUND('',#4357,.F.);
#4357 = EDGE_LOOP('',(#4358,#4359,#4360,#4387));
#4358 = ORIENTED_EDGE('',*,*,#4328,.F.);
#4359 = ORIENTED_EDGE('',*,*,#666,.F.);
#4360 = ORIENTED_EDGE('',*,*,#4361,.T.);
#4361 = EDGE_CURVE('',#667,#747,#4362,.T.);
#4362 = SURFACE_CURVE('',#4363,(#4369,#4378),.PCURVE_S1.);
#4363 = ( BOUNDED_CURVE() B_SPLINE_CURVE(2,(#4364,#4365,#4366,#4367,
#4368),.UNSPECIFIED.,.F.,.F.) B_SPLINE_CURVE_WITH_KNOTS((3,2,3),(0.,
1.570796326795,3.14159265359),.PIECEWISE_BEZIER_KNOTS.) CURVE() 
GEOMETRIC_REPRESENTATION_ITEM() RATIONAL_B_SPLINE_CURVE((1.,
0.707106781187,1.,0.707106781187,1.)) REPRESENTATION_ITEM('') );
#4364 = CARTESIAN_POINT('',(-6.325,0.,-5.5));
#4365 = CARTESIAN_POINT('',(-6.325,6.325,-5.5));
#4366 = CARTESIAN_POINT('',(-3.872945502304E-16,6.325,-5.5));
#4367 = CARTESIAN_POINT('',(6.325,6.325,-5.5));
#4368 = CARTESIAN_POINT('',(6.325,7.745891004607E-16,-5.5));
#4369 = PCURVE('',#694,#4370);
#4370 = DEFINITIONAL_REPRESENTATION('',(#4371),#4377);
#4371 = B_SPLINE_CURVE_WITH_KNOTS('',2,(#4372,#4373,#4374,#4375,#4376),
  .UNSPECIFIED.,.F.,.F.,(3,2,3),(0.,1.570796326795,3.14159265359),
  .PIECEWISE_BEZIER_KNOTS.);
#4372 = CARTESIAN_POINT('',(0.,0.));
#4373 = CARTESIAN_POINT('',(0.785398163397,-1.606835541768E-18));
#4374 = CARTESIAN_POINT('',(1.570796326795,8.881784197001E-16));
#4375 = CARTESIAN_POINT('',(2.356194490192,-1.606835541768E-18));
#4376 = CARTESIAN_POINT('',(3.14159265359,0.));
#4377 = ( GEOMETRIC_REPRESENTATION_CONTEXT(2) 
PARAMETRIC_REPRESENTATION_CONTEXT() REPRESENTATION_CONTEXT('2D SPACE',''
  ) );
#4378 = PCURVE('',#786,#4379);
#4379 = DEFINITIONAL_REPRESENTATION('',(#4380),#4386);
#4380 = ( BOUNDED_CURVE() B_SPLINE_CURVE(2,(#4381,#4382,#4383,#4384,
#4385),.UNSPECIFIED.,.F.,.F.) B_SPLINE_CURVE_WITH_KNOTS((3,2,3),(0.,
1.570796326795,3.14159265359),.PIECEWISE_BEZIER_KNOTS.) CURVE() 
GEOMETRIC_REPRESENTATION_ITEM() RATIONAL_B_SPLINE_CURVE((1.,
0.707106781187,1.,0.707106781187,1.)) REPRESENTATION_ITEM('') );
#4381 = CARTESIAN_POINT('',(0.22,5.719996952336));
#4382 = CARTESIAN_POINT('',(0.22,11.219996952336));
#4383 = CARTESIAN_POINT('',(5.72,11.219996952336));
#4384 = CARTESIAN_POINT('',(11.22,11.219996952336));
#4385 = CARTESIAN_POINT('',(11.22,5.719996952336));
#4386 = ( GEOMETRIC_REPRESENTATION_CONTEXT(2) 
PARAMETRIC_REPRESENTATION_CONTEXT() REPRESENTATION_CONTEXT('2D SPACE',''
  ) );
#4387 = ORIENTED_EDGE('',*,*,#746,.T.);
#4388 = ADVANCED_FACE('',(#4389),#786,.F.);
#4389 = FACE_BOUND('',#4390,.T.);
#4390 = EDGE_LOOP('',(#4391,#4392));
#4391 = ORIENTED_EDGE('',*,*,#4361,.T.);
#4392 = ORIENTED_EDGE('',*,*,#768,.T.);
#4393 = ( GEOMETRIC_REPRESENTATION_CONTEXT(3) 
GLOBAL_UNCERTAINTY_ASSIGNED_CONTEXT((#4397)) 
GLOBAL_UNIT_ASSIGNED_CONTEXT((#4394,#4395,#4396)) REPRESENTATION_CONTEXT
('Context #1','3D Context with UNIT and UNCERTAINTY') );
#4394 = ( LENGTH_UNIT() NAMED_UNIT(*) SI_UNIT(.MILLI.,.METRE.) );
#4395 = ( NAMED_UNIT(*) PLANE_ANGLE_UNIT() SI_UNIT($,.RADIAN.) );
#4396 = ( NAMED_UNIT(*) SI_UNIT($,.STERADIAN.) SOLID_ANGLE_UNIT() );
#4397 = UNCERTAINTY_MEASURE_WITH_UNIT(LENGTH_MEASURE(1.E-04),#4394,
  'distance_accuracy_value','confusion accuracy');
#4398 = CONTEXT_DEPENDENT_SHAPE_REPRESENTATION(#4399,#4401);
#4399 = ( REPRESENTATION_RELATIONSHIP('','',#494,#10) 
REPRESENTATION_RELATIONSHIP_WITH_TRANSFORMATION(#4400) 
SHAPE_REPRESENTATION_RELATIONSHIP() );
#4400 = ITEM_DEFINED_TRANSFORMATION('','',#11,#23);
#4401 = PRODUCT_DEFINITION_SHAPE('Placement','Placement of an item',
  #4402);
#4402 = NEXT_ASSEMBLY_USAGE_OCCURRENCE('3','','',#5,#489,$);
#4403 = PRODUCT_RELATED_PRODUCT_CATEGORY('part',$,(#491));
ENDSEC;
END-ISO-10303-21;
