ISO-10303-21;
HEADER;
FILE_DESCRIPTION(('Open CASCADE Model'),'2;1');
FILE_NAME('Open CASCADE Shape Model','2026-05-28T04:47:32',('Author'),(
    'Open CASCADE'),'Open CASCADE STEP processor 7.8','Open CASCADE 7.8'
  ,'Unknown');
FILE_SCHEMA(('AUTOMOTIVE_DESIGN { 1 0 10303 214 1 1 1 1 }'));
ENDSEC;
DATA;
#1 = APPLICATION_PROTOCOL_DEFINITION('international standard',
  'automotive_design',2000,#2);
#2 = APPLICATION_CONTEXT(
  'core data for automotive mechanical design processes');
#3 = SHAPE_DEFINITION_REPRESENTATION(#4,#10);
#4 = PRODUCT_DEFINITION_SHAPE('','',#5);
#5 = PRODUCT_DEFINITION('design','',#6,#9);
#6 = PRODUCT_DEFINITION_FORMATION('','',#7);
#7 = PRODUCT('Open CASCADE STEP translator 7.8 1',
  'Open CASCADE STEP translator 7.8 1','',(#8));
#8 = PRODUCT_CONTEXT('',#2,'mechanical');
#9 = PRODUCT_DEFINITION_CONTEXT('part definition',#2,'design');
#10 = SHAPE_REPRESENTATION('',(#11,#15,#19,#23),#27);
#11 = AXIS2_PLACEMENT_3D('',#12,#13,#14);
#12 = CARTESIAN_POINT('',(0.,0.,0.));
#13 = DIRECTION('',(0.,0.,1.));
#14 = DIRECTION('',(1.,0.,-0.));
#15 = AXIS2_PLACEMENT_3D('',#16,#17,#18);
#16 = CARTESIAN_POINT('',(0.,0.,0.));
#17 = DIRECTION('',(0.,0.,1.));
#18 = DIRECTION('',(1.,0.,-0.));
#19 = AXIS2_PLACEMENT_3D('',#20,#21,#22);
#20 = CARTESIAN_POINT('',(0.,0.,0.));
#21 = DIRECTION('',(0.,0.,1.));
#22 = DIRECTION('',(1.,0.,-0.));
#23 = AXIS2_PLACEMENT_3D('',#24,#25,#26);
#24 = CARTESIAN_POINT('',(0.,0.,0.));
#25 = DIRECTION('',(0.,0.,1.));
#26 = DIRECTION('',(1.,0.,-0.));
#27 = ( GEOMETRIC_REPRESENTATION_CONTEXT(3) 
GLOBAL_UNCERTAINTY_ASSIGNED_CONTEXT((#31)) GLOBAL_UNIT_ASSIGNED_CONTEXT(
(#28,#29,#30)) REPRESENTATION_CONTEXT('Context #1',
  '3D Context with UNIT and UNCERTAINTY') );
#28 = ( LENGTH_UNIT() NAMED_UNIT(*) SI_UNIT(.MILLI.,.METRE.) );
#29 = ( NAMED_UNIT(*) PLANE_ANGLE_UNIT() SI_UNIT($,.RADIAN.) );
#30 = ( NAMED_UNIT(*) SI_UNIT($,.STERADIAN.) SOLID_ANGLE_UNIT() );
#31 = UNCERTAINTY_MEASURE_WITH_UNIT(LENGTH_MEASURE(1.E-07),#28,
  'distance_accuracy_value','confusion accuracy');
#32 = PRODUCT_RELATED_PRODUCT_CATEGORY('part',$,(#7));
#33 = SHAPE_DEFINITION_REPRESENTATION(#34,#40);
#34 = PRODUCT_DEFINITION_SHAPE('','',#35);
#35 = PRODUCT_DEFINITION('design','',#36,#39);
#36 = PRODUCT_DEFINITION_FORMATION('','',#37);
#37 = PRODUCT('Open CASCADE STEP translator 7.8 1.1',
  'Open CASCADE STEP translator 7.8 1.1','',(#38));
#38 = PRODUCT_CONTEXT('',#2,'mechanical');
#39 = PRODUCT_DEFINITION_CONTEXT('part definition',#2,'design');
#40 = ADVANCED_BREP_SHAPE_REPRESENTATION('',(#11,#41),#1015);
#41 = MANIFOLD_SOLID_BREP('',#42);
#42 = CLOSED_SHELL('',(#43,#151,#326,#476,#522,#546,#570,#594,#618,#625,
    #698,#771,#801,#831,#898,#960,#984,#1008));
#43 = ADVANCED_FACE('',(#44),#57,.T.);
#44 = FACE_BOUND('',#45,.T.);
#45 = EDGE_LOOP('',(#46,#78,#103,#128));
#46 = ORIENTED_EDGE('',*,*,#47,.F.);
#47 = EDGE_CURVE('',#48,#50,#52,.T.);
#48 = VERTEX_POINT('',#49);
#49 = CARTESIAN_POINT('',(-1.657894736842,4.5E-02,-0.769230754438));
#50 = VERTEX_POINT('',#51);
#51 = CARTESIAN_POINT('',(-1.657894736842,0.907730300946,-0.769230754438
    ));
#52 = SURFACE_CURVE('',#53,(#56,#67),.PCURVE_S1.);
#53 = B_SPLINE_CURVE_WITH_KNOTS('',1,(#54,#55),.UNSPECIFIED.,.F.,.F.,(2,
    2),(0.2,1.158589223273),.PIECEWISE_BEZIER_KNOTS.);
#54 = CARTESIAN_POINT('',(-1.657894736842,4.5E-02,-0.769230754438));
#55 = CARTESIAN_POINT('',(-1.657894736842,0.907730300946,-0.769230754438
    ));
#56 = PCURVE('',#57,#62);
#57 = B_SPLINE_SURFACE_WITH_KNOTS('',1,1,(
    (#58,#59)
    ,(#60,#61
    )),.UNSPECIFIED.,.F.,.F.,.F.,(2,2),(2,2),(-0.15,0.),(0.2,
    1.158589223273),.PIECEWISE_BEZIER_KNOTS.);
#58 = CARTESIAN_POINT('',(-1.657894736842,4.5E-02,-0.769230754438));
#59 = CARTESIAN_POINT('',(-1.657894736842,0.907730300946,-0.769230754438
    ));
#60 = CARTESIAN_POINT('',(-1.75,4.5E-02,-0.769230754438));
#61 = CARTESIAN_POINT('',(-1.75,0.907730300946,-0.769230754438));
#62 = DEFINITIONAL_REPRESENTATION('',(#63),#66);
#63 = B_SPLINE_CURVE_WITH_KNOTS('',1,(#64,#65),.UNSPECIFIED.,.F.,.F.,(2,
    2),(0.2,1.158589223273),.PIECEWISE_BEZIER_KNOTS.);
#64 = CARTESIAN_POINT('',(-0.15,0.2));
#65 = CARTESIAN_POINT('',(-0.15,1.158589223273));
#66 = ( GEOMETRIC_REPRESENTATION_CONTEXT(2) 
PARAMETRIC_REPRESENTATION_CONTEXT() REPRESENTATION_CONTEXT('2D SPACE',''
  ) );
#67 = PCURVE('',#68,#73);
#68 = B_SPLINE_SURFACE_WITH_KNOTS('',1,1,(
    (#69,#70)
    ,(#71,#72
    )),.UNSPECIFIED.,.F.,.F.,.F.,(2,2),(2,2),(-1.25,1.25),(5.E-02,
    1.008589223273),.PIECEWISE_BEZIER_KNOTS.);
#69 = CARTESIAN_POINT('',(-1.657894736842,4.5E-02,-0.769230754438));
#70 = CARTESIAN_POINT('',(-1.657894736842,0.907730300946,-0.769230754438
    ));
#71 = CARTESIAN_POINT('',(-1.657894736842,4.5E-02,0.769230754438));
#72 = CARTESIAN_POINT('',(-1.657894736842,0.907730300946,0.769230754438)
  );
#73 = DEFINITIONAL_REPRESENTATION('',(#74),#77);
#74 = B_SPLINE_CURVE_WITH_KNOTS('',1,(#75,#76),.UNSPECIFIED.,.F.,.F.,(2,
    2),(0.2,1.158589223273),.PIECEWISE_BEZIER_KNOTS.);
#75 = CARTESIAN_POINT('',(-1.25,5.E-02));
#76 = CARTESIAN_POINT('',(-1.25,1.008589223273));
#77 = ( GEOMETRIC_REPRESENTATION_CONTEXT(2) 
PARAMETRIC_REPRESENTATION_CONTEXT() REPRESENTATION_CONTEXT('2D SPACE',''
  ) );
#78 = ORIENTED_EDGE('',*,*,#79,.T.);
#79 = EDGE_CURVE('',#48,#80,#82,.T.);
#80 = VERTEX_POINT('',#81);
#81 = CARTESIAN_POINT('',(-1.75,4.5E-02,-0.769230754438));
#82 = SURFACE_CURVE('',#83,(#86,#92),.PCURVE_S1.);
#83 = B_SPLINE_CURVE_WITH_KNOTS('',1,(#84,#85),.UNSPECIFIED.,.F.,.F.,(2,
    2),(-0.,0.15),.PIECEWISE_BEZIER_KNOTS.);
#84 = CARTESIAN_POINT('',(-1.657894736842,4.5E-02,-0.769230754438));
#85 = CARTESIAN_POINT('',(-1.75,4.5E-02,-0.769230754438));
#86 = PCURVE('',#57,#87);
#87 = DEFINITIONAL_REPRESENTATION('',(#88),#91);
#88 = B_SPLINE_CURVE_WITH_KNOTS('',1,(#89,#90),.UNSPECIFIED.,.F.,.F.,(2,
    2),(-0.,0.15),.PIECEWISE_BEZIER_KNOTS.);
#89 = CARTESIAN_POINT('',(-0.15,0.2));
#90 = CARTESIAN_POINT('',(-4.440892098501E-16,0.2));
#91 = ( GEOMETRIC_REPRESENTATION_CONTEXT(2) 
PARAMETRIC_REPRESENTATION_CONTEXT() REPRESENTATION_CONTEXT('2D SPACE',''
  ) );
#92 = PCURVE('',#93,#98);
#93 = B_SPLINE_SURFACE_WITH_KNOTS('',1,1,(
    (#94,#95)
    ,(#96,#97
    )),.UNSPECIFIED.,.F.,.F.,.F.,(2,2),(2,2),(9.800269296362E-17,0.2),(
    -0.2,2.449293598295E-17),.PIECEWISE_BEZIER_KNOTS.);
#94 = CARTESIAN_POINT('',(-1.75,4.5E-02,-0.769230754438));
#95 = CARTESIAN_POINT('',(-1.627192982456,4.5E-02,-0.769230754438));
#96 = CARTESIAN_POINT('',(-1.75,-0.135,-0.769230754438));
#97 = CARTESIAN_POINT('',(-1.627192982456,-0.135,-0.769230754438));
#98 = DEFINITIONAL_REPRESENTATION('',(#99),#102);
#99 = B_SPLINE_CURVE_WITH_KNOTS('',1,(#100,#101),.UNSPECIFIED.,.F.,.F.,(
    2,2),(-0.,0.15),.PIECEWISE_BEZIER_KNOTS.);
#100 = CARTESIAN_POINT('',(1.110223024625E-16,-5.E-02));
#101 = CARTESIAN_POINT('',(4.371503159462E-16,-0.2));
#102 = ( GEOMETRIC_REPRESENTATION_CONTEXT(2) 
PARAMETRIC_REPRESENTATION_CONTEXT() REPRESENTATION_CONTEXT('2D SPACE',''
  ) );
#103 = ORIENTED_EDGE('',*,*,#104,.T.);
#104 = EDGE_CURVE('',#80,#105,#107,.T.);
#105 = VERTEX_POINT('',#106);
#106 = CARTESIAN_POINT('',(-1.75,0.907730300946,-0.769230754438));
#107 = SURFACE_CURVE('',#108,(#111,#117),.PCURVE_S1.);
#108 = B_SPLINE_CURVE_WITH_KNOTS('',1,(#109,#110),.UNSPECIFIED.,.F.,.F.,
  (2,2),(0.2,1.158589223273),.PIECEWISE_BEZIER_KNOTS.);
#109 = CARTESIAN_POINT('',(-1.75,4.5E-02,-0.769230754438));
#110 = CARTESIAN_POINT('',(-1.75,0.907730300946,-0.769230754438));
#111 = PCURVE('',#57,#112);
#112 = DEFINITIONAL_REPRESENTATION('',(#113),#116);
#113 = B_SPLINE_CURVE_WITH_KNOTS('',1,(#114,#115),.UNSPECIFIED.,.F.,.F.,
  (2,2),(0.2,1.158589223273),.PIECEWISE_BEZIER_KNOTS.);
#114 = CARTESIAN_POINT('',(0.,0.2));
#115 = CARTESIAN_POINT('',(0.,1.158589223273));
#116 = ( GEOMETRIC_REPRESENTATION_CONTEXT(2) 
PARAMETRIC_REPRESENTATION_CONTEXT() REPRESENTATION_CONTEXT('2D SPACE',''
  ) );
#117 = PCURVE('',#118,#123);
#118 = B_SPLINE_SURFACE_WITH_KNOTS('',1,1,(
    (#119,#120)
    ,(#121,#122
    )),.UNSPECIFIED.,.F.,.F.,.F.,(2,2),(2,2),(-1.25,1.25),(5.E-02,
    1.008589223273),.PIECEWISE_BEZIER_KNOTS.);
#119 = CARTESIAN_POINT('',(-1.75,4.5E-02,-0.769230754438));
#120 = CARTESIAN_POINT('',(-1.75,0.907730300946,-0.769230754438));
#121 = CARTESIAN_POINT('',(-1.75,4.5E-02,0.769230754438));
#122 = CARTESIAN_POINT('',(-1.75,0.907730300946,0.769230754438));
#123 = DEFINITIONAL_REPRESENTATION('',(#124),#127);
#124 = B_SPLINE_CURVE_WITH_KNOTS('',1,(#125,#126),.UNSPECIFIED.,.F.,.F.,
  (2,2),(0.2,1.158589223273),.PIECEWISE_BEZIER_KNOTS.);
#125 = CARTESIAN_POINT('',(-1.25,5.E-02));
#126 = CARTESIAN_POINT('',(-1.25,1.008589223273));
#127 = ( GEOMETRIC_REPRESENTATION_CONTEXT(2) 
PARAMETRIC_REPRESENTATION_CONTEXT() REPRESENTATION_CONTEXT('2D SPACE',''
  ) );
#128 = ORIENTED_EDGE('',*,*,#129,.T.);
#129 = EDGE_CURVE('',#105,#50,#130,.T.);
#130 = SURFACE_CURVE('',#131,(#134,#140),.PCURVE_S1.);
#131 = B_SPLINE_CURVE_WITH_KNOTS('',1,(#132,#133),.UNSPECIFIED.,.F.,.F.,
  (2,2),(0.,0.15),.PIECEWISE_BEZIER_KNOTS.);
#132 = CARTESIAN_POINT('',(-1.75,0.907730300946,-0.769230754438));
#133 = CARTESIAN_POINT('',(-1.657894736842,0.907730300946,
    -0.769230754438));
#134 = PCURVE('',#57,#135);
#135 = DEFINITIONAL_REPRESENTATION('',(#136),#139);
#136 = B_SPLINE_CURVE_WITH_KNOTS('',1,(#137,#138),.UNSPECIFIED.,.F.,.F.,
  (2,2),(0.,0.15),.PIECEWISE_BEZIER_KNOTS.);
#137 = CARTESIAN_POINT('',(0.,1.158589223273));
#138 = CARTESIAN_POINT('',(-0.15,1.158589223273));
#139 = ( GEOMETRIC_REPRESENTATION_CONTEXT(2) 
PARAMETRIC_REPRESENTATION_CONTEXT() REPRESENTATION_CONTEXT('2D SPACE',''
  ) );
#140 = PCURVE('',#141,#146);
#141 = B_SPLINE_SURFACE_WITH_KNOTS('',1,1,(
    (#142,#143)
    ,(#144,#145
    )),.UNSPECIFIED.,.F.,.F.,.F.,(2,2),(2,2),(0.,0.708793766664),(0.,
    0.15),.PIECEWISE_BEZIER_KNOTS.);
#142 = CARTESIAN_POINT('',(-1.75,0.907730300946,-0.769230754438));
#143 = CARTESIAN_POINT('',(-1.657894736842,0.907730300946,
    -0.769230754438));
#144 = CARTESIAN_POINT('',(-1.75,0.907730300946,-0.33304998334));
#145 = CARTESIAN_POINT('',(-1.657894736842,0.907730300946,-0.33304998334
    ));
#146 = DEFINITIONAL_REPRESENTATION('',(#147),#150);
#147 = B_SPLINE_CURVE_WITH_KNOTS('',1,(#148,#149),.UNSPECIFIED.,.F.,.F.,
  (2,2),(0.,0.15),.PIECEWISE_BEZIER_KNOTS.);
#148 = CARTESIAN_POINT('',(0.,0.));
#149 = CARTESIAN_POINT('',(0.,0.15));
#150 = ( GEOMETRIC_REPRESENTATION_CONTEXT(2) 
PARAMETRIC_REPRESENTATION_CONTEXT() REPRESENTATION_CONTEXT('2D SPACE',''
  ) );
#151 = ADVANCED_FACE('',(#152),#118,.T.);
#152 = FACE_BOUND('',#153,.T.);
#153 = EDGE_LOOP('',(#154,#155,#183,#208,#233,#258,#283,#308));
#154 = ORIENTED_EDGE('',*,*,#104,.F.);
#155 = ORIENTED_EDGE('',*,*,#156,.T.);
#156 = EDGE_CURVE('',#80,#157,#159,.T.);
#157 = VERTEX_POINT('',#158);
#158 = CARTESIAN_POINT('',(-1.75,4.5E-02,0.769230754438));
#159 = SURFACE_CURVE('',#160,(#163,#169),.PCURVE_S1.);
#160 = B_SPLINE_CURVE_WITH_KNOTS('',1,(#161,#162),.UNSPECIFIED.,.F.,.F.,
  (2,2),(0.,2.5),.PIECEWISE_BEZIER_KNOTS.);
#161 = CARTESIAN_POINT('',(-1.75,4.5E-02,-0.769230754438));
#162 = CARTESIAN_POINT('',(-1.75,4.5E-02,0.769230754438));
#163 = PCURVE('',#118,#164);
#164 = DEFINITIONAL_REPRESENTATION('',(#165),#168);
#165 = B_SPLINE_CURVE_WITH_KNOTS('',1,(#166,#167),.UNSPECIFIED.,.F.,.F.,
  (2,2),(0.,2.5),.PIECEWISE_BEZIER_KNOTS.);
#166 = CARTESIAN_POINT('',(-1.25,5.E-02));
#167 = CARTESIAN_POINT('',(1.25,5.E-02));
#168 = ( GEOMETRIC_REPRESENTATION_CONTEXT(2) 
PARAMETRIC_REPRESENTATION_CONTEXT() REPRESENTATION_CONTEXT('2D SPACE',''
  ) );
#169 = PCURVE('',#170,#177);
#170 = ( BOUNDED_SURFACE() B_SPLINE_SURFACE(2,1,(
    (#171,#172)
    ,(#173,#174)
,(#175,#176
    )),.UNSPECIFIED.,.F.,.F.,.F.) B_SPLINE_SURFACE_WITH_KNOTS((3,3),(2,2
    ),(0.,1.570796326795),(-2.5,0.),.PIECEWISE_BEZIER_KNOTS.) 
GEOMETRIC_REPRESENTATION_ITEM() RATIONAL_B_SPLINE_SURFACE((
    (1.,1.)
    ,(0.707106781187,0.707106781187)
,(1.,1.))) REPRESENTATION_ITEM('') SURFACE() );
#171 = CARTESIAN_POINT('',(-1.627192982456,-0.135,0.769230754438));
#172 = CARTESIAN_POINT('',(-1.627192982456,-0.135,-0.769230754438));
#173 = CARTESIAN_POINT('',(-1.75,-0.135,0.769230754438));
#174 = CARTESIAN_POINT('',(-1.75,-0.135,-0.769230754438));
#175 = CARTESIAN_POINT('',(-1.75,4.5E-02,0.769230754438));
#176 = CARTESIAN_POINT('',(-1.75,4.5E-02,-0.769230754438));
#177 = DEFINITIONAL_REPRESENTATION('',(#178),#182);
#178 = B_SPLINE_CURVE_WITH_KNOTS('',2,(#179,#180,#181),.UNSPECIFIED.,.F.
  ,.F.,(3,3),(0.,2.5),.PIECEWISE_BEZIER_KNOTS.);
#179 = CARTESIAN_POINT('',(1.570796326795,0.));
#180 = CARTESIAN_POINT('',(1.570796326795,-1.25));
#181 = CARTESIAN_POINT('',(1.570796326795,-2.5));
#182 = ( GEOMETRIC_REPRESENTATION_CONTEXT(2) 
PARAMETRIC_REPRESENTATION_CONTEXT() REPRESENTATION_CONTEXT('2D SPACE',''
  ) );
#183 = ORIENTED_EDGE('',*,*,#184,.F.);
#184 = EDGE_CURVE('',#185,#157,#187,.T.);
#185 = VERTEX_POINT('',#186);
#186 = CARTESIAN_POINT('',(-1.75,0.907730300946,0.769230754438));
#187 = SURFACE_CURVE('',#188,(#191,#197),.PCURVE_S1.);
#188 = B_SPLINE_CURVE_WITH_KNOTS('',1,(#189,#190),.UNSPECIFIED.,.F.,.F.,
  (2,2),(-1.158589223273,-0.2),.PIECEWISE_BEZIER_KNOTS.);
#189 = CARTESIAN_POINT('',(-1.75,0.907730300946,0.769230754438));
#190 = CARTESIAN_POINT('',(-1.75,4.5E-02,0.769230754438));
#191 = PCURVE('',#118,#192);
#192 = DEFINITIONAL_REPRESENTATION('',(#193),#196);
#193 = B_SPLINE_CURVE_WITH_KNOTS('',1,(#194,#195),.UNSPECIFIED.,.F.,.F.,
  (2,2),(-1.158589223273,-0.2),.PIECEWISE_BEZIER_KNOTS.);
#194 = CARTESIAN_POINT('',(1.25,1.008589223273));
#195 = CARTESIAN_POINT('',(1.25,5.E-02));
#196 = ( GEOMETRIC_REPRESENTATION_CONTEXT(2) 
PARAMETRIC_REPRESENTATION_CONTEXT() REPRESENTATION_CONTEXT('2D SPACE',''
  ) );
#197 = PCURVE('',#198,#203);
#198 = B_SPLINE_SURFACE_WITH_KNOTS('',1,1,(
    (#199,#200)
    ,(#201,#202
    )),.UNSPECIFIED.,.F.,.F.,.F.,(2,2),(2,2),(0.,0.15),(0.2,
    1.158589223273),.PIECEWISE_BEZIER_KNOTS.);
#199 = CARTESIAN_POINT('',(-1.75,4.5E-02,0.769230754438));
#200 = CARTESIAN_POINT('',(-1.75,0.907730300946,0.769230754438));
#201 = CARTESIAN_POINT('',(-1.657894736842,4.5E-02,0.769230754438));
#202 = CARTESIAN_POINT('',(-1.657894736842,0.907730300946,0.769230754438
    ));
#203 = DEFINITIONAL_REPRESENTATION('',(#204),#207);
#204 = B_SPLINE_CURVE_WITH_KNOTS('',1,(#205,#206),.UNSPECIFIED.,.F.,.F.,
  (2,2),(-1.158589223273,-0.2),.PIECEWISE_BEZIER_KNOTS.);
#205 = CARTESIAN_POINT('',(0.,1.158589223273));
#206 = CARTESIAN_POINT('',(0.,0.2));
#207 = ( GEOMETRIC_REPRESENTATION_CONTEXT(2) 
PARAMETRIC_REPRESENTATION_CONTEXT() REPRESENTATION_CONTEXT('2D SPACE',''
  ) );
#208 = ORIENTED_EDGE('',*,*,#209,.F.);
#209 = EDGE_CURVE('',#210,#185,#212,.T.);
#210 = VERTEX_POINT('',#211);
#211 = CARTESIAN_POINT('',(-1.75,0.907730300946,0.33304998334));
#212 = SURFACE_CURVE('',#213,(#216,#222),.PCURVE_S1.);
#213 = B_SPLINE_CURVE_WITH_KNOTS('',1,(#214,#215),.UNSPECIFIED.,.F.,.F.,
  (2,2),(-0.708793766664,0.),.PIECEWISE_BEZIER_KNOTS.);
#214 = CARTESIAN_POINT('',(-1.75,0.907730300946,0.33304998334));
#215 = CARTESIAN_POINT('',(-1.75,0.907730300946,0.769230754438));
#216 = PCURVE('',#118,#217);
#217 = DEFINITIONAL_REPRESENTATION('',(#218),#221);
#218 = B_SPLINE_CURVE_WITH_KNOTS('',1,(#219,#220),.UNSPECIFIED.,.F.,.F.,
  (2,2),(-0.708793766664,0.),.PIECEWISE_BEZIER_KNOTS.);
#219 = CARTESIAN_POINT('',(0.541206233336,1.008589223273));
#220 = CARTESIAN_POINT('',(1.25,1.008589223273));
#221 = ( GEOMETRIC_REPRESENTATION_CONTEXT(2) 
PARAMETRIC_REPRESENTATION_CONTEXT() REPRESENTATION_CONTEXT('2D SPACE',''
  ) );
#222 = PCURVE('',#223,#228);
#223 = B_SPLINE_SURFACE_WITH_KNOTS('',1,1,(
    (#224,#225)
    ,(#226,#227
    )),.UNSPECIFIED.,.F.,.F.,.F.,(2,2),(2,2),(-0.708793766664,0.),(0.,
    0.15),.PIECEWISE_BEZIER_KNOTS.);
#224 = CARTESIAN_POINT('',(-1.75,0.907730300946,0.33304998334));
#225 = CARTESIAN_POINT('',(-1.657894736842,0.907730300946,0.33304998334)
  );
#226 = CARTESIAN_POINT('',(-1.75,0.907730300946,0.769230754438));
#227 = CARTESIAN_POINT('',(-1.657894736842,0.907730300946,0.769230754438
    ));
#228 = DEFINITIONAL_REPRESENTATION('',(#229),#232);
#229 = B_SPLINE_CURVE_WITH_KNOTS('',1,(#230,#231),.UNSPECIFIED.,.F.,.F.,
  (2,2),(-0.708793766664,0.),.PIECEWISE_BEZIER_KNOTS.);
#230 = CARTESIAN_POINT('',(-0.708793766664,0.));
#231 = CARTESIAN_POINT('',(0.,0.));
#232 = ( GEOMETRIC_REPRESENTATION_CONTEXT(2) 
PARAMETRIC_REPRESENTATION_CONTEXT() REPRESENTATION_CONTEXT('2D SPACE',''
  ) );
#233 = ORIENTED_EDGE('',*,*,#234,.F.);
#234 = EDGE_CURVE('',#235,#210,#237,.T.);
#235 = VERTEX_POINT('',#236);
#236 = CARTESIAN_POINT('',(-1.75,0.6668729181,0.33304998334));
#237 = SURFACE_CURVE('',#238,(#241,#247),.PCURVE_S1.);
#238 = B_SPLINE_CURVE_WITH_KNOTS('',1,(#239,#240),.UNSPECIFIED.,.F.,.F.,
  (2,2),(-0.267619314273,0.),.PIECEWISE_BEZIER_KNOTS.);
#239 = CARTESIAN_POINT('',(-1.75,0.6668729181,0.33304998334));
#240 = CARTESIAN_POINT('',(-1.75,0.907730300946,0.33304998334));
#241 = PCURVE('',#118,#242);
#242 = DEFINITIONAL_REPRESENTATION('',(#243),#246);
#243 = B_SPLINE_CURVE_WITH_KNOTS('',1,(#244,#245),.UNSPECIFIED.,.F.,.F.,
  (2,2),(-0.267619314273,0.),.PIECEWISE_BEZIER_KNOTS.);
#244 = CARTESIAN_POINT('',(0.541206233336,0.740969909));
#245 = CARTESIAN_POINT('',(0.541206233336,1.008589223273));
#246 = ( GEOMETRIC_REPRESENTATION_CONTEXT(2) 
PARAMETRIC_REPRESENTATION_CONTEXT() REPRESENTATION_CONTEXT('2D SPACE',''
  ) );
#247 = PCURVE('',#248,#253);
#248 = B_SPLINE_SURFACE_WITH_KNOTS('',1,1,(
    (#249,#250)
    ,(#251,#252
    )),.UNSPECIFIED.,.F.,.F.,.F.,(2,2),(2,2),(-0.15,0.),(-0.267619314273
    ,0.),.PIECEWISE_BEZIER_KNOTS.);
#249 = CARTESIAN_POINT('',(-1.657894736842,0.6668729181,0.33304998334));
#250 = CARTESIAN_POINT('',(-1.657894736842,0.907730300946,0.33304998334)
  );
#251 = CARTESIAN_POINT('',(-1.75,0.6668729181,0.33304998334));
#252 = CARTESIAN_POINT('',(-1.75,0.907730300946,0.33304998334));
#253 = DEFINITIONAL_REPRESENTATION('',(#254),#257);
#254 = B_SPLINE_CURVE_WITH_KNOTS('',1,(#255,#256),.UNSPECIFIED.,.F.,.F.,
  (2,2),(-0.267619314273,0.),.PIECEWISE_BEZIER_KNOTS.);
#255 = CARTESIAN_POINT('',(0.,-0.267619314273));
#256 = CARTESIAN_POINT('',(0.,0.));
#257 = ( GEOMETRIC_REPRESENTATION_CONTEXT(2) 
PARAMETRIC_REPRESENTATION_CONTEXT() REPRESENTATION_CONTEXT('2D SPACE',''
  ) );
#258 = ORIENTED_EDGE('',*,*,#259,.F.);
#259 = EDGE_CURVE('',#260,#235,#262,.T.);
#260 = VERTEX_POINT('',#261);
#261 = CARTESIAN_POINT('',(-1.75,0.6668729181,-0.33304998334));
#262 = SURFACE_CURVE('',#263,(#266,#272),.PCURVE_S1.);
#263 = B_SPLINE_CURVE_WITH_KNOTS('',1,(#264,#265),.UNSPECIFIED.,.F.,.F.,
  (2,2),(-1.082412466672,0.),.PIECEWISE_BEZIER_KNOTS.);
#264 = CARTESIAN_POINT('',(-1.75,0.6668729181,-0.33304998334));
#265 = CARTESIAN_POINT('',(-1.75,0.6668729181,0.33304998334));
#266 = PCURVE('',#118,#267);
#267 = DEFINITIONAL_REPRESENTATION('',(#268),#271);
#268 = B_SPLINE_CURVE_WITH_KNOTS('',1,(#269,#270),.UNSPECIFIED.,.F.,.F.,
  (2,2),(-1.082412466672,0.),.PIECEWISE_BEZIER_KNOTS.);
#269 = CARTESIAN_POINT('',(-0.541206233336,0.740969909));
#270 = CARTESIAN_POINT('',(0.541206233336,0.740969909));
#271 = ( GEOMETRIC_REPRESENTATION_CONTEXT(2) 
PARAMETRIC_REPRESENTATION_CONTEXT() REPRESENTATION_CONTEXT('2D SPACE',''
  ) );
#272 = PCURVE('',#273,#278);
#273 = B_SPLINE_SURFACE_WITH_KNOTS('',1,1,(
    (#274,#275)
    ,(#276,#277
    )),.UNSPECIFIED.,.F.,.F.,.F.,(2,2),(2,2),(-1.082412466672,0.),(0.,
    0.15),.PIECEWISE_BEZIER_KNOTS.);
#274 = CARTESIAN_POINT('',(-1.75,0.6668729181,-0.33304998334));
#275 = CARTESIAN_POINT('',(-1.657894736842,0.6668729181,-0.33304998334)
  );
#276 = CARTESIAN_POINT('',(-1.75,0.6668729181,0.33304998334));
#277 = CARTESIAN_POINT('',(-1.657894736842,0.6668729181,0.33304998334));
#278 = DEFINITIONAL_REPRESENTATION('',(#279),#282);
#279 = B_SPLINE_CURVE_WITH_KNOTS('',1,(#280,#281),.UNSPECIFIED.,.F.,.F.,
  (2,2),(-1.082412466672,0.),.PIECEWISE_BEZIER_KNOTS.);
#280 = CARTESIAN_POINT('',(-1.082412466672,0.));
#281 = CARTESIAN_POINT('',(0.,0.));
#282 = ( GEOMETRIC_REPRESENTATION_CONTEXT(2) 
PARAMETRIC_REPRESENTATION_CONTEXT() REPRESENTATION_CONTEXT('2D SPACE',''
  ) );
#283 = ORIENTED_EDGE('',*,*,#284,.F.);
#284 = EDGE_CURVE('',#285,#260,#287,.T.);
#285 = VERTEX_POINT('',#286);
#286 = CARTESIAN_POINT('',(-1.75,0.907730300946,-0.33304998334));
#287 = SURFACE_CURVE('',#288,(#291,#297),.PCURVE_S1.);
#288 = B_SPLINE_CURVE_WITH_KNOTS('',1,(#289,#290),.UNSPECIFIED.,.F.,.F.,
  (2,2),(0.,0.267619314273),.PIECEWISE_BEZIER_KNOTS.);
#289 = CARTESIAN_POINT('',(-1.75,0.907730300946,-0.33304998334));
#290 = CARTESIAN_POINT('',(-1.75,0.6668729181,-0.33304998334));
#291 = PCURVE('',#118,#292);
#292 = DEFINITIONAL_REPRESENTATION('',(#293),#296);
#293 = B_SPLINE_CURVE_WITH_KNOTS('',1,(#294,#295),.UNSPECIFIED.,.F.,.F.,
  (2,2),(0.,0.267619314273),.PIECEWISE_BEZIER_KNOTS.);
#294 = CARTESIAN_POINT('',(-0.541206233336,1.008589223273));
#295 = CARTESIAN_POINT('',(-0.541206233336,0.740969909));
#296 = ( GEOMETRIC_REPRESENTATION_CONTEXT(2) 
PARAMETRIC_REPRESENTATION_CONTEXT() REPRESENTATION_CONTEXT('2D SPACE',''
  ) );
#297 = PCURVE('',#298,#303);
#298 = B_SPLINE_SURFACE_WITH_KNOTS('',1,1,(
    (#299,#300)
    ,(#301,#302
    )),.UNSPECIFIED.,.F.,.F.,.F.,(2,2),(2,2),(0.,0.15),(-0.267619314273,
    0.),.PIECEWISE_BEZIER_KNOTS.);
#299 = CARTESIAN_POINT('',(-1.75,0.6668729181,-0.33304998334));
#300 = CARTESIAN_POINT('',(-1.75,0.907730300946,-0.33304998334));
#301 = CARTESIAN_POINT('',(-1.657894736842,0.6668729181,-0.33304998334)
  );
#302 = CARTESIAN_POINT('',(-1.657894736842,0.907730300946,-0.33304998334
    ));
#303 = DEFINITIONAL_REPRESENTATION('',(#304),#307);
#304 = B_SPLINE_CURVE_WITH_KNOTS('',1,(#305,#306),.UNSPECIFIED.,.F.,.F.,
  (2,2),(0.,0.267619314273),.PIECEWISE_BEZIER_KNOTS.);
#305 = CARTESIAN_POINT('',(0.,0.));
#306 = CARTESIAN_POINT('',(0.,-0.267619314273));
#307 = ( GEOMETRIC_REPRESENTATION_CONTEXT(2) 
PARAMETRIC_REPRESENTATION_CONTEXT() REPRESENTATION_CONTEXT('2D SPACE',''
  ) );
#308 = ORIENTED_EDGE('',*,*,#309,.F.);
#309 = EDGE_CURVE('',#105,#285,#310,.T.);
#310 = SURFACE_CURVE('',#311,(#314,#320),.PCURVE_S1.);
#311 = B_SPLINE_CURVE_WITH_KNOTS('',1,(#312,#313),.UNSPECIFIED.,.F.,.F.,
  (2,2),(0.,0.708793766664),.PIECEWISE_BEZIER_KNOTS.);
#312 = CARTESIAN_POINT('',(-1.75,0.907730300946,-0.769230754438));
#313 = CARTESIAN_POINT('',(-1.75,0.907730300946,-0.33304998334));
#314 = PCURVE('',#118,#315);
#315 = DEFINITIONAL_REPRESENTATION('',(#316),#319);
#316 = B_SPLINE_CURVE_WITH_KNOTS('',1,(#317,#318),.UNSPECIFIED.,.F.,.F.,
  (2,2),(0.,0.708793766664),.PIECEWISE_BEZIER_KNOTS.);
#317 = CARTESIAN_POINT('',(-1.25,1.008589223273));
#318 = CARTESIAN_POINT('',(-0.541206233336,1.008589223273));
#319 = ( GEOMETRIC_REPRESENTATION_CONTEXT(2) 
PARAMETRIC_REPRESENTATION_CONTEXT() REPRESENTATION_CONTEXT('2D SPACE',''
  ) );
#320 = PCURVE('',#141,#321);
#321 = DEFINITIONAL_REPRESENTATION('',(#322),#325);
#322 = B_SPLINE_CURVE_WITH_KNOTS('',1,(#323,#324),.UNSPECIFIED.,.F.,.F.,
  (2,2),(0.,0.708793766664),.PIECEWISE_BEZIER_KNOTS.);
#323 = CARTESIAN_POINT('',(0.,0.));
#324 = CARTESIAN_POINT('',(0.708793766664,0.));
#325 = ( GEOMETRIC_REPRESENTATION_CONTEXT(2) 
PARAMETRIC_REPRESENTATION_CONTEXT() REPRESENTATION_CONTEXT('2D SPACE',''
  ) );
#326 = ADVANCED_FACE('',(#327),#68,.F.);
#327 = FACE_BOUND('',#328,.T.);
#328 = EDGE_LOOP('',(#329,#357,#358,#378,#398,#418,#438,#458));
#329 = ORIENTED_EDGE('',*,*,#330,.F.);
#330 = EDGE_CURVE('',#48,#331,#333,.T.);
#331 = VERTEX_POINT('',#332);
#332 = CARTESIAN_POINT('',(-1.657894736842,4.5E-02,0.769230754438));
#333 = SURFACE_CURVE('',#334,(#337,#343),.PCURVE_S1.);
#334 = B_SPLINE_CURVE_WITH_KNOTS('',1,(#335,#336),.UNSPECIFIED.,.F.,.F.,
  (2,2),(0.,2.5),.PIECEWISE_BEZIER_KNOTS.);
#335 = CARTESIAN_POINT('',(-1.657894736842,4.5E-02,-0.769230754438));
#336 = CARTESIAN_POINT('',(-1.657894736842,4.5E-02,0.769230754438));
#337 = PCURVE('',#68,#338);
#338 = DEFINITIONAL_REPRESENTATION('',(#339),#342);
#339 = B_SPLINE_CURVE_WITH_KNOTS('',1,(#340,#341),.UNSPECIFIED.,.F.,.F.,
  (2,2),(0.,2.5),.PIECEWISE_BEZIER_KNOTS.);
#340 = CARTESIAN_POINT('',(-1.25,5.E-02));
#341 = CARTESIAN_POINT('',(1.25,5.E-02));
#342 = ( GEOMETRIC_REPRESENTATION_CONTEXT(2) 
PARAMETRIC_REPRESENTATION_CONTEXT() REPRESENTATION_CONTEXT('2D SPACE',''
  ) );
#343 = PCURVE('',#344,#351);
#344 = ( BOUNDED_SURFACE() B_SPLINE_SURFACE(2,1,(
    (#345,#346)
    ,(#347,#348)
,(#349,#350
    )),.UNSPECIFIED.,.F.,.F.,.F.) B_SPLINE_SURFACE_WITH_KNOTS((3,3),(2,2
    ),(0.,1.570796326795),(-2.5,0.),.PIECEWISE_BEZIER_KNOTS.) 
GEOMETRIC_REPRESENTATION_ITEM() RATIONAL_B_SPLINE_SURFACE((
    (1.,1.)
    ,(0.707106781187,0.707106781187)
,(1.,1.))) REPRESENTATION_ITEM('') SURFACE() );
#345 = CARTESIAN_POINT('',(-1.627192982456,-5.120903701084E-16,
    0.769230754438));
#346 = CARTESIAN_POINT('',(-1.627192982456,-5.620504062165E-17,
    -0.769230754438));
#347 = CARTESIAN_POINT('',(-1.657894736842,-5.120903701084E-16,
    0.769230754438));
#348 = CARTESIAN_POINT('',(-1.657894736842,-5.620504062165E-17,
    -0.769230754438));
#349 = CARTESIAN_POINT('',(-1.657894736842,4.5E-02,0.769230754438));
#350 = CARTESIAN_POINT('',(-1.657894736842,4.5E-02,-0.769230754438));
#351 = DEFINITIONAL_REPRESENTATION('',(#352),#356);
#352 = B_SPLINE_CURVE_WITH_KNOTS('',2,(#353,#354,#355),.UNSPECIFIED.,.F.
  ,.F.,(3,3),(0.,2.5),.PIECEWISE_BEZIER_KNOTS.);
#353 = CARTESIAN_POINT('',(1.570796326795,0.));
#354 = CARTESIAN_POINT('',(1.570796326795,-1.25));
#355 = CARTESIAN_POINT('',(1.570796326795,-2.5));
#356 = ( GEOMETRIC_REPRESENTATION_CONTEXT(2) 
PARAMETRIC_REPRESENTATION_CONTEXT() REPRESENTATION_CONTEXT('2D SPACE',''
  ) );
#357 = ORIENTED_EDGE('',*,*,#47,.T.);
#358 = ORIENTED_EDGE('',*,*,#359,.T.);
#359 = EDGE_CURVE('',#50,#360,#362,.T.);
#360 = VERTEX_POINT('',#361);
#361 = CARTESIAN_POINT('',(-1.657894736842,0.907730300946,-0.33304998334
    ));
#362 = SURFACE_CURVE('',#363,(#366,#372),.PCURVE_S1.);
#363 = B_SPLINE_CURVE_WITH_KNOTS('',1,(#364,#365),.UNSPECIFIED.,.F.,.F.,
  (2,2),(0.,0.708793766664),.PIECEWISE_BEZIER_KNOTS.);
#364 = CARTESIAN_POINT('',(-1.657894736842,0.907730300946,
    -0.769230754438));
#365 = CARTESIAN_POINT('',(-1.657894736842,0.907730300946,-0.33304998334
    ));
#366 = PCURVE('',#68,#367);
#367 = DEFINITIONAL_REPRESENTATION('',(#368),#371);
#368 = B_SPLINE_CURVE_WITH_KNOTS('',1,(#369,#370),.UNSPECIFIED.,.F.,.F.,
  (2,2),(0.,0.708793766664),.PIECEWISE_BEZIER_KNOTS.);
#369 = CARTESIAN_POINT('',(-1.25,1.008589223273));
#370 = CARTESIAN_POINT('',(-0.541206233336,1.008589223273));
#371 = ( GEOMETRIC_REPRESENTATION_CONTEXT(2) 
PARAMETRIC_REPRESENTATION_CONTEXT() REPRESENTATION_CONTEXT('2D SPACE',''
  ) );
#372 = PCURVE('',#141,#373);
#373 = DEFINITIONAL_REPRESENTATION('',(#374),#377);
#374 = B_SPLINE_CURVE_WITH_KNOTS('',1,(#375,#376),.UNSPECIFIED.,.F.,.F.,
  (2,2),(0.,0.708793766664),.PIECEWISE_BEZIER_KNOTS.);
#375 = CARTESIAN_POINT('',(0.,0.15));
#376 = CARTESIAN_POINT('',(0.708793766664,0.15));
#377 = ( GEOMETRIC_REPRESENTATION_CONTEXT(2) 
PARAMETRIC_REPRESENTATION_CONTEXT() REPRESENTATION_CONTEXT('2D SPACE',''
  ) );
#378 = ORIENTED_EDGE('',*,*,#379,.T.);
#379 = EDGE_CURVE('',#360,#380,#382,.T.);
#380 = VERTEX_POINT('',#381);
#381 = CARTESIAN_POINT('',(-1.657894736842,0.6668729181,-0.33304998334)
  );
#382 = SURFACE_CURVE('',#383,(#386,#392),.PCURVE_S1.);
#383 = B_SPLINE_CURVE_WITH_KNOTS('',1,(#384,#385),.UNSPECIFIED.,.F.,.F.,
  (2,2),(0.,0.267619314273),.PIECEWISE_BEZIER_KNOTS.);
#384 = CARTESIAN_POINT('',(-1.657894736842,0.907730300946,-0.33304998334
    ));
#385 = CARTESIAN_POINT('',(-1.657894736842,0.6668729181,-0.33304998334)
  );
#386 = PCURVE('',#68,#387);
#387 = DEFINITIONAL_REPRESENTATION('',(#388),#391);
#388 = B_SPLINE_CURVE_WITH_KNOTS('',1,(#389,#390),.UNSPECIFIED.,.F.,.F.,
  (2,2),(0.,0.267619314273),.PIECEWISE_BEZIER_KNOTS.);
#389 = CARTESIAN_POINT('',(-0.541206233336,1.008589223273));
#390 = CARTESIAN_POINT('',(-0.541206233336,0.740969909));
#391 = ( GEOMETRIC_REPRESENTATION_CONTEXT(2) 
PARAMETRIC_REPRESENTATION_CONTEXT() REPRESENTATION_CONTEXT('2D SPACE',''
  ) );
#392 = PCURVE('',#298,#393);
#393 = DEFINITIONAL_REPRESENTATION('',(#394),#397);
#394 = B_SPLINE_CURVE_WITH_KNOTS('',1,(#395,#396),.UNSPECIFIED.,.F.,.F.,
  (2,2),(0.,0.267619314273),.PIECEWISE_BEZIER_KNOTS.);
#395 = CARTESIAN_POINT('',(0.15,0.));
#396 = CARTESIAN_POINT('',(0.15,-0.267619314273));
#397 = ( GEOMETRIC_REPRESENTATION_CONTEXT(2) 
PARAMETRIC_REPRESENTATION_CONTEXT() REPRESENTATION_CONTEXT('2D SPACE',''
  ) );
#398 = ORIENTED_EDGE('',*,*,#399,.T.);
#399 = EDGE_CURVE('',#380,#400,#402,.T.);
#400 = VERTEX_POINT('',#401);
#401 = CARTESIAN_POINT('',(-1.657894736842,0.6668729181,0.33304998334));
#402 = SURFACE_CURVE('',#403,(#406,#412),.PCURVE_S1.);
#403 = B_SPLINE_CURVE_WITH_KNOTS('',1,(#404,#405),.UNSPECIFIED.,.F.,.F.,
  (2,2),(-1.082412466672,0.),.PIECEWISE_BEZIER_KNOTS.);
#404 = CARTESIAN_POINT('',(-1.657894736842,0.6668729181,-0.33304998334)
  );
#405 = CARTESIAN_POINT('',(-1.657894736842,0.6668729181,0.33304998334));
#406 = PCURVE('',#68,#407);
#407 = DEFINITIONAL_REPRESENTATION('',(#408),#411);
#408 = B_SPLINE_CURVE_WITH_KNOTS('',1,(#409,#410),.UNSPECIFIED.,.F.,.F.,
  (2,2),(-1.082412466672,0.),.PIECEWISE_BEZIER_KNOTS.);
#409 = CARTESIAN_POINT('',(-0.541206233336,0.740969909));
#410 = CARTESIAN_POINT('',(0.541206233336,0.740969909));
#411 = ( GEOMETRIC_REPRESENTATION_CONTEXT(2) 
PARAMETRIC_REPRESENTATION_CONTEXT() REPRESENTATION_CONTEXT('2D SPACE',''
  ) );
#412 = PCURVE('',#273,#413);
#413 = DEFINITIONAL_REPRESENTATION('',(#414),#417);
#414 = B_SPLINE_CURVE_WITH_KNOTS('',1,(#415,#416),.UNSPECIFIED.,.F.,.F.,
  (2,2),(-1.082412466672,0.),.PIECEWISE_BEZIER_KNOTS.);
#415 = CARTESIAN_POINT('',(-1.082412466672,0.15));
#416 = CARTESIAN_POINT('',(0.,0.15));
#417 = ( GEOMETRIC_REPRESENTATION_CONTEXT(2) 
PARAMETRIC_REPRESENTATION_CONTEXT() REPRESENTATION_CONTEXT('2D SPACE',''
  ) );
#418 = ORIENTED_EDGE('',*,*,#419,.T.);
#419 = EDGE_CURVE('',#400,#420,#422,.T.);
#420 = VERTEX_POINT('',#421);
#421 = CARTESIAN_POINT('',(-1.657894736842,0.907730300946,0.33304998334)
  );
#422 = SURFACE_CURVE('',#423,(#426,#432),.PCURVE_S1.);
#423 = B_SPLINE_CURVE_WITH_KNOTS('',1,(#424,#425),.UNSPECIFIED.,.F.,.F.,
  (2,2),(-0.267619314273,0.),.PIECEWISE_BEZIER_KNOTS.);
#424 = CARTESIAN_POINT('',(-1.657894736842,0.6668729181,0.33304998334));
#425 = CARTESIAN_POINT('',(-1.657894736842,0.907730300946,0.33304998334)
  );
#426 = PCURVE('',#68,#427);
#427 = DEFINITIONAL_REPRESENTATION('',(#428),#431);
#428 = B_SPLINE_CURVE_WITH_KNOTS('',1,(#429,#430),.UNSPECIFIED.,.F.,.F.,
  (2,2),(-0.267619314273,0.),.PIECEWISE_BEZIER_KNOTS.);
#429 = CARTESIAN_POINT('',(0.541206233336,0.740969909));
#430 = CARTESIAN_POINT('',(0.541206233336,1.008589223273));
#431 = ( GEOMETRIC_REPRESENTATION_CONTEXT(2) 
PARAMETRIC_REPRESENTATION_CONTEXT() REPRESENTATION_CONTEXT('2D SPACE',''
  ) );
#432 = PCURVE('',#248,#433);
#433 = DEFINITIONAL_REPRESENTATION('',(#434),#437);
#434 = B_SPLINE_CURVE_WITH_KNOTS('',1,(#435,#436),.UNSPECIFIED.,.F.,.F.,
  (2,2),(-0.267619314273,0.),.PIECEWISE_BEZIER_KNOTS.);
#435 = CARTESIAN_POINT('',(-0.15,-0.267619314273));
#436 = CARTESIAN_POINT('',(-0.15,0.));
#437 = ( GEOMETRIC_REPRESENTATION_CONTEXT(2) 
PARAMETRIC_REPRESENTATION_CONTEXT() REPRESENTATION_CONTEXT('2D SPACE',''
  ) );
#438 = ORIENTED_EDGE('',*,*,#439,.T.);
#439 = EDGE_CURVE('',#420,#440,#442,.T.);
#440 = VERTEX_POINT('',#441);
#441 = CARTESIAN_POINT('',(-1.657894736842,0.907730300946,0.769230754438
    ));
#442 = SURFACE_CURVE('',#443,(#446,#452),.PCURVE_S1.);
#443 = B_SPLINE_CURVE_WITH_KNOTS('',1,(#444,#445),.UNSPECIFIED.,.F.,.F.,
  (2,2),(-0.708793766664,0.),.PIECEWISE_BEZIER_KNOTS.);
#444 = CARTESIAN_POINT('',(-1.657894736842,0.907730300946,0.33304998334)
  );
#445 = CARTESIAN_POINT('',(-1.657894736842,0.907730300946,0.769230754438
    ));
#446 = PCURVE('',#68,#447);
#447 = DEFINITIONAL_REPRESENTATION('',(#448),#451);
#448 = B_SPLINE_CURVE_WITH_KNOTS('',1,(#449,#450),.UNSPECIFIED.,.F.,.F.,
  (2,2),(-0.708793766664,0.),.PIECEWISE_BEZIER_KNOTS.);
#449 = CARTESIAN_POINT('',(0.541206233336,1.008589223273));
#450 = CARTESIAN_POINT('',(1.25,1.008589223273));
#451 = ( GEOMETRIC_REPRESENTATION_CONTEXT(2) 
PARAMETRIC_REPRESENTATION_CONTEXT() REPRESENTATION_CONTEXT('2D SPACE',''
  ) );
#452 = PCURVE('',#223,#453);
#453 = DEFINITIONAL_REPRESENTATION('',(#454),#457);
#454 = B_SPLINE_CURVE_WITH_KNOTS('',1,(#455,#456),.UNSPECIFIED.,.F.,.F.,
  (2,2),(-0.708793766664,0.),.PIECEWISE_BEZIER_KNOTS.);
#455 = CARTESIAN_POINT('',(-0.708793766664,0.15));
#456 = CARTESIAN_POINT('',(0.,0.15));
#457 = ( GEOMETRIC_REPRESENTATION_CONTEXT(2) 
PARAMETRIC_REPRESENTATION_CONTEXT() REPRESENTATION_CONTEXT('2D SPACE',''
  ) );
#458 = ORIENTED_EDGE('',*,*,#459,.T.);
#459 = EDGE_CURVE('',#440,#331,#460,.T.);
#460 = SURFACE_CURVE('',#461,(#464,#470),.PCURVE_S1.);
#461 = B_SPLINE_CURVE_WITH_KNOTS('',1,(#462,#463),.UNSPECIFIED.,.F.,.F.,
  (2,2),(-1.158589223273,-0.2),.PIECEWISE_BEZIER_KNOTS.);
#462 = CARTESIAN_POINT('',(-1.657894736842,0.907730300946,0.769230754438
    ));
#463 = CARTESIAN_POINT('',(-1.657894736842,4.5E-02,0.769230754438));
#464 = PCURVE('',#68,#465);
#465 = DEFINITIONAL_REPRESENTATION('',(#466),#469);
#466 = B_SPLINE_CURVE_WITH_KNOTS('',1,(#467,#468),.UNSPECIFIED.,.F.,.F.,
  (2,2),(-1.158589223273,-0.2),.PIECEWISE_BEZIER_KNOTS.);
#467 = CARTESIAN_POINT('',(1.25,1.008589223273));
#468 = CARTESIAN_POINT('',(1.25,5.E-02));
#469 = ( GEOMETRIC_REPRESENTATION_CONTEXT(2) 
PARAMETRIC_REPRESENTATION_CONTEXT() REPRESENTATION_CONTEXT('2D SPACE',''
  ) );
#470 = PCURVE('',#198,#471);
#471 = DEFINITIONAL_REPRESENTATION('',(#472),#475);
#472 = B_SPLINE_CURVE_WITH_KNOTS('',1,(#473,#474),.UNSPECIFIED.,.F.,.F.,
  (2,2),(-1.158589223273,-0.2),.PIECEWISE_BEZIER_KNOTS.);
#473 = CARTESIAN_POINT('',(0.15,1.158589223273));
#474 = CARTESIAN_POINT('',(0.15,0.2));
#475 = ( GEOMETRIC_REPRESENTATION_CONTEXT(2) 
PARAMETRIC_REPRESENTATION_CONTEXT() REPRESENTATION_CONTEXT('2D SPACE',''
  ) );
#476 = ADVANCED_FACE('',(#477),#198,.T.);
#477 = FACE_BOUND('',#478,.T.);
#478 = EDGE_LOOP('',(#479,#502,#503,#521));
#479 = ORIENTED_EDGE('',*,*,#480,.F.);
#480 = EDGE_CURVE('',#331,#157,#481,.T.);
#481 = SURFACE_CURVE('',#482,(#485,#491),.PCURVE_S1.);
#482 = B_SPLINE_CURVE_WITH_KNOTS('',1,(#483,#484),.UNSPECIFIED.,.F.,.F.,
  (2,2),(0.,0.15),.PIECEWISE_BEZIER_KNOTS.);
#483 = CARTESIAN_POINT('',(-1.657894736842,4.5E-02,0.769230754438));
#484 = CARTESIAN_POINT('',(-1.75,4.5E-02,0.769230754438));
#485 = PCURVE('',#198,#486);
#486 = DEFINITIONAL_REPRESENTATION('',(#487),#490);
#487 = B_SPLINE_CURVE_WITH_KNOTS('',1,(#488,#489),.UNSPECIFIED.,.F.,.F.,
  (2,2),(0.,0.15),.PIECEWISE_BEZIER_KNOTS.);
#488 = CARTESIAN_POINT('',(0.15,0.2));
#489 = CARTESIAN_POINT('',(0.,0.2));
#490 = ( GEOMETRIC_REPRESENTATION_CONTEXT(2) 
PARAMETRIC_REPRESENTATION_CONTEXT() REPRESENTATION_CONTEXT('2D SPACE',''
  ) );
#491 = PCURVE('',#492,#497);
#492 = B_SPLINE_SURFACE_WITH_KNOTS('',1,1,(
    (#493,#494)
    ,(#495,#496
    )),.UNSPECIFIED.,.F.,.F.,.F.,(2,2),(2,2),(1.040834085586E-16,0.2),(
    -0.2,-6.123233995737E-18),.PIECEWISE_BEZIER_KNOTS.);
#493 = CARTESIAN_POINT('',(-1.75,4.5E-02,0.769230754438));
#494 = CARTESIAN_POINT('',(-1.627192982456,4.5E-02,0.769230754438));
#495 = CARTESIAN_POINT('',(-1.75,-0.135,0.769230754438));
#496 = CARTESIAN_POINT('',(-1.627192982456,-0.135,0.769230754438));
#497 = DEFINITIONAL_REPRESENTATION('',(#498),#501);
#498 = B_SPLINE_CURVE_WITH_KNOTS('',1,(#499,#500),.UNSPECIFIED.,.F.,.F.,
  (2,2),(0.,0.15),.PIECEWISE_BEZIER_KNOTS.);
#499 = CARTESIAN_POINT('',(1.040834085586E-16,-5.E-02));
#500 = CARTESIAN_POINT('',(4.302114220422E-16,-0.2));
#501 = ( GEOMETRIC_REPRESENTATION_CONTEXT(2) 
PARAMETRIC_REPRESENTATION_CONTEXT() REPRESENTATION_CONTEXT('2D SPACE',''
  ) );
#502 = ORIENTED_EDGE('',*,*,#459,.F.);
#503 = ORIENTED_EDGE('',*,*,#504,.F.);
#504 = EDGE_CURVE('',#185,#440,#505,.T.);
#505 = SURFACE_CURVE('',#506,(#509,#515),.PCURVE_S1.);
#506 = B_SPLINE_CURVE_WITH_KNOTS('',1,(#507,#508),.UNSPECIFIED.,.F.,.F.,
  (2,2),(0.,0.15),.PIECEWISE_BEZIER_KNOTS.);
#507 = CARTESIAN_POINT('',(-1.75,0.907730300946,0.769230754438));
#508 = CARTESIAN_POINT('',(-1.657894736842,0.907730300946,0.769230754438
    ));
#509 = PCURVE('',#198,#510);
#510 = DEFINITIONAL_REPRESENTATION('',(#511),#514);
#511 = B_SPLINE_CURVE_WITH_KNOTS('',1,(#512,#513),.UNSPECIFIED.,.F.,.F.,
  (2,2),(0.,0.15),.PIECEWISE_BEZIER_KNOTS.);
#512 = CARTESIAN_POINT('',(0.,1.158589223273));
#513 = CARTESIAN_POINT('',(0.15,1.158589223273));
#514 = ( GEOMETRIC_REPRESENTATION_CONTEXT(2) 
PARAMETRIC_REPRESENTATION_CONTEXT() REPRESENTATION_CONTEXT('2D SPACE',''
  ) );
#515 = PCURVE('',#223,#516);
#516 = DEFINITIONAL_REPRESENTATION('',(#517),#520);
#517 = B_SPLINE_CURVE_WITH_KNOTS('',1,(#518,#519),.UNSPECIFIED.,.F.,.F.,
  (2,2),(0.,0.15),.PIECEWISE_BEZIER_KNOTS.);
#518 = CARTESIAN_POINT('',(0.,0.));
#519 = CARTESIAN_POINT('',(0.,0.15));
#520 = ( GEOMETRIC_REPRESENTATION_CONTEXT(2) 
PARAMETRIC_REPRESENTATION_CONTEXT() REPRESENTATION_CONTEXT('2D SPACE',''
  ) );
#521 = ORIENTED_EDGE('',*,*,#184,.T.);
#522 = ADVANCED_FACE('',(#523),#223,.T.);
#523 = FACE_BOUND('',#524,.T.);
#524 = EDGE_LOOP('',(#525,#526,#544,#545));
#525 = ORIENTED_EDGE('',*,*,#439,.F.);
#526 = ORIENTED_EDGE('',*,*,#527,.F.);
#527 = EDGE_CURVE('',#210,#420,#528,.T.);
#528 = SURFACE_CURVE('',#529,(#532,#538),.PCURVE_S1.);
#529 = B_SPLINE_CURVE_WITH_KNOTS('',1,(#530,#531),.UNSPECIFIED.,.F.,.F.,
  (2,2),(0.,0.15),.PIECEWISE_BEZIER_KNOTS.);
#530 = CARTESIAN_POINT('',(-1.75,0.907730300946,0.33304998334));
#531 = CARTESIAN_POINT('',(-1.657894736842,0.907730300946,0.33304998334)
  );
#532 = PCURVE('',#223,#533);
#533 = DEFINITIONAL_REPRESENTATION('',(#534),#537);
#534 = B_SPLINE_CURVE_WITH_KNOTS('',1,(#535,#536),.UNSPECIFIED.,.F.,.F.,
  (2,2),(0.,0.15),.PIECEWISE_BEZIER_KNOTS.);
#535 = CARTESIAN_POINT('',(-0.708793766664,0.));
#536 = CARTESIAN_POINT('',(-0.708793766664,0.15));
#537 = ( GEOMETRIC_REPRESENTATION_CONTEXT(2) 
PARAMETRIC_REPRESENTATION_CONTEXT() REPRESENTATION_CONTEXT('2D SPACE',''
  ) );
#538 = PCURVE('',#248,#539);
#539 = DEFINITIONAL_REPRESENTATION('',(#540),#543);
#540 = B_SPLINE_CURVE_WITH_KNOTS('',1,(#541,#542),.UNSPECIFIED.,.F.,.F.,
  (2,2),(0.,0.15),.PIECEWISE_BEZIER_KNOTS.);
#541 = CARTESIAN_POINT('',(0.,0.));
#542 = CARTESIAN_POINT('',(-0.15,0.));
#543 = ( GEOMETRIC_REPRESENTATION_CONTEXT(2) 
PARAMETRIC_REPRESENTATION_CONTEXT() REPRESENTATION_CONTEXT('2D SPACE',''
  ) );
#544 = ORIENTED_EDGE('',*,*,#209,.T.);
#545 = ORIENTED_EDGE('',*,*,#504,.T.);
#546 = ADVANCED_FACE('',(#547),#248,.T.);
#547 = FACE_BOUND('',#548,.T.);
#548 = EDGE_LOOP('',(#549,#550,#568,#569));
#549 = ORIENTED_EDGE('',*,*,#419,.F.);
#550 = ORIENTED_EDGE('',*,*,#551,.F.);
#551 = EDGE_CURVE('',#235,#400,#552,.T.);
#552 = SURFACE_CURVE('',#553,(#556,#562),.PCURVE_S1.);
#553 = B_SPLINE_CURVE_WITH_KNOTS('',1,(#554,#555),.UNSPECIFIED.,.F.,.F.,
  (2,2),(0.,0.15),.PIECEWISE_BEZIER_KNOTS.);
#554 = CARTESIAN_POINT('',(-1.75,0.6668729181,0.33304998334));
#555 = CARTESIAN_POINT('',(-1.657894736842,0.6668729181,0.33304998334));
#556 = PCURVE('',#248,#557);
#557 = DEFINITIONAL_REPRESENTATION('',(#558),#561);
#558 = B_SPLINE_CURVE_WITH_KNOTS('',1,(#559,#560),.UNSPECIFIED.,.F.,.F.,
  (2,2),(0.,0.15),.PIECEWISE_BEZIER_KNOTS.);
#559 = CARTESIAN_POINT('',(0.,-0.267619314273));
#560 = CARTESIAN_POINT('',(-0.15,-0.267619314273));
#561 = ( GEOMETRIC_REPRESENTATION_CONTEXT(2) 
PARAMETRIC_REPRESENTATION_CONTEXT() REPRESENTATION_CONTEXT('2D SPACE',''
  ) );
#562 = PCURVE('',#273,#563);
#563 = DEFINITIONAL_REPRESENTATION('',(#564),#567);
#564 = B_SPLINE_CURVE_WITH_KNOTS('',1,(#565,#566),.UNSPECIFIED.,.F.,.F.,
  (2,2),(0.,0.15),.PIECEWISE_BEZIER_KNOTS.);
#565 = CARTESIAN_POINT('',(0.,0.));
#566 = CARTESIAN_POINT('',(0.,0.15));
#567 = ( GEOMETRIC_REPRESENTATION_CONTEXT(2) 
PARAMETRIC_REPRESENTATION_CONTEXT() REPRESENTATION_CONTEXT('2D SPACE',''
  ) );
#568 = ORIENTED_EDGE('',*,*,#234,.T.);
#569 = ORIENTED_EDGE('',*,*,#527,.T.);
#570 = ADVANCED_FACE('',(#571),#273,.T.);
#571 = FACE_BOUND('',#572,.T.);
#572 = EDGE_LOOP('',(#573,#574,#592,#593));
#573 = ORIENTED_EDGE('',*,*,#399,.F.);
#574 = ORIENTED_EDGE('',*,*,#575,.F.);
#575 = EDGE_CURVE('',#260,#380,#576,.T.);
#576 = SURFACE_CURVE('',#577,(#580,#586),.PCURVE_S1.);
#577 = B_SPLINE_CURVE_WITH_KNOTS('',1,(#578,#579),.UNSPECIFIED.,.F.,.F.,
  (2,2),(0.,0.15),.PIECEWISE_BEZIER_KNOTS.);
#578 = CARTESIAN_POINT('',(-1.75,0.6668729181,-0.33304998334));
#579 = CARTESIAN_POINT('',(-1.657894736842,0.6668729181,-0.33304998334)
  );
#580 = PCURVE('',#273,#581);
#581 = DEFINITIONAL_REPRESENTATION('',(#582),#585);
#582 = B_SPLINE_CURVE_WITH_KNOTS('',1,(#583,#584),.UNSPECIFIED.,.F.,.F.,
  (2,2),(0.,0.15),.PIECEWISE_BEZIER_KNOTS.);
#583 = CARTESIAN_POINT('',(-1.082412466672,0.));
#584 = CARTESIAN_POINT('',(-1.082412466672,0.15));
#585 = ( GEOMETRIC_REPRESENTATION_CONTEXT(2) 
PARAMETRIC_REPRESENTATION_CONTEXT() REPRESENTATION_CONTEXT('2D SPACE',''
  ) );
#586 = PCURVE('',#298,#587);
#587 = DEFINITIONAL_REPRESENTATION('',(#588),#591);
#588 = B_SPLINE_CURVE_WITH_KNOTS('',1,(#589,#590),.UNSPECIFIED.,.F.,.F.,
  (2,2),(0.,0.15),.PIECEWISE_BEZIER_KNOTS.);
#589 = CARTESIAN_POINT('',(0.,-0.267619314273));
#590 = CARTESIAN_POINT('',(0.15,-0.267619314273));
#591 = ( GEOMETRIC_REPRESENTATION_CONTEXT(2) 
PARAMETRIC_REPRESENTATION_CONTEXT() REPRESENTATION_CONTEXT('2D SPACE',''
  ) );
#592 = ORIENTED_EDGE('',*,*,#259,.T.);
#593 = ORIENTED_EDGE('',*,*,#551,.T.);
#594 = ADVANCED_FACE('',(#595),#298,.T.);
#595 = FACE_BOUND('',#596,.T.);
#596 = EDGE_LOOP('',(#597,#598,#616,#617));
#597 = ORIENTED_EDGE('',*,*,#379,.F.);
#598 = ORIENTED_EDGE('',*,*,#599,.F.);
#599 = EDGE_CURVE('',#285,#360,#600,.T.);
#600 = SURFACE_CURVE('',#601,(#604,#610),.PCURVE_S1.);
#601 = B_SPLINE_CURVE_WITH_KNOTS('',1,(#602,#603),.UNSPECIFIED.,.F.,.F.,
  (2,2),(0.,0.15),.PIECEWISE_BEZIER_KNOTS.);
#602 = CARTESIAN_POINT('',(-1.75,0.907730300946,-0.33304998334));
#603 = CARTESIAN_POINT('',(-1.657894736842,0.907730300946,-0.33304998334
    ));
#604 = PCURVE('',#298,#605);
#605 = DEFINITIONAL_REPRESENTATION('',(#606),#609);
#606 = B_SPLINE_CURVE_WITH_KNOTS('',1,(#607,#608),.UNSPECIFIED.,.F.,.F.,
  (2,2),(0.,0.15),.PIECEWISE_BEZIER_KNOTS.);
#607 = CARTESIAN_POINT('',(0.,0.));
#608 = CARTESIAN_POINT('',(0.15,0.));
#609 = ( GEOMETRIC_REPRESENTATION_CONTEXT(2) 
PARAMETRIC_REPRESENTATION_CONTEXT() REPRESENTATION_CONTEXT('2D SPACE',''
  ) );
#610 = PCURVE('',#141,#611);
#611 = DEFINITIONAL_REPRESENTATION('',(#612),#615);
#612 = B_SPLINE_CURVE_WITH_KNOTS('',1,(#613,#614),.UNSPECIFIED.,.F.,.F.,
  (2,2),(0.,0.15),.PIECEWISE_BEZIER_KNOTS.);
#613 = CARTESIAN_POINT('',(0.708793766664,0.));
#614 = CARTESIAN_POINT('',(0.708793766664,0.15));
#615 = ( GEOMETRIC_REPRESENTATION_CONTEXT(2) 
PARAMETRIC_REPRESENTATION_CONTEXT() REPRESENTATION_CONTEXT('2D SPACE',''
  ) );
#616 = ORIENTED_EDGE('',*,*,#284,.T.);
#617 = ORIENTED_EDGE('',*,*,#575,.T.);
#618 = ADVANCED_FACE('',(#619),#141,.T.);
#619 = FACE_BOUND('',#620,.T.);
#620 = EDGE_LOOP('',(#621,#622,#623,#624));
#621 = ORIENTED_EDGE('',*,*,#359,.F.);
#622 = ORIENTED_EDGE('',*,*,#129,.F.);
#623 = ORIENTED_EDGE('',*,*,#309,.T.);
#624 = ORIENTED_EDGE('',*,*,#599,.T.);
#625 = ADVANCED_FACE('',(#626),#492,.T.);
#626 = FACE_BOUND('',#627,.T.);
#627 = EDGE_LOOP('',(#628,#655,#676,#677));
#628 = ORIENTED_EDGE('',*,*,#629,.F.);
#629 = EDGE_CURVE('',#630,#632,#634,.T.);
#630 = VERTEX_POINT('',#631);
#631 = CARTESIAN_POINT('',(-1.627192982456,-5.183841637196E-16,
    0.769230754438));
#632 = VERTEX_POINT('',#633);
#633 = CARTESIAN_POINT('',(-1.627192982456,-0.135,0.769230754438));
#634 = SURFACE_CURVE('',#635,(#638,#644),.PCURVE_S1.);
#635 = B_SPLINE_CURVE_WITH_KNOTS('',1,(#636,#637),.UNSPECIFIED.,.F.,.F.,
  (2,2),(-0.15,2.775557561563E-17),.PIECEWISE_BEZIER_KNOTS.);
#636 = CARTESIAN_POINT('',(-1.627192982456,-5.245803791354E-16,
    0.769230754438));
#637 = CARTESIAN_POINT('',(-1.627192982456,-0.135,0.769230754438));
#638 = PCURVE('',#492,#639);
#639 = DEFINITIONAL_REPRESENTATION('',(#640),#643);
#640 = B_SPLINE_CURVE_WITH_KNOTS('',1,(#641,#642),.UNSPECIFIED.,.F.,.F.,
  (2,2),(-0.15,2.775557561563E-17),.PIECEWISE_BEZIER_KNOTS.);
#641 = CARTESIAN_POINT('',(5.E-02,-4.440892098501E-16));
#642 = CARTESIAN_POINT('',(0.2,-8.881784197001E-16));
#643 = ( GEOMETRIC_REPRESENTATION_CONTEXT(2) 
PARAMETRIC_REPRESENTATION_CONTEXT() REPRESENTATION_CONTEXT('2D SPACE',''
  ) );
#644 = PCURVE('',#645,#650);
#645 = B_SPLINE_SURFACE_WITH_KNOTS('',1,1,(
    (#646,#647)
    ,(#648,#649)),.UNSPECIFIED.,.F.,.F.,.F.,(2,2),(2,2),(5.E-02,0.95),(
    -3.358424649491E-15,0.15),.PIECEWISE_BEZIER_KNOTS.);
#646 = CARTESIAN_POINT('',(-1.627192982456,-0.135,0.769230754438));
#647 = CARTESIAN_POINT('',(-1.627192982456,-5.245803791354E-16,
    0.769230754438));
#648 = CARTESIAN_POINT('',(-1.074561403509,-0.135,0.769230754438));
#649 = CARTESIAN_POINT('',(-1.074561403509,-5.245803791354E-16,
    0.769230754438));
#650 = DEFINITIONAL_REPRESENTATION('',(#651),#654);
#651 = B_SPLINE_CURVE_WITH_KNOTS('',1,(#652,#653),.UNSPECIFIED.,.F.,.F.,
  (2,2),(-0.15,2.775557561563E-17),.PIECEWISE_BEZIER_KNOTS.);
#652 = CARTESIAN_POINT('',(5.E-02,0.15));
#653 = CARTESIAN_POINT('',(5.E-02,-1.942890293094E-16));
#654 = ( GEOMETRIC_REPRESENTATION_CONTEXT(2) 
PARAMETRIC_REPRESENTATION_CONTEXT() REPRESENTATION_CONTEXT('2D SPACE',''
  ) );
#655 = ORIENTED_EDGE('',*,*,#656,.F.);
#656 = EDGE_CURVE('',#331,#630,#657,.T.);
#657 = SURFACE_CURVE('',#658,(#662,#669),.PCURVE_S1.);
#658 = ( BOUNDED_CURVE() B_SPLINE_CURVE(2,(#659,#660,#661),
.UNSPECIFIED.,.F.,.F.) B_SPLINE_CURVE_WITH_KNOTS((3,3),(1.570796326795,
3.14159265359),.PIECEWISE_BEZIER_KNOTS.) CURVE() 
GEOMETRIC_REPRESENTATION_ITEM() RATIONAL_B_SPLINE_CURVE((1.,
0.707106781187,1.)) REPRESENTATION_ITEM('') );
#659 = CARTESIAN_POINT('',(-1.657894736842,4.5E-02,0.769230754438));
#660 = CARTESIAN_POINT('',(-1.657894736842,-5.120903701084E-16,
    0.769230754438));
#661 = CARTESIAN_POINT('',(-1.627192982456,-5.245803791354E-16,
    0.769230754438));
#662 = PCURVE('',#492,#663);
#663 = DEFINITIONAL_REPRESENTATION('',(#664),#668);
#664 = ( BOUNDED_CURVE() B_SPLINE_CURVE(2,(#665,#666,#667),
.UNSPECIFIED.,.F.,.F.) B_SPLINE_CURVE_WITH_KNOTS((3,3),(1.570796326795,
3.14159265359),.PIECEWISE_BEZIER_KNOTS.) CURVE() 
GEOMETRIC_REPRESENTATION_ITEM() RATIONAL_B_SPLINE_CURVE((1.,
0.707106781187,1.)) REPRESENTATION_ITEM('') );
#665 = CARTESIAN_POINT('',(1.110223024625E-16,-5.E-02));
#666 = CARTESIAN_POINT('',(5.E-02,-5.E-02));
#667 = CARTESIAN_POINT('',(5.E-02,0.));
#668 = ( GEOMETRIC_REPRESENTATION_CONTEXT(2) 
PARAMETRIC_REPRESENTATION_CONTEXT() REPRESENTATION_CONTEXT('2D SPACE',''
  ) );
#669 = PCURVE('',#344,#670);
#670 = DEFINITIONAL_REPRESENTATION('',(#671),#675);
#671 = B_SPLINE_CURVE_WITH_KNOTS('',2,(#672,#673,#674),.UNSPECIFIED.,.F.
  ,.F.,(3,3),(1.570796326795,3.14159265359),.PIECEWISE_BEZIER_KNOTS.);
#672 = CARTESIAN_POINT('',(1.570796326795,-2.5));
#673 = CARTESIAN_POINT('',(0.785398163397,-2.5));
#674 = CARTESIAN_POINT('',(-9.865181867315E-15,-2.5));
#675 = ( GEOMETRIC_REPRESENTATION_CONTEXT(2) 
PARAMETRIC_REPRESENTATION_CONTEXT() REPRESENTATION_CONTEXT('2D SPACE',''
  ) );
#676 = ORIENTED_EDGE('',*,*,#480,.T.);
#677 = ORIENTED_EDGE('',*,*,#678,.T.);
#678 = EDGE_CURVE('',#157,#632,#679,.T.);
#679 = SURFACE_CURVE('',#680,(#684,#691),.PCURVE_S1.);
#680 = ( BOUNDED_CURVE() B_SPLINE_CURVE(2,(#681,#682,#683),
.UNSPECIFIED.,.F.,.F.) B_SPLINE_CURVE_WITH_KNOTS((3,3),(1.570796326795,
3.14159265359),.PIECEWISE_BEZIER_KNOTS.) CURVE() 
GEOMETRIC_REPRESENTATION_ITEM() RATIONAL_B_SPLINE_CURVE((1.,
0.707106781187,1.)) REPRESENTATION_ITEM('') );
#681 = CARTESIAN_POINT('',(-1.75,4.5E-02,0.769230754438));
#682 = CARTESIAN_POINT('',(-1.75,-0.135,0.769230754438));
#683 = CARTESIAN_POINT('',(-1.627192982456,-0.135,0.769230754438));
#684 = PCURVE('',#492,#685);
#685 = DEFINITIONAL_REPRESENTATION('',(#686),#690);
#686 = ( BOUNDED_CURVE() B_SPLINE_CURVE(2,(#687,#688,#689),
.UNSPECIFIED.,.F.,.F.) B_SPLINE_CURVE_WITH_KNOTS((3,3),(1.570796326795,
3.14159265359),.PIECEWISE_BEZIER_KNOTS.) CURVE() 
GEOMETRIC_REPRESENTATION_ITEM() RATIONAL_B_SPLINE_CURVE((1.,
0.707106781187,1.)) REPRESENTATION_ITEM('') );
#687 = CARTESIAN_POINT('',(1.179611963664E-16,-0.2));
#688 = CARTESIAN_POINT('',(0.2,-0.2));
#689 = CARTESIAN_POINT('',(0.2,0.));
#690 = ( GEOMETRIC_REPRESENTATION_CONTEXT(2) 
PARAMETRIC_REPRESENTATION_CONTEXT() REPRESENTATION_CONTEXT('2D SPACE',''
  ) );
#691 = PCURVE('',#170,#692);
#692 = DEFINITIONAL_REPRESENTATION('',(#693),#697);
#693 = B_SPLINE_CURVE_WITH_KNOTS('',2,(#694,#695,#696),.UNSPECIFIED.,.F.
  ,.F.,(3,3),(1.570796326795,3.14159265359),.PIECEWISE_BEZIER_KNOTS.);
#694 = CARTESIAN_POINT('',(1.570796326795,-2.5));
#695 = CARTESIAN_POINT('',(0.785398163397,-2.5));
#696 = CARTESIAN_POINT('',(-6.907187565329E-15,-2.5));
#697 = ( GEOMETRIC_REPRESENTATION_CONTEXT(2) 
PARAMETRIC_REPRESENTATION_CONTEXT() REPRESENTATION_CONTEXT('2D SPACE',''
  ) );
#698 = ADVANCED_FACE('',(#699),#93,.F.);
#699 = FACE_BOUND('',#700,.T.);
#700 = EDGE_LOOP('',(#701,#724,#749,#770));
#701 = ORIENTED_EDGE('',*,*,#702,.F.);
#702 = EDGE_CURVE('',#703,#48,#705,.T.);
#703 = VERTEX_POINT('',#704);
#704 = CARTESIAN_POINT('',(-1.627192982456,-6.098637220231E-17,
    -0.769230754438));
#705 = SURFACE_CURVE('',#706,(#710,#717),.PCURVE_S1.);
#706 = ( BOUNDED_CURVE() B_SPLINE_CURVE(2,(#707,#708,#709),
.UNSPECIFIED.,.F.,.F.) B_SPLINE_CURVE_WITH_KNOTS((3,3),(3.14159265359,
4.712388980385),.PIECEWISE_BEZIER_KNOTS.) CURVE() 
GEOMETRIC_REPRESENTATION_ITEM() RATIONAL_B_SPLINE_CURVE((1.,
0.707106781187,1.)) REPRESENTATION_ITEM('') );
#707 = CARTESIAN_POINT('',(-1.627192982456,-5.620504062165E-17,
    -0.769230754438));
#708 = CARTESIAN_POINT('',(-1.657894736842,-6.869504964868E-17,
    -0.769230754438));
#709 = CARTESIAN_POINT('',(-1.657894736842,4.5E-02,-0.769230754438));
#710 = PCURVE('',#93,#711);
#711 = DEFINITIONAL_REPRESENTATION('',(#712),#716);
#712 = ( BOUNDED_CURVE() B_SPLINE_CURVE(2,(#713,#714,#715),
.UNSPECIFIED.,.F.,.F.) B_SPLINE_CURVE_WITH_KNOTS((3,3),(3.14159265359,
4.712388980385),.PIECEWISE_BEZIER_KNOTS.) CURVE() 
GEOMETRIC_REPRESENTATION_ITEM() RATIONAL_B_SPLINE_CURVE((1.,
0.707106781187,1.)) REPRESENTATION_ITEM('') );
#713 = CARTESIAN_POINT('',(5.E-02,0.));
#714 = CARTESIAN_POINT('',(5.E-02,-5.E-02));
#715 = CARTESIAN_POINT('',(9.71445146547E-17,-5.E-02));
#716 = ( GEOMETRIC_REPRESENTATION_CONTEXT(2) 
PARAMETRIC_REPRESENTATION_CONTEXT() REPRESENTATION_CONTEXT('2D SPACE',''
  ) );
#717 = PCURVE('',#344,#718);
#718 = DEFINITIONAL_REPRESENTATION('',(#719),#723);
#719 = B_SPLINE_CURVE_WITH_KNOTS('',2,(#720,#721,#722),.UNSPECIFIED.,.F.
  ,.F.,(3,3),(3.14159265359,4.712388980385),.PIECEWISE_BEZIER_KNOTS.);
#720 = CARTESIAN_POINT('',(-9.865181867315E-15,-2.22044604925E-16));
#721 = CARTESIAN_POINT('',(0.785398163397,5.027318199566E-16));
#722 = CARTESIAN_POINT('',(1.570796326795,-2.22044604925E-16));
#723 = ( GEOMETRIC_REPRESENTATION_CONTEXT(2) 
PARAMETRIC_REPRESENTATION_CONTEXT() REPRESENTATION_CONTEXT('2D SPACE',''
  ) );
#724 = ORIENTED_EDGE('',*,*,#725,.T.);
#725 = EDGE_CURVE('',#703,#726,#728,.T.);
#726 = VERTEX_POINT('',#727);
#727 = CARTESIAN_POINT('',(-1.627192982456,-0.135,-0.769230754438));
#728 = SURFACE_CURVE('',#729,(#732,#738),.PCURVE_S1.);
#729 = B_SPLINE_CURVE_WITH_KNOTS('',1,(#730,#731),.UNSPECIFIED.,.F.,.F.,
  (2,2),(-4.065758146821E-17,0.15),.PIECEWISE_BEZIER_KNOTS.);
#730 = CARTESIAN_POINT('',(-1.627192982456,-6.098637220231E-17,
    -0.769230754438));
#731 = CARTESIAN_POINT('',(-1.627192982456,-0.135,-0.769230754438));
#732 = PCURVE('',#93,#733);
#733 = DEFINITIONAL_REPRESENTATION('',(#734),#737);
#734 = B_SPLINE_CURVE_WITH_KNOTS('',1,(#735,#736),.UNSPECIFIED.,.F.,.F.,
  (2,2),(-4.065758146821E-17,0.15),.PIECEWISE_BEZIER_KNOTS.);
#735 = CARTESIAN_POINT('',(5.E-02,0.));
#736 = CARTESIAN_POINT('',(0.2,-4.440892098501E-16));
#737 = ( GEOMETRIC_REPRESENTATION_CONTEXT(2) 
PARAMETRIC_REPRESENTATION_CONTEXT() REPRESENTATION_CONTEXT('2D SPACE',''
  ) );
#738 = PCURVE('',#739,#744);
#739 = B_SPLINE_SURFACE_WITH_KNOTS('',1,1,(
    (#740,#741)
    ,(#742,#743
    )),.UNSPECIFIED.,.F.,.F.,.F.,(2,2),(2,2),(-5.237222008265E-16,0.9),(
    0.,0.15),.PIECEWISE_BEZIER_KNOTS.);
#740 = CARTESIAN_POINT('',(-1.074561403509,-0.135,-0.769230754438));
#741 = CARTESIAN_POINT('',(-1.074561403509,-7.49400541622E-17,
    -0.769230754438));
#742 = CARTESIAN_POINT('',(-1.627192982456,-0.135,-0.769230754438));
#743 = CARTESIAN_POINT('',(-1.627192982456,-7.49400541622E-17,
    -0.769230754438));
#744 = DEFINITIONAL_REPRESENTATION('',(#745),#748);
#745 = B_SPLINE_CURVE_WITH_KNOTS('',1,(#746,#747),.UNSPECIFIED.,.F.,.F.,
  (2,2),(-4.065758146821E-17,0.15),.PIECEWISE_BEZIER_KNOTS.);
#746 = CARTESIAN_POINT('',(0.9,0.15));
#747 = CARTESIAN_POINT('',(0.9,3.136380044566E-15));
#748 = ( GEOMETRIC_REPRESENTATION_CONTEXT(2) 
PARAMETRIC_REPRESENTATION_CONTEXT() REPRESENTATION_CONTEXT('2D SPACE',''
  ) );
#749 = ORIENTED_EDGE('',*,*,#750,.T.);
#750 = EDGE_CURVE('',#726,#80,#751,.T.);
#751 = SURFACE_CURVE('',#752,(#756,#763),.PCURVE_S1.);
#752 = ( BOUNDED_CURVE() B_SPLINE_CURVE(2,(#753,#754,#755),
.UNSPECIFIED.,.F.,.F.) B_SPLINE_CURVE_WITH_KNOTS((3,3),(3.14159265359,
4.712388980385),.PIECEWISE_BEZIER_KNOTS.) CURVE() 
GEOMETRIC_REPRESENTATION_ITEM() RATIONAL_B_SPLINE_CURVE((1.,
0.707106781187,1.)) REPRESENTATION_ITEM('') );
#753 = CARTESIAN_POINT('',(-1.627192982456,-0.135,-0.769230754438));
#754 = CARTESIAN_POINT('',(-1.75,-0.135,-0.769230754438));
#755 = CARTESIAN_POINT('',(-1.75,4.5E-02,-0.769230754438));
#756 = PCURVE('',#93,#757);
#757 = DEFINITIONAL_REPRESENTATION('',(#758),#762);
#758 = ( BOUNDED_CURVE() B_SPLINE_CURVE(2,(#759,#760,#761),
.UNSPECIFIED.,.F.,.F.) B_SPLINE_CURVE_WITH_KNOTS((3,3),(3.14159265359,
4.712388980385),.PIECEWISE_BEZIER_KNOTS.) CURVE() 
GEOMETRIC_REPRESENTATION_ITEM() RATIONAL_B_SPLINE_CURVE((1.,
0.707106781187,1.)) REPRESENTATION_ITEM('') );
#759 = CARTESIAN_POINT('',(0.2,0.));
#760 = CARTESIAN_POINT('',(0.2,-0.2));
#761 = CARTESIAN_POINT('',(3.885780586188E-16,-0.2));
#762 = ( GEOMETRIC_REPRESENTATION_CONTEXT(2) 
PARAMETRIC_REPRESENTATION_CONTEXT() REPRESENTATION_CONTEXT('2D SPACE',''
  ) );
#763 = PCURVE('',#170,#764);
#764 = DEFINITIONAL_REPRESENTATION('',(#765),#769);
#765 = B_SPLINE_CURVE_WITH_KNOTS('',2,(#766,#767,#768),.UNSPECIFIED.,.F.
  ,.F.,(3,3),(3.14159265359,4.712388980385),.PIECEWISE_BEZIER_KNOTS.);
#766 = CARTESIAN_POINT('',(-7.398886400487E-15,-2.22044604925E-16));
#767 = CARTESIAN_POINT('',(0.785398163397,5.027318199566E-16));
#768 = CARTESIAN_POINT('',(1.570796326795,-2.22044604925E-16));
#769 = ( GEOMETRIC_REPRESENTATION_CONTEXT(2) 
PARAMETRIC_REPRESENTATION_CONTEXT() REPRESENTATION_CONTEXT('2D SPACE',''
  ) );
#770 = ORIENTED_EDGE('',*,*,#79,.F.);
#771 = ADVANCED_FACE('',(#772),#170,.T.);
#772 = FACE_BOUND('',#773,.T.);
#773 = EDGE_LOOP('',(#774,#775,#776,#800));
#774 = ORIENTED_EDGE('',*,*,#156,.F.);
#775 = ORIENTED_EDGE('',*,*,#750,.F.);
#776 = ORIENTED_EDGE('',*,*,#777,.T.);
#777 = EDGE_CURVE('',#726,#632,#778,.T.);
#778 = SURFACE_CURVE('',#779,(#782,#789),.PCURVE_S1.);
#779 = B_SPLINE_CURVE_WITH_KNOTS('',1,(#780,#781),.UNSPECIFIED.,.F.,.F.,
  (2,2),(-2.5,4.440892098501E-16),.PIECEWISE_BEZIER_KNOTS.);
#780 = CARTESIAN_POINT('',(-1.627192982456,-0.135,-0.769230754438));
#781 = CARTESIAN_POINT('',(-1.627192982456,-0.135,0.769230754438));
#782 = PCURVE('',#170,#783);
#783 = DEFINITIONAL_REPRESENTATION('',(#784),#788);
#784 = B_SPLINE_CURVE_WITH_KNOTS('',2,(#785,#786,#787),.UNSPECIFIED.,.F.
  ,.F.,(3,3),(-2.5,4.440892098501E-16),.PIECEWISE_BEZIER_KNOTS.);
#785 = CARTESIAN_POINT('',(-4.932590933658E-15,-2.22044604925E-16));
#786 = CARTESIAN_POINT('',(1.147589299017E-15,-1.25));
#787 = CARTESIAN_POINT('',(-4.932590933658E-15,-2.5));
#788 = ( GEOMETRIC_REPRESENTATION_CONTEXT(2) 
PARAMETRIC_REPRESENTATION_CONTEXT() REPRESENTATION_CONTEXT('2D SPACE',''
  ) );
#789 = PCURVE('',#790,#795);
#790 = B_SPLINE_SURFACE_WITH_KNOTS('',1,1,(
    (#791,#792)
    ,(#793,#794
    )),.UNSPECIFIED.,.F.,.F.,.F.,(2,2),(2,2),(1.75,2.65),(-1.25,1.25),
  .PIECEWISE_BEZIER_KNOTS.);
#791 = CARTESIAN_POINT('',(-1.074561403509,-0.135,-0.769230754438));
#792 = CARTESIAN_POINT('',(-1.074561403509,-0.135,0.769230754438));
#793 = CARTESIAN_POINT('',(-1.627192982456,-0.135,-0.769230754438));
#794 = CARTESIAN_POINT('',(-1.627192982456,-0.135,0.769230754438));
#795 = DEFINITIONAL_REPRESENTATION('',(#796),#799);
#796 = B_SPLINE_CURVE_WITH_KNOTS('',1,(#797,#798),.UNSPECIFIED.,.F.,.F.,
  (2,2),(-2.5,4.440892098501E-16),.PIECEWISE_BEZIER_KNOTS.);
#797 = CARTESIAN_POINT('',(2.65,-1.25));
#798 = CARTESIAN_POINT('',(2.65,1.25));
#799 = ( GEOMETRIC_REPRESENTATION_CONTEXT(2) 
PARAMETRIC_REPRESENTATION_CONTEXT() REPRESENTATION_CONTEXT('2D SPACE',''
  ) );
#800 = ORIENTED_EDGE('',*,*,#678,.F.);
#801 = ADVANCED_FACE('',(#802),#344,.F.);
#802 = FACE_BOUND('',#803,.F.);
#803 = EDGE_LOOP('',(#804,#805,#829,#830));
#804 = ORIENTED_EDGE('',*,*,#702,.F.);
#805 = ORIENTED_EDGE('',*,*,#806,.F.);
#806 = EDGE_CURVE('',#630,#703,#807,.T.);
#807 = SURFACE_CURVE('',#808,(#811,#818),.PCURVE_S1.);
#808 = B_SPLINE_CURVE_WITH_KNOTS('',1,(#809,#810),.UNSPECIFIED.,.F.,.F.,
  (2,2),(-4.440892098501E-16,2.5),.PIECEWISE_BEZIER_KNOTS.);
#809 = CARTESIAN_POINT('',(-1.627192982456,-5.16779259188E-16,
    0.769230754438));
#810 = CARTESIAN_POINT('',(-1.627192982456,-2.484392214978E-16,
    -0.769230754438));
#811 = PCURVE('',#344,#812);
#812 = DEFINITIONAL_REPRESENTATION('',(#813),#817);
#813 = B_SPLINE_CURVE_WITH_KNOTS('',2,(#814,#815,#816),.UNSPECIFIED.,.F.
  ,.F.,(3,3),(-4.440892098501E-16,2.5),.PIECEWISE_BEZIER_KNOTS.);
#814 = CARTESIAN_POINT('',(0.,-2.5));
#815 = CARTESIAN_POINT('',(-5.996483095819E-16,-1.25));
#816 = CARTESIAN_POINT('',(-9.865181867315E-15,-2.22044604925E-16));
#817 = ( GEOMETRIC_REPRESENTATION_CONTEXT(2) 
PARAMETRIC_REPRESENTATION_CONTEXT() REPRESENTATION_CONTEXT('2D SPACE',''
  ) );
#818 = PCURVE('',#819,#824);
#819 = B_SPLINE_SURFACE_WITH_KNOTS('',1,1,(
    (#820,#821)
    ,(#822,#823
    )),.UNSPECIFIED.,.F.,.F.,.F.,(2,2),(2,2),(1.75,2.65),(-1.25,1.25),
  .PIECEWISE_BEZIER_KNOTS.);
#820 = CARTESIAN_POINT('',(-1.074561403509,-3.067935502683E-15,
    -0.769230754438));
#821 = CARTESIAN_POINT('',(-1.074561403509,-3.336275540373E-15,
    0.769230754438));
#822 = CARTESIAN_POINT('',(-1.627192982456,-2.484392214978E-16,
    -0.769230754438));
#823 = CARTESIAN_POINT('',(-1.627192982456,-5.16779259188E-16,
    0.769230754438));
#824 = DEFINITIONAL_REPRESENTATION('',(#825),#828);
#825 = B_SPLINE_CURVE_WITH_KNOTS('',1,(#826,#827),.UNSPECIFIED.,.F.,.F.,
  (2,2),(-4.440892098501E-16,2.5),.PIECEWISE_BEZIER_KNOTS.);
#826 = CARTESIAN_POINT('',(2.65,1.25));
#827 = CARTESIAN_POINT('',(2.65,-1.25));
#828 = ( GEOMETRIC_REPRESENTATION_CONTEXT(2) 
PARAMETRIC_REPRESENTATION_CONTEXT() REPRESENTATION_CONTEXT('2D SPACE',''
  ) );
#829 = ORIENTED_EDGE('',*,*,#656,.F.);
#830 = ORIENTED_EDGE('',*,*,#330,.F.);
#831 = ADVANCED_FACE('',(#832),#739,.T.);
#832 = FACE_BOUND('',#833,.T.);
#833 = EDGE_LOOP('',(#834,#854,#855,#875));
#834 = ORIENTED_EDGE('',*,*,#835,.T.);
#835 = EDGE_CURVE('',#836,#726,#838,.T.);
#836 = VERTEX_POINT('',#837);
#837 = CARTESIAN_POINT('',(-1.074561403509,-0.135,-0.769230754438));
#838 = SURFACE_CURVE('',#839,(#842,#848),.PCURVE_S1.);
#839 = B_SPLINE_CURVE_WITH_KNOTS('',1,(#840,#841),.UNSPECIFIED.,.F.,.F.,
  (2,2),(0.,0.9),.PIECEWISE_BEZIER_KNOTS.);
#840 = CARTESIAN_POINT('',(-1.074561403509,-0.135,-0.769230754438));
#841 = CARTESIAN_POINT('',(-1.627192982456,-0.135,-0.769230754438));
#842 = PCURVE('',#739,#843);
#843 = DEFINITIONAL_REPRESENTATION('',(#844),#847);
#844 = B_SPLINE_CURVE_WITH_KNOTS('',1,(#845,#846),.UNSPECIFIED.,.F.,.F.,
  (2,2),(0.,0.9),.PIECEWISE_BEZIER_KNOTS.);
#845 = CARTESIAN_POINT('',(0.,0.));
#846 = CARTESIAN_POINT('',(0.9,3.136380044566E-15));
#847 = ( GEOMETRIC_REPRESENTATION_CONTEXT(2) 
PARAMETRIC_REPRESENTATION_CONTEXT() REPRESENTATION_CONTEXT('2D SPACE',''
  ) );
#848 = PCURVE('',#790,#849);
#849 = DEFINITIONAL_REPRESENTATION('',(#850),#853);
#850 = B_SPLINE_CURVE_WITH_KNOTS('',1,(#851,#852),.UNSPECIFIED.,.F.,.F.,
  (2,2),(0.,0.9),.PIECEWISE_BEZIER_KNOTS.);
#851 = CARTESIAN_POINT('',(1.75,-1.25));
#852 = CARTESIAN_POINT('',(2.65,-1.25));
#853 = ( GEOMETRIC_REPRESENTATION_CONTEXT(2) 
PARAMETRIC_REPRESENTATION_CONTEXT() REPRESENTATION_CONTEXT('2D SPACE',''
  ) );
#854 = ORIENTED_EDGE('',*,*,#725,.F.);
#855 = ORIENTED_EDGE('',*,*,#856,.F.);
#856 = EDGE_CURVE('',#857,#703,#859,.T.);
#857 = VERTEX_POINT('',#858);
#858 = CARTESIAN_POINT('',(-1.074561403509,-3.064725693619E-15,
    -0.769230754438));
#859 = SURFACE_CURVE('',#860,(#863,#869),.PCURVE_S1.);
#860 = B_SPLINE_CURVE_WITH_KNOTS('',1,(#861,#862),.UNSPECIFIED.,.F.,.F.,
  (2,2),(1.75,2.65),.PIECEWISE_BEZIER_KNOTS.);
#861 = CARTESIAN_POINT('',(-1.074561403509,-3.067935502683E-15,
    -0.769230754438));
#862 = CARTESIAN_POINT('',(-1.627192982456,-2.484392214978E-16,
    -0.769230754438));
#863 = PCURVE('',#739,#864);
#864 = DEFINITIONAL_REPRESENTATION('',(#865),#868);
#865 = B_SPLINE_CURVE_WITH_KNOTS('',1,(#866,#867),.UNSPECIFIED.,.F.,.F.,
  (2,2),(1.75,2.65),.PIECEWISE_BEZIER_KNOTS.);
#866 = CARTESIAN_POINT('',(-4.440892098501E-16,0.15));
#867 = CARTESIAN_POINT('',(0.9,0.15));
#868 = ( GEOMETRIC_REPRESENTATION_CONTEXT(2) 
PARAMETRIC_REPRESENTATION_CONTEXT() REPRESENTATION_CONTEXT('2D SPACE',''
  ) );
#869 = PCURVE('',#819,#870);
#870 = DEFINITIONAL_REPRESENTATION('',(#871),#874);
#871 = B_SPLINE_CURVE_WITH_KNOTS('',1,(#872,#873),.UNSPECIFIED.,.F.,.F.,
  (2,2),(1.75,2.65),.PIECEWISE_BEZIER_KNOTS.);
#872 = CARTESIAN_POINT('',(1.75,-1.25));
#873 = CARTESIAN_POINT('',(2.65,-1.25));
#874 = ( GEOMETRIC_REPRESENTATION_CONTEXT(2) 
PARAMETRIC_REPRESENTATION_CONTEXT() REPRESENTATION_CONTEXT('2D SPACE',''
  ) );
#875 = ORIENTED_EDGE('',*,*,#876,.F.);
#876 = EDGE_CURVE('',#836,#857,#877,.T.);
#877 = SURFACE_CURVE('',#878,(#881,#887),.PCURVE_S1.);
#878 = B_SPLINE_CURVE_WITH_KNOTS('',1,(#879,#880),.UNSPECIFIED.,.F.,.F.,
  (2,2),(2.775557561563E-17,0.15),.PIECEWISE_BEZIER_KNOTS.);
#879 = CARTESIAN_POINT('',(-1.074561403509,-0.135,-0.769230754438));
#880 = CARTESIAN_POINT('',(-1.074561403509,-3.07254222065E-15,
    -0.769230754438));
#881 = PCURVE('',#739,#882);
#882 = DEFINITIONAL_REPRESENTATION('',(#883),#886);
#883 = B_SPLINE_CURVE_WITH_KNOTS('',1,(#884,#885),.UNSPECIFIED.,.F.,.F.,
  (2,2),(2.775557561563E-17,0.15),.PIECEWISE_BEZIER_KNOTS.);
#884 = CARTESIAN_POINT('',(0.,0.));
#885 = CARTESIAN_POINT('',(-4.440892098501E-16,0.15));
#886 = ( GEOMETRIC_REPRESENTATION_CONTEXT(2) 
PARAMETRIC_REPRESENTATION_CONTEXT() REPRESENTATION_CONTEXT('2D SPACE',''
  ) );
#887 = PCURVE('',#888,#893);
#888 = B_SPLINE_SURFACE_WITH_KNOTS('',1,1,(
    (#889,#890)
    ,(#891,#892)),.UNSPECIFIED.,.F.,.F.,.F.,(2,2),(2,2),(0.,0.15),(-2.5,
    1.788933584601E-17),.PIECEWISE_BEZIER_KNOTS.);
#889 = CARTESIAN_POINT('',(-1.074561403509,-0.135,-0.769230754438));
#890 = CARTESIAN_POINT('',(-1.074561403509,-0.135,0.769230754438));
#891 = CARTESIAN_POINT('',(-1.074561403509,-3.07254222065E-15,
    -0.769230754438));
#892 = CARTESIAN_POINT('',(-1.074561403509,-3.07254222065E-15,
    0.769230754438));
#893 = DEFINITIONAL_REPRESENTATION('',(#894),#897);
#894 = B_SPLINE_CURVE_WITH_KNOTS('',1,(#895,#896),.UNSPECIFIED.,.F.,.F.,
  (2,2),(2.775557561563E-17,0.15),.PIECEWISE_BEZIER_KNOTS.);
#895 = CARTESIAN_POINT('',(3.053113317719E-16,-2.5));
#896 = CARTESIAN_POINT('',(0.15,-2.5));
#897 = ( GEOMETRIC_REPRESENTATION_CONTEXT(2) 
PARAMETRIC_REPRESENTATION_CONTEXT() REPRESENTATION_CONTEXT('2D SPACE',''
  ) );
#898 = ADVANCED_FACE('',(#899),#645,.T.);
#899 = FACE_BOUND('',#900,.T.);
#900 = EDGE_LOOP('',(#901,#921,#922,#942));
#901 = ORIENTED_EDGE('',*,*,#902,.F.);
#902 = EDGE_CURVE('',#630,#903,#905,.T.);
#903 = VERTEX_POINT('',#904);
#904 = CARTESIAN_POINT('',(-1.074561403509,-3.333065731309E-15,
    0.769230754438));
#905 = SURFACE_CURVE('',#906,(#909,#915),.PCURVE_S1.);
#906 = B_SPLINE_CURVE_WITH_KNOTS('',1,(#907,#908),.UNSPECIFIED.,.F.,.F.,
  (2,2),(-2.65,-1.75),.PIECEWISE_BEZIER_KNOTS.);
#907 = CARTESIAN_POINT('',(-1.627192982456,-5.16779259188E-16,
    0.769230754438));
#908 = CARTESIAN_POINT('',(-1.074561403509,-3.336275540373E-15,
    0.769230754438));
#909 = PCURVE('',#645,#910);
#910 = DEFINITIONAL_REPRESENTATION('',(#911),#914);
#911 = B_SPLINE_CURVE_WITH_KNOTS('',1,(#912,#913),.UNSPECIFIED.,.F.,.F.,
  (2,2),(-2.65,-1.75),.PIECEWISE_BEZIER_KNOTS.);
#912 = CARTESIAN_POINT('',(5.E-02,0.15));
#913 = CARTESIAN_POINT('',(0.95,0.15));
#914 = ( GEOMETRIC_REPRESENTATION_CONTEXT(2) 
PARAMETRIC_REPRESENTATION_CONTEXT() REPRESENTATION_CONTEXT('2D SPACE',''
  ) );
#915 = PCURVE('',#819,#916);
#916 = DEFINITIONAL_REPRESENTATION('',(#917),#920);
#917 = B_SPLINE_CURVE_WITH_KNOTS('',1,(#918,#919),.UNSPECIFIED.,.F.,.F.,
  (2,2),(-2.65,-1.75),.PIECEWISE_BEZIER_KNOTS.);
#918 = CARTESIAN_POINT('',(2.65,1.25));
#919 = CARTESIAN_POINT('',(1.75,1.25));
#920 = ( GEOMETRIC_REPRESENTATION_CONTEXT(2) 
PARAMETRIC_REPRESENTATION_CONTEXT() REPRESENTATION_CONTEXT('2D SPACE',''
  ) );
#921 = ORIENTED_EDGE('',*,*,#629,.T.);
#922 = ORIENTED_EDGE('',*,*,#923,.T.);
#923 = EDGE_CURVE('',#632,#924,#926,.T.);
#924 = VERTEX_POINT('',#925);
#925 = CARTESIAN_POINT('',(-1.074561403509,-0.135,0.769230754438));
#926 = SURFACE_CURVE('',#927,(#930,#936),.PCURVE_S1.);
#927 = B_SPLINE_CURVE_WITH_KNOTS('',1,(#928,#929),.UNSPECIFIED.,.F.,.F.,
  (2,2),(5.E-02,0.95),.PIECEWISE_BEZIER_KNOTS.);
#928 = CARTESIAN_POINT('',(-1.627192982456,-0.135,0.769230754438));
#929 = CARTESIAN_POINT('',(-1.074561403509,-0.135,0.769230754438));
#930 = PCURVE('',#645,#931);
#931 = DEFINITIONAL_REPRESENTATION('',(#932),#935);
#932 = B_SPLINE_CURVE_WITH_KNOTS('',1,(#933,#934),.UNSPECIFIED.,.F.,.F.,
  (2,2),(5.E-02,0.95),.PIECEWISE_BEZIER_KNOTS.);
#933 = CARTESIAN_POINT('',(5.E-02,-1.942890293094E-16));
#934 = CARTESIAN_POINT('',(0.95,-3.330669073875E-15));
#935 = ( GEOMETRIC_REPRESENTATION_CONTEXT(2) 
PARAMETRIC_REPRESENTATION_CONTEXT() REPRESENTATION_CONTEXT('2D SPACE',''
  ) );
#936 = PCURVE('',#790,#937);
#937 = DEFINITIONAL_REPRESENTATION('',(#938),#941);
#938 = B_SPLINE_CURVE_WITH_KNOTS('',1,(#939,#940),.UNSPECIFIED.,.F.,.F.,
  (2,2),(5.E-02,0.95),.PIECEWISE_BEZIER_KNOTS.);
#939 = CARTESIAN_POINT('',(2.65,1.25));
#940 = CARTESIAN_POINT('',(1.75,1.25));
#941 = ( GEOMETRIC_REPRESENTATION_CONTEXT(2) 
PARAMETRIC_REPRESENTATION_CONTEXT() REPRESENTATION_CONTEXT('2D SPACE',''
  ) );
#942 = ORIENTED_EDGE('',*,*,#943,.T.);
#943 = EDGE_CURVE('',#924,#903,#944,.T.);
#944 = SURFACE_CURVE('',#945,(#948,#954),.PCURVE_S1.);
#945 = B_SPLINE_CURVE_WITH_KNOTS('',1,(#946,#947),.UNSPECIFIED.,.F.,.F.,
  (2,2),(-2.775557561563E-17,0.15),.PIECEWISE_BEZIER_KNOTS.);
#946 = CARTESIAN_POINT('',(-1.074561403509,-0.135,0.769230754438));
#947 = CARTESIAN_POINT('',(-1.074561403509,-3.322342401191E-15,
    0.769230754438));
#948 = PCURVE('',#645,#949);
#949 = DEFINITIONAL_REPRESENTATION('',(#950),#953);
#950 = B_SPLINE_CURVE_WITH_KNOTS('',1,(#951,#952),.UNSPECIFIED.,.F.,.F.,
  (2,2),(-2.775557561563E-17,0.15),.PIECEWISE_BEZIER_KNOTS.);
#951 = CARTESIAN_POINT('',(0.95,-3.358424649491E-15));
#952 = CARTESIAN_POINT('',(0.95,0.15));
#953 = ( GEOMETRIC_REPRESENTATION_CONTEXT(2) 
PARAMETRIC_REPRESENTATION_CONTEXT() REPRESENTATION_CONTEXT('2D SPACE',''
  ) );
#954 = PCURVE('',#888,#955);
#955 = DEFINITIONAL_REPRESENTATION('',(#956),#959);
#956 = B_SPLINE_CURVE_WITH_KNOTS('',1,(#957,#958),.UNSPECIFIED.,.F.,.F.,
  (2,2),(-2.775557561563E-17,0.15),.PIECEWISE_BEZIER_KNOTS.);
#957 = CARTESIAN_POINT('',(0.,0.));
#958 = CARTESIAN_POINT('',(0.15,0.));
#959 = ( GEOMETRIC_REPRESENTATION_CONTEXT(2) 
PARAMETRIC_REPRESENTATION_CONTEXT() REPRESENTATION_CONTEXT('2D SPACE',''
  ) );
#960 = ADVANCED_FACE('',(#961),#790,.F.);
#961 = FACE_BOUND('',#962,.T.);
#962 = EDGE_LOOP('',(#963,#964,#965,#983));
#963 = ORIENTED_EDGE('',*,*,#777,.F.);
#964 = ORIENTED_EDGE('',*,*,#835,.F.);
#965 = ORIENTED_EDGE('',*,*,#966,.F.);
#966 = EDGE_CURVE('',#924,#836,#967,.T.);
#967 = SURFACE_CURVE('',#968,(#971,#977),.PCURVE_S1.);
#968 = B_SPLINE_CURVE_WITH_KNOTS('',1,(#969,#970),.UNSPECIFIED.,.F.,.F.,
  (2,2),(0.,2.5),.PIECEWISE_BEZIER_KNOTS.);
#969 = CARTESIAN_POINT('',(-1.074561403509,-0.135,0.769230754438));
#970 = CARTESIAN_POINT('',(-1.074561403509,-0.135,-0.769230754438));
#971 = PCURVE('',#790,#972);
#972 = DEFINITIONAL_REPRESENTATION('',(#973),#976);
#973 = B_SPLINE_CURVE_WITH_KNOTS('',1,(#974,#975),.UNSPECIFIED.,.F.,.F.,
  (2,2),(0.,2.5),.PIECEWISE_BEZIER_KNOTS.);
#974 = CARTESIAN_POINT('',(1.75,1.25));
#975 = CARTESIAN_POINT('',(1.75,-1.25));
#976 = ( GEOMETRIC_REPRESENTATION_CONTEXT(2) 
PARAMETRIC_REPRESENTATION_CONTEXT() REPRESENTATION_CONTEXT('2D SPACE',''
  ) );
#977 = PCURVE('',#888,#978);
#978 = DEFINITIONAL_REPRESENTATION('',(#979),#982);
#979 = B_SPLINE_CURVE_WITH_KNOTS('',1,(#980,#981),.UNSPECIFIED.,.F.,.F.,
  (2,2),(0.,2.5),.PIECEWISE_BEZIER_KNOTS.);
#980 = CARTESIAN_POINT('',(0.,0.));
#981 = CARTESIAN_POINT('',(3.053113317719E-16,-2.5));
#982 = ( GEOMETRIC_REPRESENTATION_CONTEXT(2) 
PARAMETRIC_REPRESENTATION_CONTEXT() REPRESENTATION_CONTEXT('2D SPACE',''
  ) );
#983 = ORIENTED_EDGE('',*,*,#923,.F.);
#984 = ADVANCED_FACE('',(#985),#819,.T.);
#985 = FACE_BOUND('',#986,.T.);
#986 = EDGE_LOOP('',(#987,#988,#989,#990));
#987 = ORIENTED_EDGE('',*,*,#856,.T.);
#988 = ORIENTED_EDGE('',*,*,#806,.F.);
#989 = ORIENTED_EDGE('',*,*,#902,.T.);
#990 = ORIENTED_EDGE('',*,*,#991,.T.);
#991 = EDGE_CURVE('',#903,#857,#992,.T.);
#992 = SURFACE_CURVE('',#993,(#996,#1002),.PCURVE_S1.);
#993 = B_SPLINE_CURVE_WITH_KNOTS('',1,(#994,#995),.UNSPECIFIED.,.F.,.F.,
  (2,2),(-1.25,1.25),.PIECEWISE_BEZIER_KNOTS.);
#994 = CARTESIAN_POINT('',(-1.074561403509,-3.336275540373E-15,
    0.769230754438));
#995 = CARTESIAN_POINT('',(-1.074561403509,-3.067935502683E-15,
    -0.769230754438));
#996 = PCURVE('',#819,#997);
#997 = DEFINITIONAL_REPRESENTATION('',(#998),#1001);
#998 = B_SPLINE_CURVE_WITH_KNOTS('',1,(#999,#1000),.UNSPECIFIED.,.F.,.F.
  ,(2,2),(-1.25,1.25),.PIECEWISE_BEZIER_KNOTS.);
#999 = CARTESIAN_POINT('',(1.75,1.25));
#1000 = CARTESIAN_POINT('',(1.75,-1.25));
#1001 = ( GEOMETRIC_REPRESENTATION_CONTEXT(2) 
PARAMETRIC_REPRESENTATION_CONTEXT() REPRESENTATION_CONTEXT('2D SPACE',''
  ) );
#1002 = PCURVE('',#888,#1003);
#1003 = DEFINITIONAL_REPRESENTATION('',(#1004),#1007);
#1004 = B_SPLINE_CURVE_WITH_KNOTS('',1,(#1005,#1006),.UNSPECIFIED.,.F.,
  .F.,(2,2),(-1.25,1.25),.PIECEWISE_BEZIER_KNOTS.);
#1005 = CARTESIAN_POINT('',(0.15,0.));
#1006 = CARTESIAN_POINT('',(0.15,-2.5));
#1007 = ( GEOMETRIC_REPRESENTATION_CONTEXT(2) 
PARAMETRIC_REPRESENTATION_CONTEXT() REPRESENTATION_CONTEXT('2D SPACE',''
  ) );
#1008 = ADVANCED_FACE('',(#1009),#888,.T.);
#1009 = FACE_BOUND('',#1010,.T.);
#1010 = EDGE_LOOP('',(#1011,#1012,#1013,#1014));
#1011 = ORIENTED_EDGE('',*,*,#991,.F.);
#1012 = ORIENTED_EDGE('',*,*,#943,.F.);
#1013 = ORIENTED_EDGE('',*,*,#966,.T.);
#1014 = ORIENTED_EDGE('',*,*,#876,.T.);
#1015 = ( GEOMETRIC_REPRESENTATION_CONTEXT(3) 
GLOBAL_UNCERTAINTY_ASSIGNED_CONTEXT((#1019)) 
GLOBAL_UNIT_ASSIGNED_CONTEXT((#1016,#1017,#1018)) REPRESENTATION_CONTEXT
('Context #1','3D Context with UNIT and UNCERTAINTY') );
#1016 = ( LENGTH_UNIT() NAMED_UNIT(*) SI_UNIT(.MILLI.,.METRE.) );
#1017 = ( NAMED_UNIT(*) PLANE_ANGLE_UNIT() SI_UNIT($,.RADIAN.) );
#1018 = ( NAMED_UNIT(*) SI_UNIT($,.STERADIAN.) SOLID_ANGLE_UNIT() );
#1019 = UNCERTAINTY_MEASURE_WITH_UNIT(LENGTH_MEASURE(1.E-07),#1016,
  'distance_accuracy_value','confusion accuracy');
#1020 = CONTEXT_DEPENDENT_SHAPE_REPRESENTATION(#1021,#1023);
#1021 = ( REPRESENTATION_RELATIONSHIP('','',#40,#10) 
REPRESENTATION_RELATIONSHIP_WITH_TRANSFORMATION(#1022) 
SHAPE_REPRESENTATION_RELATIONSHIP() );
#1022 = ITEM_DEFINED_TRANSFORMATION('','',#11,#15);
#1023 = PRODUCT_DEFINITION_SHAPE('Placement','Placement of an item',
  #1024);
#1024 = NEXT_ASSEMBLY_USAGE_OCCURRENCE('1','','',#5,#35,$);
#1025 = PRODUCT_RELATED_PRODUCT_CATEGORY('part',$,(#37));
#1026 = SHAPE_DEFINITION_REPRESENTATION(#1027,#1033);
#1027 = PRODUCT_DEFINITION_SHAPE('','',#1028);
#1028 = PRODUCT_DEFINITION('design','',#1029,#1032);
#1029 = PRODUCT_DEFINITION_FORMATION('','',#1030);
#1030 = PRODUCT('Open CASCADE STEP translator 7.8 1.2',
  'Open CASCADE STEP translator 7.8 1.2','',(#1031));
#1031 = PRODUCT_CONTEXT('',#2,'mechanical');
#1032 = PRODUCT_DEFINITION_CONTEXT('part definition',#2,'design');
#1033 = ADVANCED_BREP_SHAPE_REPRESENTATION('',(#11,#1034),#2008);
#1034 = MANIFOLD_SOLID_BREP('',#1035);
#1035 = CLOSED_SHELL('',(#1036,#1144,#1319,#1469,#1515,#1539,#1563,#1587
    ,#1611,#1618,#1691,#1764,#1794,#1824,#1891,#1953,#1977,#2001));
#1036 = ADVANCED_FACE('',(#1037),#1050,.T.);
#1037 = FACE_BOUND('',#1038,.T.);
#1038 = EDGE_LOOP('',(#1039,#1071,#1096,#1121));
#1039 = ORIENTED_EDGE('',*,*,#1040,.T.);
#1040 = EDGE_CURVE('',#1041,#1043,#1045,.T.);
#1041 = VERTEX_POINT('',#1042);
#1042 = CARTESIAN_POINT('',(1.657894736842,4.5E-02,-0.769230754438));
#1043 = VERTEX_POINT('',#1044);
#1044 = CARTESIAN_POINT('',(1.657894736842,0.907730300946,
    -0.769230754438));
#1045 = SURFACE_CURVE('',#1046,(#1049,#1060),.PCURVE_S1.);
#1046 = B_SPLINE_CURVE_WITH_KNOTS('',1,(#1047,#1048),.UNSPECIFIED.,.F.,
  .F.,(2,2),(0.2,1.158589223273),.PIECEWISE_BEZIER_KNOTS.);
#1047 = CARTESIAN_POINT('',(1.657894736842,4.5E-02,-0.769230754438));
#1048 = CARTESIAN_POINT('',(1.657894736842,0.907730300946,
    -0.769230754438));
#1049 = PCURVE('',#1050,#1055);
#1050 = B_SPLINE_SURFACE_WITH_KNOTS('',1,1,(
    (#1051,#1052)
    ,(#1053,#1054
    )),.UNSPECIFIED.,.F.,.F.,.F.,(2,2),(2,2),(-0.15,0.),(-1.158589223273
    ,-0.2),.PIECEWISE_BEZIER_KNOTS.);
#1051 = CARTESIAN_POINT('',(1.657894736842,0.907730300946,
    -0.769230754438));
#1052 = CARTESIAN_POINT('',(1.657894736842,4.5E-02,-0.769230754438));
#1053 = CARTESIAN_POINT('',(1.75,0.907730300946,-0.769230754438));
#1054 = CARTESIAN_POINT('',(1.75,4.5E-02,-0.769230754438));
#1055 = DEFINITIONAL_REPRESENTATION('',(#1056),#1059);
#1056 = B_SPLINE_CURVE_WITH_KNOTS('',1,(#1057,#1058),.UNSPECIFIED.,.F.,
  .F.,(2,2),(0.2,1.158589223273),.PIECEWISE_BEZIER_KNOTS.);
#1057 = CARTESIAN_POINT('',(-0.15,-0.2));
#1058 = CARTESIAN_POINT('',(-0.15,-1.158589223273));
#1059 = ( GEOMETRIC_REPRESENTATION_CONTEXT(2) 
PARAMETRIC_REPRESENTATION_CONTEXT() REPRESENTATION_CONTEXT('2D SPACE',''
  ) );
#1060 = PCURVE('',#1061,#1066);
#1061 = B_SPLINE_SURFACE_WITH_KNOTS('',1,1,(
    (#1062,#1063)
    ,(#1064,#1065
    )),.UNSPECIFIED.,.F.,.F.,.F.,(2,2),(2,2),(-1.25,1.25),(
    -1.008589223273,-5.E-02),.PIECEWISE_BEZIER_KNOTS.);
#1062 = CARTESIAN_POINT('',(1.657894736842,0.907730300946,
    -0.769230754438));
#1063 = CARTESIAN_POINT('',(1.657894736842,4.5E-02,-0.769230754438));
#1064 = CARTESIAN_POINT('',(1.657894736842,0.907730300946,0.769230754438
    ));
#1065 = CARTESIAN_POINT('',(1.657894736842,4.5E-02,0.769230754438));
#1066 = DEFINITIONAL_REPRESENTATION('',(#1067),#1070);
#1067 = B_SPLINE_CURVE_WITH_KNOTS('',1,(#1068,#1069),.UNSPECIFIED.,.F.,
  .F.,(2,2),(0.2,1.158589223273),.PIECEWISE_BEZIER_KNOTS.);
#1068 = CARTESIAN_POINT('',(-1.25,-5.E-02));
#1069 = CARTESIAN_POINT('',(-1.25,-1.008589223273));
#1070 = ( GEOMETRIC_REPRESENTATION_CONTEXT(2) 
PARAMETRIC_REPRESENTATION_CONTEXT() REPRESENTATION_CONTEXT('2D SPACE',''
  ) );
#1071 = ORIENTED_EDGE('',*,*,#1072,.F.);
#1072 = EDGE_CURVE('',#1073,#1043,#1075,.T.);
#1073 = VERTEX_POINT('',#1074);
#1074 = CARTESIAN_POINT('',(1.75,0.907730300946,-0.769230754438));
#1075 = SURFACE_CURVE('',#1076,(#1079,#1085),.PCURVE_S1.);
#1076 = B_SPLINE_CURVE_WITH_KNOTS('',1,(#1077,#1078),.UNSPECIFIED.,.F.,
  .F.,(2,2),(0.,0.15),.PIECEWISE_BEZIER_KNOTS.);
#1077 = CARTESIAN_POINT('',(1.75,0.907730300946,-0.769230754438));
#1078 = CARTESIAN_POINT('',(1.657894736842,0.907730300946,
    -0.769230754438));
#1079 = PCURVE('',#1050,#1080);
#1080 = DEFINITIONAL_REPRESENTATION('',(#1081),#1084);
#1081 = B_SPLINE_CURVE_WITH_KNOTS('',1,(#1082,#1083),.UNSPECIFIED.,.F.,
  .F.,(2,2),(0.,0.15),.PIECEWISE_BEZIER_KNOTS.);
#1082 = CARTESIAN_POINT('',(0.,-1.158589223273));
#1083 = CARTESIAN_POINT('',(-0.15,-1.158589223273));
#1084 = ( GEOMETRIC_REPRESENTATION_CONTEXT(2) 
PARAMETRIC_REPRESENTATION_CONTEXT() REPRESENTATION_CONTEXT('2D SPACE',''
  ) );
#1085 = PCURVE('',#1086,#1091);
#1086 = B_SPLINE_SURFACE_WITH_KNOTS('',1,1,(
    (#1087,#1088)
    ,(#1089,#1090
    )),.UNSPECIFIED.,.F.,.F.,.F.,(2,2),(2,2),(0.,0.708793766664),(-0.15,
    0.),.PIECEWISE_BEZIER_KNOTS.);
#1087 = CARTESIAN_POINT('',(1.657894736842,0.907730300946,
    -0.769230754438));
#1088 = CARTESIAN_POINT('',(1.75,0.907730300946,-0.769230754438));
#1089 = CARTESIAN_POINT('',(1.657894736842,0.907730300946,-0.33304998334
    ));
#1090 = CARTESIAN_POINT('',(1.75,0.907730300946,-0.33304998334));
#1091 = DEFINITIONAL_REPRESENTATION('',(#1092),#1095);
#1092 = B_SPLINE_CURVE_WITH_KNOTS('',1,(#1093,#1094),.UNSPECIFIED.,.F.,
  .F.,(2,2),(0.,0.15),.PIECEWISE_BEZIER_KNOTS.);
#1093 = CARTESIAN_POINT('',(0.,0.));
#1094 = CARTESIAN_POINT('',(0.,-0.15));
#1095 = ( GEOMETRIC_REPRESENTATION_CONTEXT(2) 
PARAMETRIC_REPRESENTATION_CONTEXT() REPRESENTATION_CONTEXT('2D SPACE',''
  ) );
#1096 = ORIENTED_EDGE('',*,*,#1097,.F.);
#1097 = EDGE_CURVE('',#1098,#1073,#1100,.T.);
#1098 = VERTEX_POINT('',#1099);
#1099 = CARTESIAN_POINT('',(1.75,4.5E-02,-0.769230754438));
#1100 = SURFACE_CURVE('',#1101,(#1104,#1110),.PCURVE_S1.);
#1101 = B_SPLINE_CURVE_WITH_KNOTS('',1,(#1102,#1103),.UNSPECIFIED.,.F.,
  .F.,(2,2),(0.2,1.158589223273),.PIECEWISE_BEZIER_KNOTS.);
#1102 = CARTESIAN_POINT('',(1.75,4.5E-02,-0.769230754438));
#1103 = CARTESIAN_POINT('',(1.75,0.907730300946,-0.769230754438));
#1104 = PCURVE('',#1050,#1105);
#1105 = DEFINITIONAL_REPRESENTATION('',(#1106),#1109);
#1106 = B_SPLINE_CURVE_WITH_KNOTS('',1,(#1107,#1108),.UNSPECIFIED.,.F.,
  .F.,(2,2),(0.2,1.158589223273),.PIECEWISE_BEZIER_KNOTS.);
#1107 = CARTESIAN_POINT('',(0.,-0.2));
#1108 = CARTESIAN_POINT('',(0.,-1.158589223273));
#1109 = ( GEOMETRIC_REPRESENTATION_CONTEXT(2) 
PARAMETRIC_REPRESENTATION_CONTEXT() REPRESENTATION_CONTEXT('2D SPACE',''
  ) );
#1110 = PCURVE('',#1111,#1116);
#1111 = B_SPLINE_SURFACE_WITH_KNOTS('',1,1,(
    (#1112,#1113)
    ,(#1114,#1115
    )),.UNSPECIFIED.,.F.,.F.,.F.,(2,2),(2,2),(-1.25,1.25),(
    -1.008589223273,-5.E-02),.PIECEWISE_BEZIER_KNOTS.);
#1112 = CARTESIAN_POINT('',(1.75,0.907730300946,-0.769230754438));
#1113 = CARTESIAN_POINT('',(1.75,4.5E-02,-0.769230754438));
#1114 = CARTESIAN_POINT('',(1.75,0.907730300946,0.769230754438));
#1115 = CARTESIAN_POINT('',(1.75,4.5E-02,0.769230754438));
#1116 = DEFINITIONAL_REPRESENTATION('',(#1117),#1120);
#1117 = B_SPLINE_CURVE_WITH_KNOTS('',1,(#1118,#1119),.UNSPECIFIED.,.F.,
  .F.,(2,2),(0.2,1.158589223273),.PIECEWISE_BEZIER_KNOTS.);
#1118 = CARTESIAN_POINT('',(-1.25,-5.E-02));
#1119 = CARTESIAN_POINT('',(-1.25,-1.008589223273));
#1120 = ( GEOMETRIC_REPRESENTATION_CONTEXT(2) 
PARAMETRIC_REPRESENTATION_CONTEXT() REPRESENTATION_CONTEXT('2D SPACE',''
  ) );
#1121 = ORIENTED_EDGE('',*,*,#1122,.F.);
#1122 = EDGE_CURVE('',#1041,#1098,#1123,.T.);
#1123 = SURFACE_CURVE('',#1124,(#1127,#1133),.PCURVE_S1.);
#1124 = B_SPLINE_CURVE_WITH_KNOTS('',1,(#1125,#1126),.UNSPECIFIED.,.F.,
  .F.,(2,2),(0.,0.15),.PIECEWISE_BEZIER_KNOTS.);
#1125 = CARTESIAN_POINT('',(1.657894736842,4.5E-02,-0.769230754438));
#1126 = CARTESIAN_POINT('',(1.75,4.5E-02,-0.769230754438));
#1127 = PCURVE('',#1050,#1128);
#1128 = DEFINITIONAL_REPRESENTATION('',(#1129),#1132);
#1129 = B_SPLINE_CURVE_WITH_KNOTS('',1,(#1130,#1131),.UNSPECIFIED.,.F.,
  .F.,(2,2),(0.,0.15),.PIECEWISE_BEZIER_KNOTS.);
#1130 = CARTESIAN_POINT('',(-0.15,-0.2));
#1131 = CARTESIAN_POINT('',(-4.440892098501E-16,-0.2));
#1132 = ( GEOMETRIC_REPRESENTATION_CONTEXT(2) 
PARAMETRIC_REPRESENTATION_CONTEXT() REPRESENTATION_CONTEXT('2D SPACE',''
  ) );
#1133 = PCURVE('',#1134,#1139);
#1134 = B_SPLINE_SURFACE_WITH_KNOTS('',1,1,(
    (#1135,#1136)
    ,(#1137,#1138
    )),.UNSPECIFIED.,.F.,.F.,.F.,(2,2),(2,2),(9.800269296362E-17,0.2),(
    -2.449293598295E-17,0.2),.PIECEWISE_BEZIER_KNOTS.);
#1135 = CARTESIAN_POINT('',(1.627192982456,4.5E-02,-0.769230754438));
#1136 = CARTESIAN_POINT('',(1.75,4.5E-02,-0.769230754438));
#1137 = CARTESIAN_POINT('',(1.627192982456,-0.135,-0.769230754438));
#1138 = CARTESIAN_POINT('',(1.75,-0.135,-0.769230754438));
#1139 = DEFINITIONAL_REPRESENTATION('',(#1140),#1143);
#1140 = B_SPLINE_CURVE_WITH_KNOTS('',1,(#1141,#1142),.UNSPECIFIED.,.F.,
  .F.,(2,2),(0.,0.15),.PIECEWISE_BEZIER_KNOTS.);
#1141 = CARTESIAN_POINT('',(1.110223024625E-16,5.E-02));
#1142 = CARTESIAN_POINT('',(4.371503159462E-16,0.2));
#1143 = ( GEOMETRIC_REPRESENTATION_CONTEXT(2) 
PARAMETRIC_REPRESENTATION_CONTEXT() REPRESENTATION_CONTEXT('2D SPACE',''
  ) );
#1144 = ADVANCED_FACE('',(#1145),#1111,.T.);
#1145 = FACE_BOUND('',#1146,.T.);
#1146 = EDGE_LOOP('',(#1147,#1148,#1168,#1193,#1218,#1243,#1268,#1293));
#1147 = ORIENTED_EDGE('',*,*,#1097,.T.);
#1148 = ORIENTED_EDGE('',*,*,#1149,.T.);
#1149 = EDGE_CURVE('',#1073,#1150,#1152,.T.);
#1150 = VERTEX_POINT('',#1151);
#1151 = CARTESIAN_POINT('',(1.75,0.907730300946,-0.33304998334));
#1152 = SURFACE_CURVE('',#1153,(#1156,#1162),.PCURVE_S1.);
#1153 = B_SPLINE_CURVE_WITH_KNOTS('',1,(#1154,#1155),.UNSPECIFIED.,.F.,
  .F.,(2,2),(0.,0.708793766664),.PIECEWISE_BEZIER_KNOTS.);
#1154 = CARTESIAN_POINT('',(1.75,0.907730300946,-0.769230754438));
#1155 = CARTESIAN_POINT('',(1.75,0.907730300946,-0.33304998334));
#1156 = PCURVE('',#1111,#1157);
#1157 = DEFINITIONAL_REPRESENTATION('',(#1158),#1161);
#1158 = B_SPLINE_CURVE_WITH_KNOTS('',1,(#1159,#1160),.UNSPECIFIED.,.F.,
  .F.,(2,2),(0.,0.708793766664),.PIECEWISE_BEZIER_KNOTS.);
#1159 = CARTESIAN_POINT('',(-1.25,-1.008589223273));
#1160 = CARTESIAN_POINT('',(-0.541206233336,-1.008589223273));
#1161 = ( GEOMETRIC_REPRESENTATION_CONTEXT(2) 
PARAMETRIC_REPRESENTATION_CONTEXT() REPRESENTATION_CONTEXT('2D SPACE',''
  ) );
#1162 = PCURVE('',#1086,#1163);
#1163 = DEFINITIONAL_REPRESENTATION('',(#1164),#1167);
#1164 = B_SPLINE_CURVE_WITH_KNOTS('',1,(#1165,#1166),.UNSPECIFIED.,.F.,
  .F.,(2,2),(0.,0.708793766664),.PIECEWISE_BEZIER_KNOTS.);
#1165 = CARTESIAN_POINT('',(0.,0.));
#1166 = CARTESIAN_POINT('',(0.708793766664,0.));
#1167 = ( GEOMETRIC_REPRESENTATION_CONTEXT(2) 
PARAMETRIC_REPRESENTATION_CONTEXT() REPRESENTATION_CONTEXT('2D SPACE',''
  ) );
#1168 = ORIENTED_EDGE('',*,*,#1169,.T.);
#1169 = EDGE_CURVE('',#1150,#1170,#1172,.T.);
#1170 = VERTEX_POINT('',#1171);
#1171 = CARTESIAN_POINT('',(1.75,0.6668729181,-0.33304998334));
#1172 = SURFACE_CURVE('',#1173,(#1176,#1182),.PCURVE_S1.);
#1173 = B_SPLINE_CURVE_WITH_KNOTS('',1,(#1174,#1175),.UNSPECIFIED.,.F.,
  .F.,(2,2),(0.,0.267619314273),.PIECEWISE_BEZIER_KNOTS.);
#1174 = CARTESIAN_POINT('',(1.75,0.907730300946,-0.33304998334));
#1175 = CARTESIAN_POINT('',(1.75,0.6668729181,-0.33304998334));
#1176 = PCURVE('',#1111,#1177);
#1177 = DEFINITIONAL_REPRESENTATION('',(#1178),#1181);
#1178 = B_SPLINE_CURVE_WITH_KNOTS('',1,(#1179,#1180),.UNSPECIFIED.,.F.,
  .F.,(2,2),(0.,0.267619314273),.PIECEWISE_BEZIER_KNOTS.);
#1179 = CARTESIAN_POINT('',(-0.541206233336,-1.008589223273));
#1180 = CARTESIAN_POINT('',(-0.541206233336,-0.740969909));
#1181 = ( GEOMETRIC_REPRESENTATION_CONTEXT(2) 
PARAMETRIC_REPRESENTATION_CONTEXT() REPRESENTATION_CONTEXT('2D SPACE',''
  ) );
#1182 = PCURVE('',#1183,#1188);
#1183 = B_SPLINE_SURFACE_WITH_KNOTS('',1,1,(
    (#1184,#1185)
    ,(#1186,#1187
    )),.UNSPECIFIED.,.F.,.F.,.F.,(2,2),(2,2),(0.,0.15),(0.,
    0.267619314273),.PIECEWISE_BEZIER_KNOTS.);
#1184 = CARTESIAN_POINT('',(1.75,0.907730300946,-0.33304998334));
#1185 = CARTESIAN_POINT('',(1.75,0.6668729181,-0.33304998334));
#1186 = CARTESIAN_POINT('',(1.657894736842,0.907730300946,-0.33304998334
    ));
#1187 = CARTESIAN_POINT('',(1.657894736842,0.6668729181,-0.33304998334)
  );
#1188 = DEFINITIONAL_REPRESENTATION('',(#1189),#1192);
#1189 = B_SPLINE_CURVE_WITH_KNOTS('',1,(#1190,#1191),.UNSPECIFIED.,.F.,
  .F.,(2,2),(0.,0.267619314273),.PIECEWISE_BEZIER_KNOTS.);
#1190 = CARTESIAN_POINT('',(0.,0.));
#1191 = CARTESIAN_POINT('',(0.,0.267619314273));
#1192 = ( GEOMETRIC_REPRESENTATION_CONTEXT(2) 
PARAMETRIC_REPRESENTATION_CONTEXT() REPRESENTATION_CONTEXT('2D SPACE',''
  ) );
#1193 = ORIENTED_EDGE('',*,*,#1194,.T.);
#1194 = EDGE_CURVE('',#1170,#1195,#1197,.T.);
#1195 = VERTEX_POINT('',#1196);
#1196 = CARTESIAN_POINT('',(1.75,0.6668729181,0.33304998334));
#1197 = SURFACE_CURVE('',#1198,(#1201,#1207),.PCURVE_S1.);
#1198 = B_SPLINE_CURVE_WITH_KNOTS('',1,(#1199,#1200),.UNSPECIFIED.,.F.,
  .F.,(2,2),(-1.082412466672,0.),.PIECEWISE_BEZIER_KNOTS.);
#1199 = CARTESIAN_POINT('',(1.75,0.6668729181,-0.33304998334));
#1200 = CARTESIAN_POINT('',(1.75,0.6668729181,0.33304998334));
#1201 = PCURVE('',#1111,#1202);
#1202 = DEFINITIONAL_REPRESENTATION('',(#1203),#1206);
#1203 = B_SPLINE_CURVE_WITH_KNOTS('',1,(#1204,#1205),.UNSPECIFIED.,.F.,
  .F.,(2,2),(-1.082412466672,0.),.PIECEWISE_BEZIER_KNOTS.);
#1204 = CARTESIAN_POINT('',(-0.541206233336,-0.740969909));
#1205 = CARTESIAN_POINT('',(0.541206233336,-0.740969909));
#1206 = ( GEOMETRIC_REPRESENTATION_CONTEXT(2) 
PARAMETRIC_REPRESENTATION_CONTEXT() REPRESENTATION_CONTEXT('2D SPACE',''
  ) );
#1207 = PCURVE('',#1208,#1213);
#1208 = B_SPLINE_SURFACE_WITH_KNOTS('',1,1,(
    (#1209,#1210)
    ,(#1211,#1212
    )),.UNSPECIFIED.,.F.,.F.,.F.,(2,2),(2,2),(-1.082412466672,0.),(-0.15
    ,0.),.PIECEWISE_BEZIER_KNOTS.);
#1209 = CARTESIAN_POINT('',(1.657894736842,0.6668729181,-0.33304998334)
  );
#1210 = CARTESIAN_POINT('',(1.75,0.6668729181,-0.33304998334));
#1211 = CARTESIAN_POINT('',(1.657894736842,0.6668729181,0.33304998334));
#1212 = CARTESIAN_POINT('',(1.75,0.6668729181,0.33304998334));
#1213 = DEFINITIONAL_REPRESENTATION('',(#1214),#1217);
#1214 = B_SPLINE_CURVE_WITH_KNOTS('',1,(#1215,#1216),.UNSPECIFIED.,.F.,
  .F.,(2,2),(-1.082412466672,0.),.PIECEWISE_BEZIER_KNOTS.);
#1215 = CARTESIAN_POINT('',(-1.082412466672,0.));
#1216 = CARTESIAN_POINT('',(0.,0.));
#1217 = ( GEOMETRIC_REPRESENTATION_CONTEXT(2) 
PARAMETRIC_REPRESENTATION_CONTEXT() REPRESENTATION_CONTEXT('2D SPACE',''
  ) );
#1218 = ORIENTED_EDGE('',*,*,#1219,.T.);
#1219 = EDGE_CURVE('',#1195,#1220,#1222,.T.);
#1220 = VERTEX_POINT('',#1221);
#1221 = CARTESIAN_POINT('',(1.75,0.907730300946,0.33304998334));
#1222 = SURFACE_CURVE('',#1223,(#1226,#1232),.PCURVE_S1.);
#1223 = B_SPLINE_CURVE_WITH_KNOTS('',1,(#1224,#1225),.UNSPECIFIED.,.F.,
  .F.,(2,2),(-0.267619314273,0.),.PIECEWISE_BEZIER_KNOTS.);
#1224 = CARTESIAN_POINT('',(1.75,0.6668729181,0.33304998334));
#1225 = CARTESIAN_POINT('',(1.75,0.907730300946,0.33304998334));
#1226 = PCURVE('',#1111,#1227);
#1227 = DEFINITIONAL_REPRESENTATION('',(#1228),#1231);
#1228 = B_SPLINE_CURVE_WITH_KNOTS('',1,(#1229,#1230),.UNSPECIFIED.,.F.,
  .F.,(2,2),(-0.267619314273,0.),.PIECEWISE_BEZIER_KNOTS.);
#1229 = CARTESIAN_POINT('',(0.541206233336,-0.740969909));
#1230 = CARTESIAN_POINT('',(0.541206233336,-1.008589223273));
#1231 = ( GEOMETRIC_REPRESENTATION_CONTEXT(2) 
PARAMETRIC_REPRESENTATION_CONTEXT() REPRESENTATION_CONTEXT('2D SPACE',''
  ) );
#1232 = PCURVE('',#1233,#1238);
#1233 = B_SPLINE_SURFACE_WITH_KNOTS('',1,1,(
    (#1234,#1235)
    ,(#1236,#1237
    )),.UNSPECIFIED.,.F.,.F.,.F.,(2,2),(2,2),(-0.15,0.),(0.,
    0.267619314273),.PIECEWISE_BEZIER_KNOTS.);
#1234 = CARTESIAN_POINT('',(1.657894736842,0.907730300946,0.33304998334)
  );
#1235 = CARTESIAN_POINT('',(1.657894736842,0.6668729181,0.33304998334));
#1236 = CARTESIAN_POINT('',(1.75,0.907730300946,0.33304998334));
#1237 = CARTESIAN_POINT('',(1.75,0.6668729181,0.33304998334));
#1238 = DEFINITIONAL_REPRESENTATION('',(#1239),#1242);
#1239 = B_SPLINE_CURVE_WITH_KNOTS('',1,(#1240,#1241),.UNSPECIFIED.,.F.,
  .F.,(2,2),(-0.267619314273,0.),.PIECEWISE_BEZIER_KNOTS.);
#1240 = CARTESIAN_POINT('',(0.,0.267619314273));
#1241 = CARTESIAN_POINT('',(0.,0.));
#1242 = ( GEOMETRIC_REPRESENTATION_CONTEXT(2) 
PARAMETRIC_REPRESENTATION_CONTEXT() REPRESENTATION_CONTEXT('2D SPACE',''
  ) );
#1243 = ORIENTED_EDGE('',*,*,#1244,.T.);
#1244 = EDGE_CURVE('',#1220,#1245,#1247,.T.);
#1245 = VERTEX_POINT('',#1246);
#1246 = CARTESIAN_POINT('',(1.75,0.907730300946,0.769230754438));
#1247 = SURFACE_CURVE('',#1248,(#1251,#1257),.PCURVE_S1.);
#1248 = B_SPLINE_CURVE_WITH_KNOTS('',1,(#1249,#1250),.UNSPECIFIED.,.F.,
  .F.,(2,2),(-0.708793766664,0.),.PIECEWISE_BEZIER_KNOTS.);
#1249 = CARTESIAN_POINT('',(1.75,0.907730300946,0.33304998334));
#1250 = CARTESIAN_POINT('',(1.75,0.907730300946,0.769230754438));
#1251 = PCURVE('',#1111,#1252);
#1252 = DEFINITIONAL_REPRESENTATION('',(#1253),#1256);
#1253 = B_SPLINE_CURVE_WITH_KNOTS('',1,(#1254,#1255),.UNSPECIFIED.,.F.,
  .F.,(2,2),(-0.708793766664,0.),.PIECEWISE_BEZIER_KNOTS.);
#1254 = CARTESIAN_POINT('',(0.541206233336,-1.008589223273));
#1255 = CARTESIAN_POINT('',(1.25,-1.008589223273));
#1256 = ( GEOMETRIC_REPRESENTATION_CONTEXT(2) 
PARAMETRIC_REPRESENTATION_CONTEXT() REPRESENTATION_CONTEXT('2D SPACE',''
  ) );
#1257 = PCURVE('',#1258,#1263);
#1258 = B_SPLINE_SURFACE_WITH_KNOTS('',1,1,(
    (#1259,#1260)
    ,(#1261,#1262
    )),.UNSPECIFIED.,.F.,.F.,.F.,(2,2),(2,2),(-0.708793766664,0.),(-0.15
    ,0.),.PIECEWISE_BEZIER_KNOTS.);
#1259 = CARTESIAN_POINT('',(1.657894736842,0.907730300946,0.33304998334)
  );
#1260 = CARTESIAN_POINT('',(1.75,0.907730300946,0.33304998334));
#1261 = CARTESIAN_POINT('',(1.657894736842,0.907730300946,0.769230754438
    ));
#1262 = CARTESIAN_POINT('',(1.75,0.907730300946,0.769230754438));
#1263 = DEFINITIONAL_REPRESENTATION('',(#1264),#1267);
#1264 = B_SPLINE_CURVE_WITH_KNOTS('',1,(#1265,#1266),.UNSPECIFIED.,.F.,
  .F.,(2,2),(-0.708793766664,0.),.PIECEWISE_BEZIER_KNOTS.);
#1265 = CARTESIAN_POINT('',(-0.708793766664,0.));
#1266 = CARTESIAN_POINT('',(0.,0.));
#1267 = ( GEOMETRIC_REPRESENTATION_CONTEXT(2) 
PARAMETRIC_REPRESENTATION_CONTEXT() REPRESENTATION_CONTEXT('2D SPACE',''
  ) );
#1268 = ORIENTED_EDGE('',*,*,#1269,.T.);
#1269 = EDGE_CURVE('',#1245,#1270,#1272,.T.);
#1270 = VERTEX_POINT('',#1271);
#1271 = CARTESIAN_POINT('',(1.75,4.5E-02,0.769230754438));
#1272 = SURFACE_CURVE('',#1273,(#1276,#1282),.PCURVE_S1.);
#1273 = B_SPLINE_CURVE_WITH_KNOTS('',1,(#1274,#1275),.UNSPECIFIED.,.F.,
  .F.,(2,2),(-1.158589223273,-0.2),.PIECEWISE_BEZIER_KNOTS.);
#1274 = CARTESIAN_POINT('',(1.75,0.907730300946,0.769230754438));
#1275 = CARTESIAN_POINT('',(1.75,4.5E-02,0.769230754438));
#1276 = PCURVE('',#1111,#1277);
#1277 = DEFINITIONAL_REPRESENTATION('',(#1278),#1281);
#1278 = B_SPLINE_CURVE_WITH_KNOTS('',1,(#1279,#1280),.UNSPECIFIED.,.F.,
  .F.,(2,2),(-1.158589223273,-0.2),.PIECEWISE_BEZIER_KNOTS.);
#1279 = CARTESIAN_POINT('',(1.25,-1.008589223273));
#1280 = CARTESIAN_POINT('',(1.25,-5.E-02));
#1281 = ( GEOMETRIC_REPRESENTATION_CONTEXT(2) 
PARAMETRIC_REPRESENTATION_CONTEXT() REPRESENTATION_CONTEXT('2D SPACE',''
  ) );
#1282 = PCURVE('',#1283,#1288);
#1283 = B_SPLINE_SURFACE_WITH_KNOTS('',1,1,(
    (#1284,#1285)
    ,(#1286,#1287
    )),.UNSPECIFIED.,.F.,.F.,.F.,(2,2),(2,2),(0.,0.15),(-1.158589223273,
    -0.2),.PIECEWISE_BEZIER_KNOTS.);
#1284 = CARTESIAN_POINT('',(1.75,0.907730300946,0.769230754438));
#1285 = CARTESIAN_POINT('',(1.75,4.5E-02,0.769230754438));
#1286 = CARTESIAN_POINT('',(1.657894736842,0.907730300946,0.769230754438
    ));
#1287 = CARTESIAN_POINT('',(1.657894736842,4.5E-02,0.769230754438));
#1288 = DEFINITIONAL_REPRESENTATION('',(#1289),#1292);
#1289 = B_SPLINE_CURVE_WITH_KNOTS('',1,(#1290,#1291),.UNSPECIFIED.,.F.,
  .F.,(2,2),(-1.158589223273,-0.2),.PIECEWISE_BEZIER_KNOTS.);
#1290 = CARTESIAN_POINT('',(0.,-1.158589223273));
#1291 = CARTESIAN_POINT('',(0.,-0.2));
#1292 = ( GEOMETRIC_REPRESENTATION_CONTEXT(2) 
PARAMETRIC_REPRESENTATION_CONTEXT() REPRESENTATION_CONTEXT('2D SPACE',''
  ) );
#1293 = ORIENTED_EDGE('',*,*,#1294,.F.);
#1294 = EDGE_CURVE('',#1098,#1270,#1295,.T.);
#1295 = SURFACE_CURVE('',#1296,(#1299,#1305),.PCURVE_S1.);
#1296 = B_SPLINE_CURVE_WITH_KNOTS('',1,(#1297,#1298),.UNSPECIFIED.,.F.,
  .F.,(2,2),(0.,2.5),.PIECEWISE_BEZIER_KNOTS.);
#1297 = CARTESIAN_POINT('',(1.75,4.5E-02,-0.769230754438));
#1298 = CARTESIAN_POINT('',(1.75,4.5E-02,0.769230754438));
#1299 = PCURVE('',#1111,#1300);
#1300 = DEFINITIONAL_REPRESENTATION('',(#1301),#1304);
#1301 = B_SPLINE_CURVE_WITH_KNOTS('',1,(#1302,#1303),.UNSPECIFIED.,.F.,
  .F.,(2,2),(0.,2.5),.PIECEWISE_BEZIER_KNOTS.);
#1302 = CARTESIAN_POINT('',(-1.25,-5.E-02));
#1303 = CARTESIAN_POINT('',(1.25,-5.E-02));
#1304 = ( GEOMETRIC_REPRESENTATION_CONTEXT(2) 
PARAMETRIC_REPRESENTATION_CONTEXT() REPRESENTATION_CONTEXT('2D SPACE',''
  ) );
#1305 = PCURVE('',#1306,#1313);
#1306 = ( BOUNDED_SURFACE() B_SPLINE_SURFACE(2,1,(
    (#1307,#1308)
    ,(#1309,#1310)
    ,(#1311,#1312
)),.UNSPECIFIED.,.F.,.F.,.F.) B_SPLINE_SURFACE_WITH_KNOTS((3,3),(2,2),(
    4.712388980385,6.28318530718),(-2.5,0.),.PIECEWISE_BEZIER_KNOTS.) 
GEOMETRIC_REPRESENTATION_ITEM() RATIONAL_B_SPLINE_SURFACE((
    (1.,1.)
    ,(0.707106781187,0.707106781187)
,(1.,1.))) REPRESENTATION_ITEM('') SURFACE() );
#1307 = CARTESIAN_POINT('',(1.75,4.5E-02,0.769230754438));
#1308 = CARTESIAN_POINT('',(1.75,4.5E-02,-0.769230754438));
#1309 = CARTESIAN_POINT('',(1.75,-0.135,0.769230754438));
#1310 = CARTESIAN_POINT('',(1.75,-0.135,-0.769230754438));
#1311 = CARTESIAN_POINT('',(1.627192982456,-0.135,0.769230754438));
#1312 = CARTESIAN_POINT('',(1.627192982456,-0.135,-0.769230754438));
#1313 = DEFINITIONAL_REPRESENTATION('',(#1314),#1318);
#1314 = B_SPLINE_CURVE_WITH_KNOTS('',2,(#1315,#1316,#1317),
  .UNSPECIFIED.,.F.,.F.,(3,3),(0.,2.5),.PIECEWISE_BEZIER_KNOTS.);
#1315 = CARTESIAN_POINT('',(4.712388980385,-2.22044604925E-16));
#1316 = CARTESIAN_POINT('',(4.712388980385,-1.25));
#1317 = CARTESIAN_POINT('',(4.712388980385,-2.5));
#1318 = ( GEOMETRIC_REPRESENTATION_CONTEXT(2) 
PARAMETRIC_REPRESENTATION_CONTEXT() REPRESENTATION_CONTEXT('2D SPACE',''
  ) );
#1319 = ADVANCED_FACE('',(#1320),#1061,.F.);
#1320 = FACE_BOUND('',#1321,.T.);
#1321 = EDGE_LOOP('',(#1322,#1350,#1370,#1390,#1410,#1430,#1450,#1468));
#1322 = ORIENTED_EDGE('',*,*,#1323,.T.);
#1323 = EDGE_CURVE('',#1041,#1324,#1326,.T.);
#1324 = VERTEX_POINT('',#1325);
#1325 = CARTESIAN_POINT('',(1.657894736842,4.5E-02,0.769230754438));
#1326 = SURFACE_CURVE('',#1327,(#1330,#1336),.PCURVE_S1.);
#1327 = B_SPLINE_CURVE_WITH_KNOTS('',1,(#1328,#1329),.UNSPECIFIED.,.F.,
  .F.,(2,2),(0.,2.5),.PIECEWISE_BEZIER_KNOTS.);
#1328 = CARTESIAN_POINT('',(1.657894736842,4.5E-02,-0.769230754438));
#1329 = CARTESIAN_POINT('',(1.657894736842,4.5E-02,0.769230754438));
#1330 = PCURVE('',#1061,#1331);
#1331 = DEFINITIONAL_REPRESENTATION('',(#1332),#1335);
#1332 = B_SPLINE_CURVE_WITH_KNOTS('',1,(#1333,#1334),.UNSPECIFIED.,.F.,
  .F.,(2,2),(0.,2.5),.PIECEWISE_BEZIER_KNOTS.);
#1333 = CARTESIAN_POINT('',(-1.25,-5.E-02));
#1334 = CARTESIAN_POINT('',(1.25,-5.E-02));
#1335 = ( GEOMETRIC_REPRESENTATION_CONTEXT(2) 
PARAMETRIC_REPRESENTATION_CONTEXT() REPRESENTATION_CONTEXT('2D SPACE',''
  ) );
#1336 = PCURVE('',#1337,#1344);
#1337 = ( BOUNDED_SURFACE() B_SPLINE_SURFACE(2,1,(
    (#1338,#1339)
    ,(#1340,#1341)
    ,(#1342,#1343
)),.UNSPECIFIED.,.F.,.F.,.F.) B_SPLINE_SURFACE_WITH_KNOTS((3,3),(2,2),(
    4.712388980385,6.28318530718),(-2.5,0.),.PIECEWISE_BEZIER_KNOTS.) 
GEOMETRIC_REPRESENTATION_ITEM() RATIONAL_B_SPLINE_SURFACE((
    (1.,1.)
    ,(0.707106781187,0.707106781187)
,(1.,1.))) REPRESENTATION_ITEM('') SURFACE() );
#1338 = CARTESIAN_POINT('',(1.657894736842,4.5E-02,0.769230754438));
#1339 = CARTESIAN_POINT('',(1.657894736842,4.5E-02,-0.769230754438));
#1340 = CARTESIAN_POINT('',(1.657894736842,-4.996003610813E-16,
    0.769230754438));
#1341 = CARTESIAN_POINT('',(1.657894736842,-4.371503159462E-17,
    -0.769230754438));
#1342 = CARTESIAN_POINT('',(1.627192982456,-5.120903701084E-16,
    0.769230754438));
#1343 = CARTESIAN_POINT('',(1.627192982456,-5.620504062165E-17,
    -0.769230754438));
#1344 = DEFINITIONAL_REPRESENTATION('',(#1345),#1349);
#1345 = B_SPLINE_CURVE_WITH_KNOTS('',2,(#1346,#1347,#1348),
  .UNSPECIFIED.,.F.,.F.,(3,3),(0.,2.5),.PIECEWISE_BEZIER_KNOTS.);
#1346 = CARTESIAN_POINT('',(4.712388980385,-2.22044604925E-16));
#1347 = CARTESIAN_POINT('',(4.712388980385,-1.25));
#1348 = CARTESIAN_POINT('',(4.712388980385,-2.5));
#1349 = ( GEOMETRIC_REPRESENTATION_CONTEXT(2) 
PARAMETRIC_REPRESENTATION_CONTEXT() REPRESENTATION_CONTEXT('2D SPACE',''
  ) );
#1350 = ORIENTED_EDGE('',*,*,#1351,.F.);
#1351 = EDGE_CURVE('',#1352,#1324,#1354,.T.);
#1352 = VERTEX_POINT('',#1353);
#1353 = CARTESIAN_POINT('',(1.657894736842,0.907730300946,0.769230754438
    ));
#1354 = SURFACE_CURVE('',#1355,(#1358,#1364),.PCURVE_S1.);
#1355 = B_SPLINE_CURVE_WITH_KNOTS('',1,(#1356,#1357),.UNSPECIFIED.,.F.,
  .F.,(2,2),(-1.158589223273,-0.2),.PIECEWISE_BEZIER_KNOTS.);
#1356 = CARTESIAN_POINT('',(1.657894736842,0.907730300946,0.769230754438
    ));
#1357 = CARTESIAN_POINT('',(1.657894736842,4.5E-02,0.769230754438));
#1358 = PCURVE('',#1061,#1359);
#1359 = DEFINITIONAL_REPRESENTATION('',(#1360),#1363);
#1360 = B_SPLINE_CURVE_WITH_KNOTS('',1,(#1361,#1362),.UNSPECIFIED.,.F.,
  .F.,(2,2),(-1.158589223273,-0.2),.PIECEWISE_BEZIER_KNOTS.);
#1361 = CARTESIAN_POINT('',(1.25,-1.008589223273));
#1362 = CARTESIAN_POINT('',(1.25,-5.E-02));
#1363 = ( GEOMETRIC_REPRESENTATION_CONTEXT(2) 
PARAMETRIC_REPRESENTATION_CONTEXT() REPRESENTATION_CONTEXT('2D SPACE',''
  ) );
#1364 = PCURVE('',#1283,#1365);
#1365 = DEFINITIONAL_REPRESENTATION('',(#1366),#1369);
#1366 = B_SPLINE_CURVE_WITH_KNOTS('',1,(#1367,#1368),.UNSPECIFIED.,.F.,
  .F.,(2,2),(-1.158589223273,-0.2),.PIECEWISE_BEZIER_KNOTS.);
#1367 = CARTESIAN_POINT('',(0.15,-1.158589223273));
#1368 = CARTESIAN_POINT('',(0.15,-0.2));
#1369 = ( GEOMETRIC_REPRESENTATION_CONTEXT(2) 
PARAMETRIC_REPRESENTATION_CONTEXT() REPRESENTATION_CONTEXT('2D SPACE',''
  ) );
#1370 = ORIENTED_EDGE('',*,*,#1371,.F.);
#1371 = EDGE_CURVE('',#1372,#1352,#1374,.T.);
#1372 = VERTEX_POINT('',#1373);
#1373 = CARTESIAN_POINT('',(1.657894736842,0.907730300946,0.33304998334)
  );
#1374 = SURFACE_CURVE('',#1375,(#1378,#1384),.PCURVE_S1.);
#1375 = B_SPLINE_CURVE_WITH_KNOTS('',1,(#1376,#1377),.UNSPECIFIED.,.F.,
  .F.,(2,2),(-0.708793766664,0.),.PIECEWISE_BEZIER_KNOTS.);
#1376 = CARTESIAN_POINT('',(1.657894736842,0.907730300946,0.33304998334)
  );
#1377 = CARTESIAN_POINT('',(1.657894736842,0.907730300946,0.769230754438
    ));
#1378 = PCURVE('',#1061,#1379);
#1379 = DEFINITIONAL_REPRESENTATION('',(#1380),#1383);
#1380 = B_SPLINE_CURVE_WITH_KNOTS('',1,(#1381,#1382),.UNSPECIFIED.,.F.,
  .F.,(2,2),(-0.708793766664,0.),.PIECEWISE_BEZIER_KNOTS.);
#1381 = CARTESIAN_POINT('',(0.541206233336,-1.008589223273));
#1382 = CARTESIAN_POINT('',(1.25,-1.008589223273));
#1383 = ( GEOMETRIC_REPRESENTATION_CONTEXT(2) 
PARAMETRIC_REPRESENTATION_CONTEXT() REPRESENTATION_CONTEXT('2D SPACE',''
  ) );
#1384 = PCURVE('',#1258,#1385);
#1385 = DEFINITIONAL_REPRESENTATION('',(#1386),#1389);
#1386 = B_SPLINE_CURVE_WITH_KNOTS('',1,(#1387,#1388),.UNSPECIFIED.,.F.,
  .F.,(2,2),(-0.708793766664,0.),.PIECEWISE_BEZIER_KNOTS.);
#1387 = CARTESIAN_POINT('',(-0.708793766664,-0.15));
#1388 = CARTESIAN_POINT('',(0.,-0.15));
#1389 = ( GEOMETRIC_REPRESENTATION_CONTEXT(2) 
PARAMETRIC_REPRESENTATION_CONTEXT() REPRESENTATION_CONTEXT('2D SPACE',''
  ) );
#1390 = ORIENTED_EDGE('',*,*,#1391,.F.);
#1391 = EDGE_CURVE('',#1392,#1372,#1394,.T.);
#1392 = VERTEX_POINT('',#1393);
#1393 = CARTESIAN_POINT('',(1.657894736842,0.6668729181,0.33304998334));
#1394 = SURFACE_CURVE('',#1395,(#1398,#1404),.PCURVE_S1.);
#1395 = B_SPLINE_CURVE_WITH_KNOTS('',1,(#1396,#1397),.UNSPECIFIED.,.F.,
  .F.,(2,2),(-0.267619314273,0.),.PIECEWISE_BEZIER_KNOTS.);
#1396 = CARTESIAN_POINT('',(1.657894736842,0.6668729181,0.33304998334));
#1397 = CARTESIAN_POINT('',(1.657894736842,0.907730300946,0.33304998334)
  );
#1398 = PCURVE('',#1061,#1399);
#1399 = DEFINITIONAL_REPRESENTATION('',(#1400),#1403);
#1400 = B_SPLINE_CURVE_WITH_KNOTS('',1,(#1401,#1402),.UNSPECIFIED.,.F.,
  .F.,(2,2),(-0.267619314273,0.),.PIECEWISE_BEZIER_KNOTS.);
#1401 = CARTESIAN_POINT('',(0.541206233336,-0.740969909));
#1402 = CARTESIAN_POINT('',(0.541206233336,-1.008589223273));
#1403 = ( GEOMETRIC_REPRESENTATION_CONTEXT(2) 
PARAMETRIC_REPRESENTATION_CONTEXT() REPRESENTATION_CONTEXT('2D SPACE',''
  ) );
#1404 = PCURVE('',#1233,#1405);
#1405 = DEFINITIONAL_REPRESENTATION('',(#1406),#1409);
#1406 = B_SPLINE_CURVE_WITH_KNOTS('',1,(#1407,#1408),.UNSPECIFIED.,.F.,
  .F.,(2,2),(-0.267619314273,0.),.PIECEWISE_BEZIER_KNOTS.);
#1407 = CARTESIAN_POINT('',(-0.15,0.267619314273));
#1408 = CARTESIAN_POINT('',(-0.15,0.));
#1409 = ( GEOMETRIC_REPRESENTATION_CONTEXT(2) 
PARAMETRIC_REPRESENTATION_CONTEXT() REPRESENTATION_CONTEXT('2D SPACE',''
  ) );
#1410 = ORIENTED_EDGE('',*,*,#1411,.F.);
#1411 = EDGE_CURVE('',#1412,#1392,#1414,.T.);
#1412 = VERTEX_POINT('',#1413);
#1413 = CARTESIAN_POINT('',(1.657894736842,0.6668729181,-0.33304998334)
  );
#1414 = SURFACE_CURVE('',#1415,(#1418,#1424),.PCURVE_S1.);
#1415 = B_SPLINE_CURVE_WITH_KNOTS('',1,(#1416,#1417),.UNSPECIFIED.,.F.,
  .F.,(2,2),(-1.082412466672,0.),.PIECEWISE_BEZIER_KNOTS.);
#1416 = CARTESIAN_POINT('',(1.657894736842,0.6668729181,-0.33304998334)
  );
#1417 = CARTESIAN_POINT('',(1.657894736842,0.6668729181,0.33304998334));
#1418 = PCURVE('',#1061,#1419);
#1419 = DEFINITIONAL_REPRESENTATION('',(#1420),#1423);
#1420 = B_SPLINE_CURVE_WITH_KNOTS('',1,(#1421,#1422),.UNSPECIFIED.,.F.,
  .F.,(2,2),(-1.082412466672,0.),.PIECEWISE_BEZIER_KNOTS.);
#1421 = CARTESIAN_POINT('',(-0.541206233336,-0.740969909));
#1422 = CARTESIAN_POINT('',(0.541206233336,-0.740969909));
#1423 = ( GEOMETRIC_REPRESENTATION_CONTEXT(2) 
PARAMETRIC_REPRESENTATION_CONTEXT() REPRESENTATION_CONTEXT('2D SPACE',''
  ) );
#1424 = PCURVE('',#1208,#1425);
#1425 = DEFINITIONAL_REPRESENTATION('',(#1426),#1429);
#1426 = B_SPLINE_CURVE_WITH_KNOTS('',1,(#1427,#1428),.UNSPECIFIED.,.F.,
  .F.,(2,2),(-1.082412466672,0.),.PIECEWISE_BEZIER_KNOTS.);
#1427 = CARTESIAN_POINT('',(-1.082412466672,-0.15));
#1428 = CARTESIAN_POINT('',(0.,-0.15));
#1429 = ( GEOMETRIC_REPRESENTATION_CONTEXT(2) 
PARAMETRIC_REPRESENTATION_CONTEXT() REPRESENTATION_CONTEXT('2D SPACE',''
  ) );
#1430 = ORIENTED_EDGE('',*,*,#1431,.F.);
#1431 = EDGE_CURVE('',#1432,#1412,#1434,.T.);
#1432 = VERTEX_POINT('',#1433);
#1433 = CARTESIAN_POINT('',(1.657894736842,0.907730300946,-0.33304998334
    ));
#1434 = SURFACE_CURVE('',#1435,(#1438,#1444),.PCURVE_S1.);
#1435 = B_SPLINE_CURVE_WITH_KNOTS('',1,(#1436,#1437),.UNSPECIFIED.,.F.,
  .F.,(2,2),(0.,0.267619314273),.PIECEWISE_BEZIER_KNOTS.);
#1436 = CARTESIAN_POINT('',(1.657894736842,0.907730300946,-0.33304998334
    ));
#1437 = CARTESIAN_POINT('',(1.657894736842,0.6668729181,-0.33304998334)
  );
#1438 = PCURVE('',#1061,#1439);
#1439 = DEFINITIONAL_REPRESENTATION('',(#1440),#1443);
#1440 = B_SPLINE_CURVE_WITH_KNOTS('',1,(#1441,#1442),.UNSPECIFIED.,.F.,
  .F.,(2,2),(0.,0.267619314273),.PIECEWISE_BEZIER_KNOTS.);
#1441 = CARTESIAN_POINT('',(-0.541206233336,-1.008589223273));
#1442 = CARTESIAN_POINT('',(-0.541206233336,-0.740969909));
#1443 = ( GEOMETRIC_REPRESENTATION_CONTEXT(2) 
PARAMETRIC_REPRESENTATION_CONTEXT() REPRESENTATION_CONTEXT('2D SPACE',''
  ) );
#1444 = PCURVE('',#1183,#1445);
#1445 = DEFINITIONAL_REPRESENTATION('',(#1446),#1449);
#1446 = B_SPLINE_CURVE_WITH_KNOTS('',1,(#1447,#1448),.UNSPECIFIED.,.F.,
  .F.,(2,2),(0.,0.267619314273),.PIECEWISE_BEZIER_KNOTS.);
#1447 = CARTESIAN_POINT('',(0.15,0.));
#1448 = CARTESIAN_POINT('',(0.15,0.267619314273));
#1449 = ( GEOMETRIC_REPRESENTATION_CONTEXT(2) 
PARAMETRIC_REPRESENTATION_CONTEXT() REPRESENTATION_CONTEXT('2D SPACE',''
  ) );
#1450 = ORIENTED_EDGE('',*,*,#1451,.F.);
#1451 = EDGE_CURVE('',#1043,#1432,#1452,.T.);
#1452 = SURFACE_CURVE('',#1453,(#1456,#1462),.PCURVE_S1.);
#1453 = B_SPLINE_CURVE_WITH_KNOTS('',1,(#1454,#1455),.UNSPECIFIED.,.F.,
  .F.,(2,2),(0.,0.708793766664),.PIECEWISE_BEZIER_KNOTS.);
#1454 = CARTESIAN_POINT('',(1.657894736842,0.907730300946,
    -0.769230754438));
#1455 = CARTESIAN_POINT('',(1.657894736842,0.907730300946,-0.33304998334
    ));
#1456 = PCURVE('',#1061,#1457);
#1457 = DEFINITIONAL_REPRESENTATION('',(#1458),#1461);
#1458 = B_SPLINE_CURVE_WITH_KNOTS('',1,(#1459,#1460),.UNSPECIFIED.,.F.,
  .F.,(2,2),(0.,0.708793766664),.PIECEWISE_BEZIER_KNOTS.);
#1459 = CARTESIAN_POINT('',(-1.25,-1.008589223273));
#1460 = CARTESIAN_POINT('',(-0.541206233336,-1.008589223273));
#1461 = ( GEOMETRIC_REPRESENTATION_CONTEXT(2) 
PARAMETRIC_REPRESENTATION_CONTEXT() REPRESENTATION_CONTEXT('2D SPACE',''
  ) );
#1462 = PCURVE('',#1086,#1463);
#1463 = DEFINITIONAL_REPRESENTATION('',(#1464),#1467);
#1464 = B_SPLINE_CURVE_WITH_KNOTS('',1,(#1465,#1466),.UNSPECIFIED.,.F.,
  .F.,(2,2),(0.,0.708793766664),.PIECEWISE_BEZIER_KNOTS.);
#1465 = CARTESIAN_POINT('',(0.,-0.15));
#1466 = CARTESIAN_POINT('',(0.708793766664,-0.15));
#1467 = ( GEOMETRIC_REPRESENTATION_CONTEXT(2) 
PARAMETRIC_REPRESENTATION_CONTEXT() REPRESENTATION_CONTEXT('2D SPACE',''
  ) );
#1468 = ORIENTED_EDGE('',*,*,#1040,.F.);
#1469 = ADVANCED_FACE('',(#1470),#1283,.T.);
#1470 = FACE_BOUND('',#1471,.T.);
#1471 = EDGE_LOOP('',(#1472,#1495,#1496,#1514));
#1472 = ORIENTED_EDGE('',*,*,#1473,.T.);
#1473 = EDGE_CURVE('',#1324,#1270,#1474,.T.);
#1474 = SURFACE_CURVE('',#1475,(#1478,#1484),.PCURVE_S1.);
#1475 = B_SPLINE_CURVE_WITH_KNOTS('',1,(#1476,#1477),.UNSPECIFIED.,.F.,
  .F.,(2,2),(0.,0.15),.PIECEWISE_BEZIER_KNOTS.);
#1476 = CARTESIAN_POINT('',(1.657894736842,4.5E-02,0.769230754438));
#1477 = CARTESIAN_POINT('',(1.75,4.5E-02,0.769230754438));
#1478 = PCURVE('',#1283,#1479);
#1479 = DEFINITIONAL_REPRESENTATION('',(#1480),#1483);
#1480 = B_SPLINE_CURVE_WITH_KNOTS('',1,(#1481,#1482),.UNSPECIFIED.,.F.,
  .F.,(2,2),(0.,0.15),.PIECEWISE_BEZIER_KNOTS.);
#1481 = CARTESIAN_POINT('',(0.15,-0.2));
#1482 = CARTESIAN_POINT('',(0.,-0.2));
#1483 = ( GEOMETRIC_REPRESENTATION_CONTEXT(2) 
PARAMETRIC_REPRESENTATION_CONTEXT() REPRESENTATION_CONTEXT('2D SPACE',''
  ) );
#1484 = PCURVE('',#1485,#1490);
#1485 = B_SPLINE_SURFACE_WITH_KNOTS('',1,1,(
    (#1486,#1487)
    ,(#1488,#1489
    )),.UNSPECIFIED.,.F.,.F.,.F.,(2,2),(2,2),(1.040834085586E-16,0.2),(
    6.123233995737E-18,0.2),.PIECEWISE_BEZIER_KNOTS.);
#1486 = CARTESIAN_POINT('',(1.627192982456,4.5E-02,0.769230754438));
#1487 = CARTESIAN_POINT('',(1.75,4.5E-02,0.769230754438));
#1488 = CARTESIAN_POINT('',(1.627192982456,-0.135,0.769230754438));
#1489 = CARTESIAN_POINT('',(1.75,-0.135,0.769230754438));
#1490 = DEFINITIONAL_REPRESENTATION('',(#1491),#1494);
#1491 = B_SPLINE_CURVE_WITH_KNOTS('',1,(#1492,#1493),.UNSPECIFIED.,.F.,
  .F.,(2,2),(0.,0.15),.PIECEWISE_BEZIER_KNOTS.);
#1492 = CARTESIAN_POINT('',(1.040834085586E-16,5.E-02));
#1493 = CARTESIAN_POINT('',(4.302114220422E-16,0.2));
#1494 = ( GEOMETRIC_REPRESENTATION_CONTEXT(2) 
PARAMETRIC_REPRESENTATION_CONTEXT() REPRESENTATION_CONTEXT('2D SPACE',''
  ) );
#1495 = ORIENTED_EDGE('',*,*,#1269,.F.);
#1496 = ORIENTED_EDGE('',*,*,#1497,.T.);
#1497 = EDGE_CURVE('',#1245,#1352,#1498,.T.);
#1498 = SURFACE_CURVE('',#1499,(#1502,#1508),.PCURVE_S1.);
#1499 = B_SPLINE_CURVE_WITH_KNOTS('',1,(#1500,#1501),.UNSPECIFIED.,.F.,
  .F.,(2,2),(0.,0.15),.PIECEWISE_BEZIER_KNOTS.);
#1500 = CARTESIAN_POINT('',(1.75,0.907730300946,0.769230754438));
#1501 = CARTESIAN_POINT('',(1.657894736842,0.907730300946,0.769230754438
    ));
#1502 = PCURVE('',#1283,#1503);
#1503 = DEFINITIONAL_REPRESENTATION('',(#1504),#1507);
#1504 = B_SPLINE_CURVE_WITH_KNOTS('',1,(#1505,#1506),.UNSPECIFIED.,.F.,
  .F.,(2,2),(0.,0.15),.PIECEWISE_BEZIER_KNOTS.);
#1505 = CARTESIAN_POINT('',(0.,-1.158589223273));
#1506 = CARTESIAN_POINT('',(0.15,-1.158589223273));
#1507 = ( GEOMETRIC_REPRESENTATION_CONTEXT(2) 
PARAMETRIC_REPRESENTATION_CONTEXT() REPRESENTATION_CONTEXT('2D SPACE',''
  ) );
#1508 = PCURVE('',#1258,#1509);
#1509 = DEFINITIONAL_REPRESENTATION('',(#1510),#1513);
#1510 = B_SPLINE_CURVE_WITH_KNOTS('',1,(#1511,#1512),.UNSPECIFIED.,.F.,
  .F.,(2,2),(0.,0.15),.PIECEWISE_BEZIER_KNOTS.);
#1511 = CARTESIAN_POINT('',(0.,0.));
#1512 = CARTESIAN_POINT('',(0.,-0.15));
#1513 = ( GEOMETRIC_REPRESENTATION_CONTEXT(2) 
PARAMETRIC_REPRESENTATION_CONTEXT() REPRESENTATION_CONTEXT('2D SPACE',''
  ) );
#1514 = ORIENTED_EDGE('',*,*,#1351,.T.);
#1515 = ADVANCED_FACE('',(#1516),#1258,.T.);
#1516 = FACE_BOUND('',#1517,.T.);
#1517 = EDGE_LOOP('',(#1518,#1519,#1520,#1521));
#1518 = ORIENTED_EDGE('',*,*,#1371,.T.);
#1519 = ORIENTED_EDGE('',*,*,#1497,.F.);
#1520 = ORIENTED_EDGE('',*,*,#1244,.F.);
#1521 = ORIENTED_EDGE('',*,*,#1522,.T.);
#1522 = EDGE_CURVE('',#1220,#1372,#1523,.T.);
#1523 = SURFACE_CURVE('',#1524,(#1527,#1533),.PCURVE_S1.);
#1524 = B_SPLINE_CURVE_WITH_KNOTS('',1,(#1525,#1526),.UNSPECIFIED.,.F.,
  .F.,(2,2),(0.,0.15),.PIECEWISE_BEZIER_KNOTS.);
#1525 = CARTESIAN_POINT('',(1.75,0.907730300946,0.33304998334));
#1526 = CARTESIAN_POINT('',(1.657894736842,0.907730300946,0.33304998334)
  );
#1527 = PCURVE('',#1258,#1528);
#1528 = DEFINITIONAL_REPRESENTATION('',(#1529),#1532);
#1529 = B_SPLINE_CURVE_WITH_KNOTS('',1,(#1530,#1531),.UNSPECIFIED.,.F.,
  .F.,(2,2),(0.,0.15),.PIECEWISE_BEZIER_KNOTS.);
#1530 = CARTESIAN_POINT('',(-0.708793766664,0.));
#1531 = CARTESIAN_POINT('',(-0.708793766664,-0.15));
#1532 = ( GEOMETRIC_REPRESENTATION_CONTEXT(2) 
PARAMETRIC_REPRESENTATION_CONTEXT() REPRESENTATION_CONTEXT('2D SPACE',''
  ) );
#1533 = PCURVE('',#1233,#1534);
#1534 = DEFINITIONAL_REPRESENTATION('',(#1535),#1538);
#1535 = B_SPLINE_CURVE_WITH_KNOTS('',1,(#1536,#1537),.UNSPECIFIED.,.F.,
  .F.,(2,2),(0.,0.15),.PIECEWISE_BEZIER_KNOTS.);
#1536 = CARTESIAN_POINT('',(0.,0.));
#1537 = CARTESIAN_POINT('',(-0.15,0.));
#1538 = ( GEOMETRIC_REPRESENTATION_CONTEXT(2) 
PARAMETRIC_REPRESENTATION_CONTEXT() REPRESENTATION_CONTEXT('2D SPACE',''
  ) );
#1539 = ADVANCED_FACE('',(#1540),#1233,.T.);
#1540 = FACE_BOUND('',#1541,.T.);
#1541 = EDGE_LOOP('',(#1542,#1543,#1544,#1545));
#1542 = ORIENTED_EDGE('',*,*,#1391,.T.);
#1543 = ORIENTED_EDGE('',*,*,#1522,.F.);
#1544 = ORIENTED_EDGE('',*,*,#1219,.F.);
#1545 = ORIENTED_EDGE('',*,*,#1546,.T.);
#1546 = EDGE_CURVE('',#1195,#1392,#1547,.T.);
#1547 = SURFACE_CURVE('',#1548,(#1551,#1557),.PCURVE_S1.);
#1548 = B_SPLINE_CURVE_WITH_KNOTS('',1,(#1549,#1550),.UNSPECIFIED.,.F.,
  .F.,(2,2),(0.,0.15),.PIECEWISE_BEZIER_KNOTS.);
#1549 = CARTESIAN_POINT('',(1.75,0.6668729181,0.33304998334));
#1550 = CARTESIAN_POINT('',(1.657894736842,0.6668729181,0.33304998334));
#1551 = PCURVE('',#1233,#1552);
#1552 = DEFINITIONAL_REPRESENTATION('',(#1553),#1556);
#1553 = B_SPLINE_CURVE_WITH_KNOTS('',1,(#1554,#1555),.UNSPECIFIED.,.F.,
  .F.,(2,2),(0.,0.15),.PIECEWISE_BEZIER_KNOTS.);
#1554 = CARTESIAN_POINT('',(0.,0.267619314273));
#1555 = CARTESIAN_POINT('',(-0.15,0.267619314273));
#1556 = ( GEOMETRIC_REPRESENTATION_CONTEXT(2) 
PARAMETRIC_REPRESENTATION_CONTEXT() REPRESENTATION_CONTEXT('2D SPACE',''
  ) );
#1557 = PCURVE('',#1208,#1558);
#1558 = DEFINITIONAL_REPRESENTATION('',(#1559),#1562);
#1559 = B_SPLINE_CURVE_WITH_KNOTS('',1,(#1560,#1561),.UNSPECIFIED.,.F.,
  .F.,(2,2),(0.,0.15),.PIECEWISE_BEZIER_KNOTS.);
#1560 = CARTESIAN_POINT('',(0.,0.));
#1561 = CARTESIAN_POINT('',(0.,-0.15));
#1562 = ( GEOMETRIC_REPRESENTATION_CONTEXT(2) 
PARAMETRIC_REPRESENTATION_CONTEXT() REPRESENTATION_CONTEXT('2D SPACE',''
  ) );
#1563 = ADVANCED_FACE('',(#1564),#1208,.T.);
#1564 = FACE_BOUND('',#1565,.T.);
#1565 = EDGE_LOOP('',(#1566,#1567,#1568,#1569));
#1566 = ORIENTED_EDGE('',*,*,#1411,.T.);
#1567 = ORIENTED_EDGE('',*,*,#1546,.F.);
#1568 = ORIENTED_EDGE('',*,*,#1194,.F.);
#1569 = ORIENTED_EDGE('',*,*,#1570,.T.);
#1570 = EDGE_CURVE('',#1170,#1412,#1571,.T.);
#1571 = SURFACE_CURVE('',#1572,(#1575,#1581),.PCURVE_S1.);
#1572 = B_SPLINE_CURVE_WITH_KNOTS('',1,(#1573,#1574),.UNSPECIFIED.,.F.,
  .F.,(2,2),(0.,0.15),.PIECEWISE_BEZIER_KNOTS.);
#1573 = CARTESIAN_POINT('',(1.75,0.6668729181,-0.33304998334));
#1574 = CARTESIAN_POINT('',(1.657894736842,0.6668729181,-0.33304998334)
  );
#1575 = PCURVE('',#1208,#1576);
#1576 = DEFINITIONAL_REPRESENTATION('',(#1577),#1580);
#1577 = B_SPLINE_CURVE_WITH_KNOTS('',1,(#1578,#1579),.UNSPECIFIED.,.F.,
  .F.,(2,2),(0.,0.15),.PIECEWISE_BEZIER_KNOTS.);
#1578 = CARTESIAN_POINT('',(-1.082412466672,0.));
#1579 = CARTESIAN_POINT('',(-1.082412466672,-0.15));
#1580 = ( GEOMETRIC_REPRESENTATION_CONTEXT(2) 
PARAMETRIC_REPRESENTATION_CONTEXT() REPRESENTATION_CONTEXT('2D SPACE',''
  ) );
#1581 = PCURVE('',#1183,#1582);
#1582 = DEFINITIONAL_REPRESENTATION('',(#1583),#1586);
#1583 = B_SPLINE_CURVE_WITH_KNOTS('',1,(#1584,#1585),.UNSPECIFIED.,.F.,
  .F.,(2,2),(0.,0.15),.PIECEWISE_BEZIER_KNOTS.);
#1584 = CARTESIAN_POINT('',(0.,0.267619314273));
#1585 = CARTESIAN_POINT('',(0.15,0.267619314273));
#1586 = ( GEOMETRIC_REPRESENTATION_CONTEXT(2) 
PARAMETRIC_REPRESENTATION_CONTEXT() REPRESENTATION_CONTEXT('2D SPACE',''
  ) );
#1587 = ADVANCED_FACE('',(#1588),#1183,.T.);
#1588 = FACE_BOUND('',#1589,.T.);
#1589 = EDGE_LOOP('',(#1590,#1591,#1592,#1593));
#1590 = ORIENTED_EDGE('',*,*,#1431,.T.);
#1591 = ORIENTED_EDGE('',*,*,#1570,.F.);
#1592 = ORIENTED_EDGE('',*,*,#1169,.F.);
#1593 = ORIENTED_EDGE('',*,*,#1594,.T.);
#1594 = EDGE_CURVE('',#1150,#1432,#1595,.T.);
#1595 = SURFACE_CURVE('',#1596,(#1599,#1605),.PCURVE_S1.);
#1596 = B_SPLINE_CURVE_WITH_KNOTS('',1,(#1597,#1598),.UNSPECIFIED.,.F.,
  .F.,(2,2),(0.,0.15),.PIECEWISE_BEZIER_KNOTS.);
#1597 = CARTESIAN_POINT('',(1.75,0.907730300946,-0.33304998334));
#1598 = CARTESIAN_POINT('',(1.657894736842,0.907730300946,-0.33304998334
    ));
#1599 = PCURVE('',#1183,#1600);
#1600 = DEFINITIONAL_REPRESENTATION('',(#1601),#1604);
#1601 = B_SPLINE_CURVE_WITH_KNOTS('',1,(#1602,#1603),.UNSPECIFIED.,.F.,
  .F.,(2,2),(0.,0.15),.PIECEWISE_BEZIER_KNOTS.);
#1602 = CARTESIAN_POINT('',(0.,0.));
#1603 = CARTESIAN_POINT('',(0.15,0.));
#1604 = ( GEOMETRIC_REPRESENTATION_CONTEXT(2) 
PARAMETRIC_REPRESENTATION_CONTEXT() REPRESENTATION_CONTEXT('2D SPACE',''
  ) );
#1605 = PCURVE('',#1086,#1606);
#1606 = DEFINITIONAL_REPRESENTATION('',(#1607),#1610);
#1607 = B_SPLINE_CURVE_WITH_KNOTS('',1,(#1608,#1609),.UNSPECIFIED.,.F.,
  .F.,(2,2),(0.,0.15),.PIECEWISE_BEZIER_KNOTS.);
#1608 = CARTESIAN_POINT('',(0.708793766664,0.));
#1609 = CARTESIAN_POINT('',(0.708793766664,-0.15));
#1610 = ( GEOMETRIC_REPRESENTATION_CONTEXT(2) 
PARAMETRIC_REPRESENTATION_CONTEXT() REPRESENTATION_CONTEXT('2D SPACE',''
  ) );
#1611 = ADVANCED_FACE('',(#1612),#1086,.T.);
#1612 = FACE_BOUND('',#1613,.T.);
#1613 = EDGE_LOOP('',(#1614,#1615,#1616,#1617));
#1614 = ORIENTED_EDGE('',*,*,#1451,.T.);
#1615 = ORIENTED_EDGE('',*,*,#1594,.F.);
#1616 = ORIENTED_EDGE('',*,*,#1149,.F.);
#1617 = ORIENTED_EDGE('',*,*,#1072,.T.);
#1618 = ADVANCED_FACE('',(#1619),#1485,.T.);
#1619 = FACE_BOUND('',#1620,.T.);
#1620 = EDGE_LOOP('',(#1621,#1648,#1669,#1670));
#1621 = ORIENTED_EDGE('',*,*,#1622,.T.);
#1622 = EDGE_CURVE('',#1623,#1625,#1627,.T.);
#1623 = VERTEX_POINT('',#1624);
#1624 = CARTESIAN_POINT('',(1.627192982456,-5.183841637196E-16,
    0.769230754438));
#1625 = VERTEX_POINT('',#1626);
#1626 = CARTESIAN_POINT('',(1.627192982456,-0.135,0.769230754438));
#1627 = SURFACE_CURVE('',#1628,(#1631,#1637),.PCURVE_S1.);
#1628 = B_SPLINE_CURVE_WITH_KNOTS('',1,(#1629,#1630),.UNSPECIFIED.,.F.,
  .F.,(2,2),(-0.15,2.775557561563E-17),.PIECEWISE_BEZIER_KNOTS.);
#1629 = CARTESIAN_POINT('',(1.627192982456,-5.245803791354E-16,
    0.769230754438));
#1630 = CARTESIAN_POINT('',(1.627192982456,-0.135,0.769230754438));
#1631 = PCURVE('',#1485,#1632);
#1632 = DEFINITIONAL_REPRESENTATION('',(#1633),#1636);
#1633 = B_SPLINE_CURVE_WITH_KNOTS('',1,(#1634,#1635),.UNSPECIFIED.,.F.,
  .F.,(2,2),(-0.15,2.775557561563E-17),.PIECEWISE_BEZIER_KNOTS.);
#1634 = CARTESIAN_POINT('',(5.E-02,4.440892098501E-16));
#1635 = CARTESIAN_POINT('',(0.2,8.881784197001E-16));
#1636 = ( GEOMETRIC_REPRESENTATION_CONTEXT(2) 
PARAMETRIC_REPRESENTATION_CONTEXT() REPRESENTATION_CONTEXT('2D SPACE',''
  ) );
#1637 = PCURVE('',#1638,#1643);
#1638 = B_SPLINE_SURFACE_WITH_KNOTS('',1,1,(
    (#1639,#1640)
    ,(#1641,#1642
  )),.UNSPECIFIED.,.F.,.F.,.F.,(2,2),(2,2),(5.E-02,0.95),(-0.15,
    3.358424649491E-15),.PIECEWISE_BEZIER_KNOTS.);
#1639 = CARTESIAN_POINT('',(1.627192982456,-5.245803791354E-16,
    0.769230754438));
#1640 = CARTESIAN_POINT('',(1.627192982456,-0.135,0.769230754438));
#1641 = CARTESIAN_POINT('',(1.074561403509,-5.245803791354E-16,
    0.769230754438));
#1642 = CARTESIAN_POINT('',(1.074561403509,-0.135,0.769230754438));
#1643 = DEFINITIONAL_REPRESENTATION('',(#1644),#1647);
#1644 = B_SPLINE_CURVE_WITH_KNOTS('',1,(#1645,#1646),.UNSPECIFIED.,.F.,
  .F.,(2,2),(-0.15,2.775557561563E-17),.PIECEWISE_BEZIER_KNOTS.);
#1645 = CARTESIAN_POINT('',(5.E-02,-0.15));
#1646 = CARTESIAN_POINT('',(5.E-02,1.942890293094E-16));
#1647 = ( GEOMETRIC_REPRESENTATION_CONTEXT(2) 
PARAMETRIC_REPRESENTATION_CONTEXT() REPRESENTATION_CONTEXT('2D SPACE',''
  ) );
#1648 = ORIENTED_EDGE('',*,*,#1649,.F.);
#1649 = EDGE_CURVE('',#1270,#1625,#1650,.T.);
#1650 = SURFACE_CURVE('',#1651,(#1655,#1662),.PCURVE_S1.);
#1651 = ( BOUNDED_CURVE() B_SPLINE_CURVE(2,(#1652,#1653,#1654),
.UNSPECIFIED.,.F.,.F.) B_SPLINE_CURVE_WITH_KNOTS((3,3),(1.570796326795,
3.14159265359),.PIECEWISE_BEZIER_KNOTS.) CURVE() 
GEOMETRIC_REPRESENTATION_ITEM() RATIONAL_B_SPLINE_CURVE((1.,
0.707106781187,1.)) REPRESENTATION_ITEM('') );
#1652 = CARTESIAN_POINT('',(1.75,4.5E-02,0.769230754438));
#1653 = CARTESIAN_POINT('',(1.75,-0.135,0.769230754438));
#1654 = CARTESIAN_POINT('',(1.627192982456,-0.135,0.769230754438));
#1655 = PCURVE('',#1485,#1656);
#1656 = DEFINITIONAL_REPRESENTATION('',(#1657),#1661);
#1657 = ( BOUNDED_CURVE() B_SPLINE_CURVE(2,(#1658,#1659,#1660),
.UNSPECIFIED.,.F.,.F.) B_SPLINE_CURVE_WITH_KNOTS((3,3),(1.570796326795,
3.14159265359),.PIECEWISE_BEZIER_KNOTS.) CURVE() 
GEOMETRIC_REPRESENTATION_ITEM() RATIONAL_B_SPLINE_CURVE((1.,
0.707106781187,1.)) REPRESENTATION_ITEM('') );
#1658 = CARTESIAN_POINT('',(1.179611963664E-16,0.2));
#1659 = CARTESIAN_POINT('',(0.2,0.2));
#1660 = CARTESIAN_POINT('',(0.2,0.));
#1661 = ( GEOMETRIC_REPRESENTATION_CONTEXT(2) 
PARAMETRIC_REPRESENTATION_CONTEXT() REPRESENTATION_CONTEXT('2D SPACE',''
  ) );
#1662 = PCURVE('',#1306,#1663);
#1663 = DEFINITIONAL_REPRESENTATION('',(#1664),#1668);
#1664 = B_SPLINE_CURVE_WITH_KNOTS('',2,(#1665,#1666,#1667),
  .UNSPECIFIED.,.F.,.F.,(3,3),(1.570796326795,3.14159265359),
  .PIECEWISE_BEZIER_KNOTS.);
#1665 = CARTESIAN_POINT('',(4.712388980385,-2.5));
#1666 = CARTESIAN_POINT('',(5.497787143782,-2.5));
#1667 = CARTESIAN_POINT('',(6.28318530718,-2.5));
#1668 = ( GEOMETRIC_REPRESENTATION_CONTEXT(2) 
PARAMETRIC_REPRESENTATION_CONTEXT() REPRESENTATION_CONTEXT('2D SPACE',''
  ) );
#1669 = ORIENTED_EDGE('',*,*,#1473,.F.);
#1670 = ORIENTED_EDGE('',*,*,#1671,.T.);
#1671 = EDGE_CURVE('',#1324,#1623,#1672,.T.);
#1672 = SURFACE_CURVE('',#1673,(#1677,#1684),.PCURVE_S1.);
#1673 = ( BOUNDED_CURVE() B_SPLINE_CURVE(2,(#1674,#1675,#1676),
.UNSPECIFIED.,.F.,.F.) B_SPLINE_CURVE_WITH_KNOTS((3,3),(1.570796326795,
3.14159265359),.PIECEWISE_BEZIER_KNOTS.) CURVE() 
GEOMETRIC_REPRESENTATION_ITEM() RATIONAL_B_SPLINE_CURVE((1.,
0.707106781187,1.)) REPRESENTATION_ITEM('') );
#1674 = CARTESIAN_POINT('',(1.657894736842,4.5E-02,0.769230754438));
#1675 = CARTESIAN_POINT('',(1.657894736842,-5.120903701084E-16,
    0.769230754438));
#1676 = CARTESIAN_POINT('',(1.627192982456,-5.245803791354E-16,
    0.769230754438));
#1677 = PCURVE('',#1485,#1678);
#1678 = DEFINITIONAL_REPRESENTATION('',(#1679),#1683);
#1679 = ( BOUNDED_CURVE() B_SPLINE_CURVE(2,(#1680,#1681,#1682),
.UNSPECIFIED.,.F.,.F.) B_SPLINE_CURVE_WITH_KNOTS((3,3),(1.570796326795,
3.14159265359),.PIECEWISE_BEZIER_KNOTS.) CURVE() 
GEOMETRIC_REPRESENTATION_ITEM() RATIONAL_B_SPLINE_CURVE((1.,
0.707106781187,1.)) REPRESENTATION_ITEM('') );
#1680 = CARTESIAN_POINT('',(1.110223024625E-16,5.E-02));
#1681 = CARTESIAN_POINT('',(5.E-02,5.E-02));
#1682 = CARTESIAN_POINT('',(5.E-02,0.));
#1683 = ( GEOMETRIC_REPRESENTATION_CONTEXT(2) 
PARAMETRIC_REPRESENTATION_CONTEXT() REPRESENTATION_CONTEXT('2D SPACE',''
  ) );
#1684 = PCURVE('',#1337,#1685);
#1685 = DEFINITIONAL_REPRESENTATION('',(#1686),#1690);
#1686 = B_SPLINE_CURVE_WITH_KNOTS('',2,(#1687,#1688,#1689),
  .UNSPECIFIED.,.F.,.F.,(3,3),(1.570796326795,3.14159265359),
  .PIECEWISE_BEZIER_KNOTS.);
#1687 = CARTESIAN_POINT('',(4.712388980385,-2.5));
#1688 = CARTESIAN_POINT('',(5.497787143782,-2.5));
#1689 = CARTESIAN_POINT('',(6.28318530718,-2.5));
#1690 = ( GEOMETRIC_REPRESENTATION_CONTEXT(2) 
PARAMETRIC_REPRESENTATION_CONTEXT() REPRESENTATION_CONTEXT('2D SPACE',''
  ) );
#1691 = ADVANCED_FACE('',(#1692),#1134,.F.);
#1692 = FACE_BOUND('',#1693,.T.);
#1693 = EDGE_LOOP('',(#1694,#1717,#1718,#1741));
#1694 = ORIENTED_EDGE('',*,*,#1695,.T.);
#1695 = EDGE_CURVE('',#1696,#1041,#1698,.T.);
#1696 = VERTEX_POINT('',#1697);
#1697 = CARTESIAN_POINT('',(1.627192982456,-6.098637220231E-17,
    -0.769230754438));
#1698 = SURFACE_CURVE('',#1699,(#1703,#1710),.PCURVE_S1.);
#1699 = ( BOUNDED_CURVE() B_SPLINE_CURVE(2,(#1700,#1701,#1702),
.UNSPECIFIED.,.F.,.F.) B_SPLINE_CURVE_WITH_KNOTS((3,3),(3.14159265359,
4.712388980385),.PIECEWISE_BEZIER_KNOTS.) CURVE() 
GEOMETRIC_REPRESENTATION_ITEM() RATIONAL_B_SPLINE_CURVE((1.,
0.707106781187,1.)) REPRESENTATION_ITEM('') );
#1700 = CARTESIAN_POINT('',(1.627192982456,-5.620504062165E-17,
    -0.769230754438));
#1701 = CARTESIAN_POINT('',(1.657894736842,-6.869504964868E-17,
    -0.769230754438));
#1702 = CARTESIAN_POINT('',(1.657894736842,4.5E-02,-0.769230754438));
#1703 = PCURVE('',#1134,#1704);
#1704 = DEFINITIONAL_REPRESENTATION('',(#1705),#1709);
#1705 = ( BOUNDED_CURVE() B_SPLINE_CURVE(2,(#1706,#1707,#1708),
.UNSPECIFIED.,.F.,.F.) B_SPLINE_CURVE_WITH_KNOTS((3,3),(3.14159265359,
4.712388980385),.PIECEWISE_BEZIER_KNOTS.) CURVE() 
GEOMETRIC_REPRESENTATION_ITEM() RATIONAL_B_SPLINE_CURVE((1.,
0.707106781187,1.)) REPRESENTATION_ITEM('') );
#1706 = CARTESIAN_POINT('',(5.E-02,0.));
#1707 = CARTESIAN_POINT('',(5.E-02,5.E-02));
#1708 = CARTESIAN_POINT('',(9.71445146547E-17,5.E-02));
#1709 = ( GEOMETRIC_REPRESENTATION_CONTEXT(2) 
PARAMETRIC_REPRESENTATION_CONTEXT() REPRESENTATION_CONTEXT('2D SPACE',''
  ) );
#1710 = PCURVE('',#1337,#1711);
#1711 = DEFINITIONAL_REPRESENTATION('',(#1712),#1716);
#1712 = B_SPLINE_CURVE_WITH_KNOTS('',2,(#1713,#1714,#1715),
  .UNSPECIFIED.,.F.,.F.,(3,3),(3.14159265359,4.712388980385),
  .PIECEWISE_BEZIER_KNOTS.);
#1713 = CARTESIAN_POINT('',(6.28318530718,-2.22044604925E-16));
#1714 = CARTESIAN_POINT('',(5.497787143782,2.872179387059E-16));
#1715 = CARTESIAN_POINT('',(4.712388980385,0.));
#1716 = ( GEOMETRIC_REPRESENTATION_CONTEXT(2) 
PARAMETRIC_REPRESENTATION_CONTEXT() REPRESENTATION_CONTEXT('2D SPACE',''
  ) );
#1717 = ORIENTED_EDGE('',*,*,#1122,.T.);
#1718 = ORIENTED_EDGE('',*,*,#1719,.F.);
#1719 = EDGE_CURVE('',#1720,#1098,#1722,.T.);
#1720 = VERTEX_POINT('',#1721);
#1721 = CARTESIAN_POINT('',(1.627192982456,-0.135,-0.769230754438));
#1722 = SURFACE_CURVE('',#1723,(#1727,#1734),.PCURVE_S1.);
#1723 = ( BOUNDED_CURVE() B_SPLINE_CURVE(2,(#1724,#1725,#1726),
.UNSPECIFIED.,.F.,.F.) B_SPLINE_CURVE_WITH_KNOTS((3,3),(3.14159265359,
4.712388980385),.PIECEWISE_BEZIER_KNOTS.) CURVE() 
GEOMETRIC_REPRESENTATION_ITEM() RATIONAL_B_SPLINE_CURVE((1.,
0.707106781187,1.)) REPRESENTATION_ITEM('') );
#1724 = CARTESIAN_POINT('',(1.627192982456,-0.135,-0.769230754438));
#1725 = CARTESIAN_POINT('',(1.75,-0.135,-0.769230754438));
#1726 = CARTESIAN_POINT('',(1.75,4.5E-02,-0.769230754438));
#1727 = PCURVE('',#1134,#1728);
#1728 = DEFINITIONAL_REPRESENTATION('',(#1729),#1733);
#1729 = ( BOUNDED_CURVE() B_SPLINE_CURVE(2,(#1730,#1731,#1732),
.UNSPECIFIED.,.F.,.F.) B_SPLINE_CURVE_WITH_KNOTS((3,3),(3.14159265359,
4.712388980385),.PIECEWISE_BEZIER_KNOTS.) CURVE() 
GEOMETRIC_REPRESENTATION_ITEM() RATIONAL_B_SPLINE_CURVE((1.,
0.707106781187,1.)) REPRESENTATION_ITEM('') );
#1730 = CARTESIAN_POINT('',(0.2,0.));
#1731 = CARTESIAN_POINT('',(0.2,0.2));
#1732 = CARTESIAN_POINT('',(3.885780586188E-16,0.2));
#1733 = ( GEOMETRIC_REPRESENTATION_CONTEXT(2) 
PARAMETRIC_REPRESENTATION_CONTEXT() REPRESENTATION_CONTEXT('2D SPACE',''
  ) );
#1734 = PCURVE('',#1306,#1735);
#1735 = DEFINITIONAL_REPRESENTATION('',(#1736),#1740);
#1736 = B_SPLINE_CURVE_WITH_KNOTS('',2,(#1737,#1738,#1739),
  .UNSPECIFIED.,.F.,.F.,(3,3),(3.14159265359,4.712388980385),
  .PIECEWISE_BEZIER_KNOTS.);
#1737 = CARTESIAN_POINT('',(6.28318530718,-2.22044604925E-16));
#1738 = CARTESIAN_POINT('',(5.497787143782,5.027318199566E-16));
#1739 = CARTESIAN_POINT('',(4.712388980385,-2.22044604925E-16));
#1740 = ( GEOMETRIC_REPRESENTATION_CONTEXT(2) 
PARAMETRIC_REPRESENTATION_CONTEXT() REPRESENTATION_CONTEXT('2D SPACE',''
  ) );
#1741 = ORIENTED_EDGE('',*,*,#1742,.F.);
#1742 = EDGE_CURVE('',#1696,#1720,#1743,.T.);
#1743 = SURFACE_CURVE('',#1744,(#1747,#1753),.PCURVE_S1.);
#1744 = B_SPLINE_CURVE_WITH_KNOTS('',1,(#1745,#1746),.UNSPECIFIED.,.F.,
  .F.,(2,2),(-4.065758146821E-17,0.15),.PIECEWISE_BEZIER_KNOTS.);
#1745 = CARTESIAN_POINT('',(1.627192982456,-6.098637220231E-17,
    -0.769230754438));
#1746 = CARTESIAN_POINT('',(1.627192982456,-0.135,-0.769230754438));
#1747 = PCURVE('',#1134,#1748);
#1748 = DEFINITIONAL_REPRESENTATION('',(#1749),#1752);
#1749 = B_SPLINE_CURVE_WITH_KNOTS('',1,(#1750,#1751),.UNSPECIFIED.,.F.,
  .F.,(2,2),(-4.065758146821E-17,0.15),.PIECEWISE_BEZIER_KNOTS.);
#1750 = CARTESIAN_POINT('',(5.E-02,0.));
#1751 = CARTESIAN_POINT('',(0.2,4.440892098501E-16));
#1752 = ( GEOMETRIC_REPRESENTATION_CONTEXT(2) 
PARAMETRIC_REPRESENTATION_CONTEXT() REPRESENTATION_CONTEXT('2D SPACE',''
  ) );
#1753 = PCURVE('',#1754,#1759);
#1754 = B_SPLINE_SURFACE_WITH_KNOTS('',1,1,(
    (#1755,#1756)
    ,(#1757,#1758
    )),.UNSPECIFIED.,.F.,.F.,.F.,(2,2),(2,2),(-5.237222008265E-16,0.9),(
    -0.15,0.),.PIECEWISE_BEZIER_KNOTS.);
#1755 = CARTESIAN_POINT('',(1.074561403509,-7.49400541622E-17,
    -0.769230754438));
#1756 = CARTESIAN_POINT('',(1.074561403509,-0.135,-0.769230754438));
#1757 = CARTESIAN_POINT('',(1.627192982456,-7.49400541622E-17,
    -0.769230754438));
#1758 = CARTESIAN_POINT('',(1.627192982456,-0.135,-0.769230754438));
#1759 = DEFINITIONAL_REPRESENTATION('',(#1760),#1763);
#1760 = B_SPLINE_CURVE_WITH_KNOTS('',1,(#1761,#1762),.UNSPECIFIED.,.F.,
  .F.,(2,2),(-4.065758146821E-17,0.15),.PIECEWISE_BEZIER_KNOTS.);
#1761 = CARTESIAN_POINT('',(0.9,-0.15));
#1762 = CARTESIAN_POINT('',(0.9,-3.136380044566E-15));
#1763 = ( GEOMETRIC_REPRESENTATION_CONTEXT(2) 
PARAMETRIC_REPRESENTATION_CONTEXT() REPRESENTATION_CONTEXT('2D SPACE',''
  ) );
#1764 = ADVANCED_FACE('',(#1765),#1306,.T.);
#1765 = FACE_BOUND('',#1766,.T.);
#1766 = EDGE_LOOP('',(#1767,#1768,#1769,#1793));
#1767 = ORIENTED_EDGE('',*,*,#1294,.T.);
#1768 = ORIENTED_EDGE('',*,*,#1649,.T.);
#1769 = ORIENTED_EDGE('',*,*,#1770,.F.);
#1770 = EDGE_CURVE('',#1720,#1625,#1771,.T.);
#1771 = SURFACE_CURVE('',#1772,(#1775,#1782),.PCURVE_S1.);
#1772 = B_SPLINE_CURVE_WITH_KNOTS('',1,(#1773,#1774),.UNSPECIFIED.,.F.,
  .F.,(2,2),(-2.5,4.440892098501E-16),.PIECEWISE_BEZIER_KNOTS.);
#1773 = CARTESIAN_POINT('',(1.627192982456,-0.135,-0.769230754438));
#1774 = CARTESIAN_POINT('',(1.627192982456,-0.135,0.769230754438));
#1775 = PCURVE('',#1306,#1776);
#1776 = DEFINITIONAL_REPRESENTATION('',(#1777),#1781);
#1777 = B_SPLINE_CURVE_WITH_KNOTS('',2,(#1778,#1779,#1780),
  .UNSPECIFIED.,.F.,.F.,(3,3),(-2.5,4.440892098501E-16),
  .PIECEWISE_BEZIER_KNOTS.);
#1778 = CARTESIAN_POINT('',(6.28318530718,-2.22044604925E-16));
#1779 = CARTESIAN_POINT('',(6.28318530718,-1.25));
#1780 = CARTESIAN_POINT('',(6.28318530718,-2.5));
#1781 = ( GEOMETRIC_REPRESENTATION_CONTEXT(2) 
PARAMETRIC_REPRESENTATION_CONTEXT() REPRESENTATION_CONTEXT('2D SPACE',''
  ) );
#1782 = PCURVE('',#1783,#1788);
#1783 = B_SPLINE_SURFACE_WITH_KNOTS('',1,1,(
    (#1784,#1785)
    ,(#1786,#1787
    )),.UNSPECIFIED.,.F.,.F.,.F.,(2,2),(2,2),(1.75,2.65),(-1.25,1.25),
  .PIECEWISE_BEZIER_KNOTS.);
#1784 = CARTESIAN_POINT('',(1.074561403509,-0.135,0.769230754438));
#1785 = CARTESIAN_POINT('',(1.074561403509,-0.135,-0.769230754438));
#1786 = CARTESIAN_POINT('',(1.627192982456,-0.135,0.769230754438));
#1787 = CARTESIAN_POINT('',(1.627192982456,-0.135,-0.769230754438));
#1788 = DEFINITIONAL_REPRESENTATION('',(#1789),#1792);
#1789 = B_SPLINE_CURVE_WITH_KNOTS('',1,(#1790,#1791),.UNSPECIFIED.,.F.,
  .F.,(2,2),(-2.5,4.440892098501E-16),.PIECEWISE_BEZIER_KNOTS.);
#1790 = CARTESIAN_POINT('',(2.65,1.25));
#1791 = CARTESIAN_POINT('',(2.65,-1.25));
#1792 = ( GEOMETRIC_REPRESENTATION_CONTEXT(2) 
PARAMETRIC_REPRESENTATION_CONTEXT() REPRESENTATION_CONTEXT('2D SPACE',''
  ) );
#1793 = ORIENTED_EDGE('',*,*,#1719,.T.);
#1794 = ADVANCED_FACE('',(#1795),#1337,.F.);
#1795 = FACE_BOUND('',#1796,.F.);
#1796 = EDGE_LOOP('',(#1797,#1798,#1822,#1823));
#1797 = ORIENTED_EDGE('',*,*,#1671,.T.);
#1798 = ORIENTED_EDGE('',*,*,#1799,.T.);
#1799 = EDGE_CURVE('',#1623,#1696,#1800,.T.);
#1800 = SURFACE_CURVE('',#1801,(#1804,#1811),.PCURVE_S1.);
#1801 = B_SPLINE_CURVE_WITH_KNOTS('',1,(#1802,#1803),.UNSPECIFIED.,.F.,
  .F.,(2,2),(-4.440892098501E-16,2.5),.PIECEWISE_BEZIER_KNOTS.);
#1802 = CARTESIAN_POINT('',(1.627192982456,-5.16779259188E-16,
    0.769230754438));
#1803 = CARTESIAN_POINT('',(1.627192982456,-2.484392214978E-16,
    -0.769230754438));
#1804 = PCURVE('',#1337,#1805);
#1805 = DEFINITIONAL_REPRESENTATION('',(#1806),#1810);
#1806 = B_SPLINE_CURVE_WITH_KNOTS('',2,(#1807,#1808,#1809),
  .UNSPECIFIED.,.F.,.F.,(3,3),(-4.440892098501E-16,2.5),
  .PIECEWISE_BEZIER_KNOTS.);
#1807 = CARTESIAN_POINT('',(6.28318530718,-2.5));
#1808 = CARTESIAN_POINT('',(6.28318530718,-1.25));
#1809 = CARTESIAN_POINT('',(6.28318530718,-2.22044604925E-16));
#1810 = ( GEOMETRIC_REPRESENTATION_CONTEXT(2) 
PARAMETRIC_REPRESENTATION_CONTEXT() REPRESENTATION_CONTEXT('2D SPACE',''
  ) );
#1811 = PCURVE('',#1812,#1817);
#1812 = B_SPLINE_SURFACE_WITH_KNOTS('',1,1,(
    (#1813,#1814)
    ,(#1815,#1816
    )),.UNSPECIFIED.,.F.,.F.,.F.,(2,2),(2,2),(1.75,2.65),(-1.25,1.25),
  .PIECEWISE_BEZIER_KNOTS.);
#1813 = CARTESIAN_POINT('',(1.074561403509,-3.336275540373E-15,
    0.769230754438));
#1814 = CARTESIAN_POINT('',(1.074561403509,-3.067935502683E-15,
    -0.769230754438));
#1815 = CARTESIAN_POINT('',(1.627192982456,-5.16779259188E-16,
    0.769230754438));
#1816 = CARTESIAN_POINT('',(1.627192982456,-2.484392214978E-16,
    -0.769230754438));
#1817 = DEFINITIONAL_REPRESENTATION('',(#1818),#1821);
#1818 = B_SPLINE_CURVE_WITH_KNOTS('',1,(#1819,#1820),.UNSPECIFIED.,.F.,
  .F.,(2,2),(-4.440892098501E-16,2.5),.PIECEWISE_BEZIER_KNOTS.);
#1819 = CARTESIAN_POINT('',(2.65,-1.25));
#1820 = CARTESIAN_POINT('',(2.65,1.25));
#1821 = ( GEOMETRIC_REPRESENTATION_CONTEXT(2) 
PARAMETRIC_REPRESENTATION_CONTEXT() REPRESENTATION_CONTEXT('2D SPACE',''
  ) );
#1822 = ORIENTED_EDGE('',*,*,#1695,.T.);
#1823 = ORIENTED_EDGE('',*,*,#1323,.T.);
#1824 = ADVANCED_FACE('',(#1825),#1754,.T.);
#1825 = FACE_BOUND('',#1826,.T.);
#1826 = EDGE_LOOP('',(#1827,#1847,#1872,#1890));
#1827 = ORIENTED_EDGE('',*,*,#1828,.F.);
#1828 = EDGE_CURVE('',#1829,#1720,#1831,.T.);
#1829 = VERTEX_POINT('',#1830);
#1830 = CARTESIAN_POINT('',(1.074561403509,-0.135,-0.769230754438));
#1831 = SURFACE_CURVE('',#1832,(#1835,#1841),.PCURVE_S1.);
#1832 = B_SPLINE_CURVE_WITH_KNOTS('',1,(#1833,#1834),.UNSPECIFIED.,.F.,
  .F.,(2,2),(0.,0.9),.PIECEWISE_BEZIER_KNOTS.);
#1833 = CARTESIAN_POINT('',(1.074561403509,-0.135,-0.769230754438));
#1834 = CARTESIAN_POINT('',(1.627192982456,-0.135,-0.769230754438));
#1835 = PCURVE('',#1754,#1836);
#1836 = DEFINITIONAL_REPRESENTATION('',(#1837),#1840);
#1837 = B_SPLINE_CURVE_WITH_KNOTS('',1,(#1838,#1839),.UNSPECIFIED.,.F.,
  .F.,(2,2),(0.,0.9),.PIECEWISE_BEZIER_KNOTS.);
#1838 = CARTESIAN_POINT('',(0.,0.));
#1839 = CARTESIAN_POINT('',(0.9,-3.136380044566E-15));
#1840 = ( GEOMETRIC_REPRESENTATION_CONTEXT(2) 
PARAMETRIC_REPRESENTATION_CONTEXT() REPRESENTATION_CONTEXT('2D SPACE',''
  ) );
#1841 = PCURVE('',#1783,#1842);
#1842 = DEFINITIONAL_REPRESENTATION('',(#1843),#1846);
#1843 = B_SPLINE_CURVE_WITH_KNOTS('',1,(#1844,#1845),.UNSPECIFIED.,.F.,
  .F.,(2,2),(0.,0.9),.PIECEWISE_BEZIER_KNOTS.);
#1844 = CARTESIAN_POINT('',(1.75,1.25));
#1845 = CARTESIAN_POINT('',(2.65,1.25));
#1846 = ( GEOMETRIC_REPRESENTATION_CONTEXT(2) 
PARAMETRIC_REPRESENTATION_CONTEXT() REPRESENTATION_CONTEXT('2D SPACE',''
  ) );
#1847 = ORIENTED_EDGE('',*,*,#1848,.T.);
#1848 = EDGE_CURVE('',#1829,#1849,#1851,.T.);
#1849 = VERTEX_POINT('',#1850);
#1850 = CARTESIAN_POINT('',(1.074561403509,-3.064725693619E-15,
    -0.769230754438));
#1851 = SURFACE_CURVE('',#1852,(#1855,#1861),.PCURVE_S1.);
#1852 = B_SPLINE_CURVE_WITH_KNOTS('',1,(#1853,#1854),.UNSPECIFIED.,.F.,
  .F.,(2,2),(2.775557561563E-17,0.15),.PIECEWISE_BEZIER_KNOTS.);
#1853 = CARTESIAN_POINT('',(1.074561403509,-0.135,-0.769230754438));
#1854 = CARTESIAN_POINT('',(1.074561403509,-3.07254222065E-15,
    -0.769230754438));
#1855 = PCURVE('',#1754,#1856);
#1856 = DEFINITIONAL_REPRESENTATION('',(#1857),#1860);
#1857 = B_SPLINE_CURVE_WITH_KNOTS('',1,(#1858,#1859),.UNSPECIFIED.,.F.,
  .F.,(2,2),(2.775557561563E-17,0.15),.PIECEWISE_BEZIER_KNOTS.);
#1858 = CARTESIAN_POINT('',(0.,0.));
#1859 = CARTESIAN_POINT('',(-4.440892098501E-16,-0.15));
#1860 = ( GEOMETRIC_REPRESENTATION_CONTEXT(2) 
PARAMETRIC_REPRESENTATION_CONTEXT() REPRESENTATION_CONTEXT('2D SPACE',''
  ) );
#1861 = PCURVE('',#1862,#1867);
#1862 = B_SPLINE_SURFACE_WITH_KNOTS('',1,1,(
    (#1863,#1864)
    ,(#1865,#1866
    )),.UNSPECIFIED.,.F.,.F.,.F.,(2,2),(2,2),(0.,0.15),(
    -1.788933584601E-17,2.5),.PIECEWISE_BEZIER_KNOTS.);
#1863 = CARTESIAN_POINT('',(1.074561403509,-0.135,0.769230754438));
#1864 = CARTESIAN_POINT('',(1.074561403509,-0.135,-0.769230754438));
#1865 = CARTESIAN_POINT('',(1.074561403509,-3.07254222065E-15,
    0.769230754438));
#1866 = CARTESIAN_POINT('',(1.074561403509,-3.07254222065E-15,
    -0.769230754438));
#1867 = DEFINITIONAL_REPRESENTATION('',(#1868),#1871);
#1868 = B_SPLINE_CURVE_WITH_KNOTS('',1,(#1869,#1870),.UNSPECIFIED.,.F.,
  .F.,(2,2),(2.775557561563E-17,0.15),.PIECEWISE_BEZIER_KNOTS.);
#1869 = CARTESIAN_POINT('',(3.053113317719E-16,2.5));
#1870 = CARTESIAN_POINT('',(0.15,2.5));
#1871 = ( GEOMETRIC_REPRESENTATION_CONTEXT(2) 
PARAMETRIC_REPRESENTATION_CONTEXT() REPRESENTATION_CONTEXT('2D SPACE',''
  ) );
#1872 = ORIENTED_EDGE('',*,*,#1873,.T.);
#1873 = EDGE_CURVE('',#1849,#1696,#1874,.T.);
#1874 = SURFACE_CURVE('',#1875,(#1878,#1884),.PCURVE_S1.);
#1875 = B_SPLINE_CURVE_WITH_KNOTS('',1,(#1876,#1877),.UNSPECIFIED.,.F.,
  .F.,(2,2),(1.75,2.65),.PIECEWISE_BEZIER_KNOTS.);
#1876 = CARTESIAN_POINT('',(1.074561403509,-3.067935502683E-15,
    -0.769230754438));
#1877 = CARTESIAN_POINT('',(1.627192982456,-2.484392214978E-16,
    -0.769230754438));
#1878 = PCURVE('',#1754,#1879);
#1879 = DEFINITIONAL_REPRESENTATION('',(#1880),#1883);
#1880 = B_SPLINE_CURVE_WITH_KNOTS('',1,(#1881,#1882),.UNSPECIFIED.,.F.,
  .F.,(2,2),(1.75,2.65),.PIECEWISE_BEZIER_KNOTS.);
#1881 = CARTESIAN_POINT('',(-4.440892098501E-16,-0.15));
#1882 = CARTESIAN_POINT('',(0.9,-0.15));
#1883 = ( GEOMETRIC_REPRESENTATION_CONTEXT(2) 
PARAMETRIC_REPRESENTATION_CONTEXT() REPRESENTATION_CONTEXT('2D SPACE',''
  ) );
#1884 = PCURVE('',#1812,#1885);
#1885 = DEFINITIONAL_REPRESENTATION('',(#1886),#1889);
#1886 = B_SPLINE_CURVE_WITH_KNOTS('',1,(#1887,#1888),.UNSPECIFIED.,.F.,
  .F.,(2,2),(1.75,2.65),.PIECEWISE_BEZIER_KNOTS.);
#1887 = CARTESIAN_POINT('',(1.75,1.25));
#1888 = CARTESIAN_POINT('',(2.65,1.25));
#1889 = ( GEOMETRIC_REPRESENTATION_CONTEXT(2) 
PARAMETRIC_REPRESENTATION_CONTEXT() REPRESENTATION_CONTEXT('2D SPACE',''
  ) );
#1890 = ORIENTED_EDGE('',*,*,#1742,.T.);
#1891 = ADVANCED_FACE('',(#1892),#1638,.T.);
#1892 = FACE_BOUND('',#1893,.T.);
#1893 = EDGE_LOOP('',(#1894,#1914,#1934,#1952));
#1894 = ORIENTED_EDGE('',*,*,#1895,.T.);
#1895 = EDGE_CURVE('',#1623,#1896,#1898,.T.);
#1896 = VERTEX_POINT('',#1897);
#1897 = CARTESIAN_POINT('',(1.074561403509,-3.333065731309E-15,
    0.769230754438));
#1898 = SURFACE_CURVE('',#1899,(#1902,#1908),.PCURVE_S1.);
#1899 = B_SPLINE_CURVE_WITH_KNOTS('',1,(#1900,#1901),.UNSPECIFIED.,.F.,
  .F.,(2,2),(-2.65,-1.75),.PIECEWISE_BEZIER_KNOTS.);
#1900 = CARTESIAN_POINT('',(1.627192982456,-5.16779259188E-16,
    0.769230754438));
#1901 = CARTESIAN_POINT('',(1.074561403509,-3.336275540373E-15,
    0.769230754438));
#1902 = PCURVE('',#1638,#1903);
#1903 = DEFINITIONAL_REPRESENTATION('',(#1904),#1907);
#1904 = B_SPLINE_CURVE_WITH_KNOTS('',1,(#1905,#1906),.UNSPECIFIED.,.F.,
  .F.,(2,2),(-2.65,-1.75),.PIECEWISE_BEZIER_KNOTS.);
#1905 = CARTESIAN_POINT('',(5.E-02,-0.15));
#1906 = CARTESIAN_POINT('',(0.95,-0.15));
#1907 = ( GEOMETRIC_REPRESENTATION_CONTEXT(2) 
PARAMETRIC_REPRESENTATION_CONTEXT() REPRESENTATION_CONTEXT('2D SPACE',''
  ) );
#1908 = PCURVE('',#1812,#1909);
#1909 = DEFINITIONAL_REPRESENTATION('',(#1910),#1913);
#1910 = B_SPLINE_CURVE_WITH_KNOTS('',1,(#1911,#1912),.UNSPECIFIED.,.F.,
  .F.,(2,2),(-2.65,-1.75),.PIECEWISE_BEZIER_KNOTS.);
#1911 = CARTESIAN_POINT('',(2.65,-1.25));
#1912 = CARTESIAN_POINT('',(1.75,-1.25));
#1913 = ( GEOMETRIC_REPRESENTATION_CONTEXT(2) 
PARAMETRIC_REPRESENTATION_CONTEXT() REPRESENTATION_CONTEXT('2D SPACE',''
  ) );
#1914 = ORIENTED_EDGE('',*,*,#1915,.F.);
#1915 = EDGE_CURVE('',#1916,#1896,#1918,.T.);
#1916 = VERTEX_POINT('',#1917);
#1917 = CARTESIAN_POINT('',(1.074561403509,-0.135,0.769230754438));
#1918 = SURFACE_CURVE('',#1919,(#1922,#1928),.PCURVE_S1.);
#1919 = B_SPLINE_CURVE_WITH_KNOTS('',1,(#1920,#1921),.UNSPECIFIED.,.F.,
  .F.,(2,2),(-2.775557561563E-17,0.15),.PIECEWISE_BEZIER_KNOTS.);
#1920 = CARTESIAN_POINT('',(1.074561403509,-0.135,0.769230754438));
#1921 = CARTESIAN_POINT('',(1.074561403509,-3.322342401191E-15,
    0.769230754438));
#1922 = PCURVE('',#1638,#1923);
#1923 = DEFINITIONAL_REPRESENTATION('',(#1924),#1927);
#1924 = B_SPLINE_CURVE_WITH_KNOTS('',1,(#1925,#1926),.UNSPECIFIED.,.F.,
  .F.,(2,2),(-2.775557561563E-17,0.15),.PIECEWISE_BEZIER_KNOTS.);
#1925 = CARTESIAN_POINT('',(0.95,3.358424649491E-15));
#1926 = CARTESIAN_POINT('',(0.95,-0.15));
#1927 = ( GEOMETRIC_REPRESENTATION_CONTEXT(2) 
PARAMETRIC_REPRESENTATION_CONTEXT() REPRESENTATION_CONTEXT('2D SPACE',''
  ) );
#1928 = PCURVE('',#1862,#1929);
#1929 = DEFINITIONAL_REPRESENTATION('',(#1930),#1933);
#1930 = B_SPLINE_CURVE_WITH_KNOTS('',1,(#1931,#1932),.UNSPECIFIED.,.F.,
  .F.,(2,2),(-2.775557561563E-17,0.15),.PIECEWISE_BEZIER_KNOTS.);
#1931 = CARTESIAN_POINT('',(0.,0.));
#1932 = CARTESIAN_POINT('',(0.15,0.));
#1933 = ( GEOMETRIC_REPRESENTATION_CONTEXT(2) 
PARAMETRIC_REPRESENTATION_CONTEXT() REPRESENTATION_CONTEXT('2D SPACE',''
  ) );
#1934 = ORIENTED_EDGE('',*,*,#1935,.F.);
#1935 = EDGE_CURVE('',#1625,#1916,#1936,.T.);
#1936 = SURFACE_CURVE('',#1937,(#1940,#1946),.PCURVE_S1.);
#1937 = B_SPLINE_CURVE_WITH_KNOTS('',1,(#1938,#1939),.UNSPECIFIED.,.F.,
  .F.,(2,2),(5.E-02,0.95),.PIECEWISE_BEZIER_KNOTS.);
#1938 = CARTESIAN_POINT('',(1.627192982456,-0.135,0.769230754438));
#1939 = CARTESIAN_POINT('',(1.074561403509,-0.135,0.769230754438));
#1940 = PCURVE('',#1638,#1941);
#1941 = DEFINITIONAL_REPRESENTATION('',(#1942),#1945);
#1942 = B_SPLINE_CURVE_WITH_KNOTS('',1,(#1943,#1944),.UNSPECIFIED.,.F.,
  .F.,(2,2),(5.E-02,0.95),.PIECEWISE_BEZIER_KNOTS.);
#1943 = CARTESIAN_POINT('',(5.E-02,1.942890293094E-16));
#1944 = CARTESIAN_POINT('',(0.95,3.330669073875E-15));
#1945 = ( GEOMETRIC_REPRESENTATION_CONTEXT(2) 
PARAMETRIC_REPRESENTATION_CONTEXT() REPRESENTATION_CONTEXT('2D SPACE',''
  ) );
#1946 = PCURVE('',#1783,#1947);
#1947 = DEFINITIONAL_REPRESENTATION('',(#1948),#1951);
#1948 = B_SPLINE_CURVE_WITH_KNOTS('',1,(#1949,#1950),.UNSPECIFIED.,.F.,
  .F.,(2,2),(5.E-02,0.95),.PIECEWISE_BEZIER_KNOTS.);
#1949 = CARTESIAN_POINT('',(2.65,-1.25));
#1950 = CARTESIAN_POINT('',(1.75,-1.25));
#1951 = ( GEOMETRIC_REPRESENTATION_CONTEXT(2) 
PARAMETRIC_REPRESENTATION_CONTEXT() REPRESENTATION_CONTEXT('2D SPACE',''
  ) );
#1952 = ORIENTED_EDGE('',*,*,#1622,.F.);
#1953 = ADVANCED_FACE('',(#1954),#1783,.F.);
#1954 = FACE_BOUND('',#1955,.T.);
#1955 = EDGE_LOOP('',(#1956,#1957,#1958,#1976));
#1956 = ORIENTED_EDGE('',*,*,#1770,.T.);
#1957 = ORIENTED_EDGE('',*,*,#1935,.T.);
#1958 = ORIENTED_EDGE('',*,*,#1959,.T.);
#1959 = EDGE_CURVE('',#1916,#1829,#1960,.T.);
#1960 = SURFACE_CURVE('',#1961,(#1964,#1970),.PCURVE_S1.);
#1961 = B_SPLINE_CURVE_WITH_KNOTS('',1,(#1962,#1963),.UNSPECIFIED.,.F.,
  .F.,(2,2),(0.,2.5),.PIECEWISE_BEZIER_KNOTS.);
#1962 = CARTESIAN_POINT('',(1.074561403509,-0.135,0.769230754438));
#1963 = CARTESIAN_POINT('',(1.074561403509,-0.135,-0.769230754438));
#1964 = PCURVE('',#1783,#1965);
#1965 = DEFINITIONAL_REPRESENTATION('',(#1966),#1969);
#1966 = B_SPLINE_CURVE_WITH_KNOTS('',1,(#1967,#1968),.UNSPECIFIED.,.F.,
  .F.,(2,2),(0.,2.5),.PIECEWISE_BEZIER_KNOTS.);
#1967 = CARTESIAN_POINT('',(1.75,-1.25));
#1968 = CARTESIAN_POINT('',(1.75,1.25));
#1969 = ( GEOMETRIC_REPRESENTATION_CONTEXT(2) 
PARAMETRIC_REPRESENTATION_CONTEXT() REPRESENTATION_CONTEXT('2D SPACE',''
  ) );
#1970 = PCURVE('',#1862,#1971);
#1971 = DEFINITIONAL_REPRESENTATION('',(#1972),#1975);
#1972 = B_SPLINE_CURVE_WITH_KNOTS('',1,(#1973,#1974),.UNSPECIFIED.,.F.,
  .F.,(2,2),(0.,2.5),.PIECEWISE_BEZIER_KNOTS.);
#1973 = CARTESIAN_POINT('',(0.,0.));
#1974 = CARTESIAN_POINT('',(3.053113317719E-16,2.5));
#1975 = ( GEOMETRIC_REPRESENTATION_CONTEXT(2) 
PARAMETRIC_REPRESENTATION_CONTEXT() REPRESENTATION_CONTEXT('2D SPACE',''
  ) );
#1976 = ORIENTED_EDGE('',*,*,#1828,.T.);
#1977 = ADVANCED_FACE('',(#1978),#1812,.T.);
#1978 = FACE_BOUND('',#1979,.T.);
#1979 = EDGE_LOOP('',(#1980,#1981,#1999,#2000));
#1980 = ORIENTED_EDGE('',*,*,#1873,.F.);
#1981 = ORIENTED_EDGE('',*,*,#1982,.F.);
#1982 = EDGE_CURVE('',#1896,#1849,#1983,.T.);
#1983 = SURFACE_CURVE('',#1984,(#1987,#1993),.PCURVE_S1.);
#1984 = B_SPLINE_CURVE_WITH_KNOTS('',1,(#1985,#1986),.UNSPECIFIED.,.F.,
  .F.,(2,2),(-1.25,1.25),.PIECEWISE_BEZIER_KNOTS.);
#1985 = CARTESIAN_POINT('',(1.074561403509,-3.336275540373E-15,
    0.769230754438));
#1986 = CARTESIAN_POINT('',(1.074561403509,-3.067935502683E-15,
    -0.769230754438));
#1987 = PCURVE('',#1812,#1988);
#1988 = DEFINITIONAL_REPRESENTATION('',(#1989),#1992);
#1989 = B_SPLINE_CURVE_WITH_KNOTS('',1,(#1990,#1991),.UNSPECIFIED.,.F.,
  .F.,(2,2),(-1.25,1.25),.PIECEWISE_BEZIER_KNOTS.);
#1990 = CARTESIAN_POINT('',(1.75,-1.25));
#1991 = CARTESIAN_POINT('',(1.75,1.25));
#1992 = ( GEOMETRIC_REPRESENTATION_CONTEXT(2) 
PARAMETRIC_REPRESENTATION_CONTEXT() REPRESENTATION_CONTEXT('2D SPACE',''
  ) );
#1993 = PCURVE('',#1862,#1994);
#1994 = DEFINITIONAL_REPRESENTATION('',(#1995),#1998);
#1995 = B_SPLINE_CURVE_WITH_KNOTS('',1,(#1996,#1997),.UNSPECIFIED.,.F.,
  .F.,(2,2),(-1.25,1.25),.PIECEWISE_BEZIER_KNOTS.);
#1996 = CARTESIAN_POINT('',(0.15,0.));
#1997 = CARTESIAN_POINT('',(0.15,2.5));
#1998 = ( GEOMETRIC_REPRESENTATION_CONTEXT(2) 
PARAMETRIC_REPRESENTATION_CONTEXT() REPRESENTATION_CONTEXT('2D SPACE',''
  ) );
#1999 = ORIENTED_EDGE('',*,*,#1895,.F.);
#2000 = ORIENTED_EDGE('',*,*,#1799,.T.);
#2001 = ADVANCED_FACE('',(#2002),#1862,.T.);
#2002 = FACE_BOUND('',#2003,.T.);
#2003 = EDGE_LOOP('',(#2004,#2005,#2006,#2007));
#2004 = ORIENTED_EDGE('',*,*,#1982,.T.);
#2005 = ORIENTED_EDGE('',*,*,#1848,.F.);
#2006 = ORIENTED_EDGE('',*,*,#1959,.F.);
#2007 = ORIENTED_EDGE('',*,*,#1915,.T.);
#2008 = ( GEOMETRIC_REPRESENTATION_CONTEXT(3) 
GLOBAL_UNCERTAINTY_ASSIGNED_CONTEXT((#2012)) 
GLOBAL_UNIT_ASSIGNED_CONTEXT((#2009,#2010,#2011)) REPRESENTATION_CONTEXT
('Context #1','3D Context with UNIT and UNCERTAINTY') );
#2009 = ( LENGTH_UNIT() NAMED_UNIT(*) SI_UNIT(.MILLI.,.METRE.) );
#2010 = ( NAMED_UNIT(*) PLANE_ANGLE_UNIT() SI_UNIT($,.RADIAN.) );
#2011 = ( NAMED_UNIT(*) SI_UNIT($,.STERADIAN.) SOLID_ANGLE_UNIT() );
#2012 = UNCERTAINTY_MEASURE_WITH_UNIT(LENGTH_MEASURE(1.E-07),#2009,
  'distance_accuracy_value','confusion accuracy');
#2013 = CONTEXT_DEPENDENT_SHAPE_REPRESENTATION(#2014,#2016);
#2014 = ( REPRESENTATION_RELATIONSHIP('','',#1033,#10) 
REPRESENTATION_RELATIONSHIP_WITH_TRANSFORMATION(#2015) 
SHAPE_REPRESENTATION_RELATIONSHIP() );
#2015 = ITEM_DEFINED_TRANSFORMATION('','',#11,#19);
#2016 = PRODUCT_DEFINITION_SHAPE('Placement','Placement of an item',
  #2017);
#2017 = NEXT_ASSEMBLY_USAGE_OCCURRENCE('2','','',#5,#1028,$);
#2018 = PRODUCT_RELATED_PRODUCT_CATEGORY('part',$,(#1030));
#2019 = SHAPE_DEFINITION_REPRESENTATION(#2020,#2026);
#2020 = PRODUCT_DEFINITION_SHAPE('','',#2021);
#2021 = PRODUCT_DEFINITION('design','',#2022,#2025);
#2022 = PRODUCT_DEFINITION_FORMATION('','',#2023);
#2023 = PRODUCT('Open CASCADE STEP translator 7.8 1.3',
  'Open CASCADE STEP translator 7.8 1.3','',(#2024));
#2024 = PRODUCT_CONTEXT('',#2,'mechanical');
#2025 = PRODUCT_DEFINITION_CONTEXT('part definition',#2,'design');
#2026 = ADVANCED_BREP_SHAPE_REPRESENTATION('',(#11,#2027),#4151);
#2027 = MANIFOLD_SOLID_BREP('',#2028);
#2028 = CLOSED_SHELL('',(#2029,#2157,#2243,#2337,#2423,#2517,#2603,#2692
    ,#2749,#2933,#3339,#3519,#3562,#3587,#3612,#3637,#3662,#3687,#3712,
    #3719,#3766,#3793,#3820,#3847,#3874,#3901,#3928,#3935,#3982,#4009,
    #4036,#4063,#4090,#4117,#4144));
#2029 = ADVANCED_FACE('',(#2030),#2043,.T.);
#2030 = FACE_BOUND('',#2031,.T.);
#2031 = EDGE_LOOP('',(#2032,#2067,#2100,#2126));
#2032 = ORIENTED_EDGE('',*,*,#2033,.F.);
#2033 = EDGE_CURVE('',#2034,#2036,#2038,.T.);
#2034 = VERTEX_POINT('',#2035);
#2035 = CARTESIAN_POINT('',(1.657894736842,1.53,1.292307667456));
#2036 = VERTEX_POINT('',#2037);
#2037 = CARTESIAN_POINT('',(1.657894736842,9.E-02,1.292307667456));
#2038 = SURFACE_CURVE('',#2039,(#2042,#2056),.PCURVE_S1.);
#2039 = B_SPLINE_CURVE_WITH_KNOTS('',1,(#2040,#2041),.UNSPECIFIED.,.F.,
  .F.,(2,2),(0.15,1.75),.PIECEWISE_BEZIER_KNOTS.);
#2040 = CARTESIAN_POINT('',(1.657894736842,1.53,1.292307667456));
#2041 = CARTESIAN_POINT('',(1.657894736842,9.E-02,1.292307667456));
#2042 = PCURVE('',#2043,#2050);
#2043 = ( BOUNDED_SURFACE() B_SPLINE_SURFACE(2,1,(
    (#2044,#2045)
    ,(#2046,#2047)
    ,(#2048,#2049
)),.UNSPECIFIED.,.F.,.F.,.F.) B_SPLINE_SURFACE_WITH_KNOTS((3,3),(2,2),(
    1.570796326795,3.14159265359),(0.15,1.75),.PIECEWISE_BEZIER_KNOTS.) 
GEOMETRIC_REPRESENTATION_ITEM() RATIONAL_B_SPLINE_SURFACE((
    (1.,1.)
    ,(0.707106781187,0.707106781187)
,(1.,1.))) REPRESENTATION_ITEM('') SURFACE() );
#2044 = CARTESIAN_POINT('',(1.657894736842,1.53,1.292307667456));
#2045 = CARTESIAN_POINT('',(1.657894736842,9.E-02,1.292307667456));
#2046 = CARTESIAN_POINT('',(1.657894736842,1.53,1.599999969231));
#2047 = CARTESIAN_POINT('',(1.657894736842,9.E-02,1.599999969231));
#2048 = CARTESIAN_POINT('',(1.350877192982,1.53,1.599999969231));
#2049 = CARTESIAN_POINT('',(1.350877192982,9.E-02,1.599999969231));
#2050 = DEFINITIONAL_REPRESENTATION('',(#2051),#2055);
#2051 = B_SPLINE_CURVE_WITH_KNOTS('',2,(#2052,#2053,#2054),
  .UNSPECIFIED.,.F.,.F.,(3,3),(0.15,1.75),.PIECEWISE_BEZIER_KNOTS.);
#2052 = CARTESIAN_POINT('',(1.570796326795,0.15));
#2053 = CARTESIAN_POINT('',(1.570796326795,0.95));
#2054 = CARTESIAN_POINT('',(1.570796326795,1.75));
#2055 = ( GEOMETRIC_REPRESENTATION_CONTEXT(2) 
PARAMETRIC_REPRESENTATION_CONTEXT() REPRESENTATION_CONTEXT('2D SPACE',''
  ) );
#2056 = PCURVE('',#2057,#2062);
#2057 = B_SPLINE_SURFACE_WITH_KNOTS('',1,1,(
    (#2058,#2059)
    ,(#2060,#2061
    )),.UNSPECIFIED.,.F.,.F.,.F.,(2,2),(2,2),(-4.2,0.),(-1.75,-0.15),
  .PIECEWISE_BEZIER_KNOTS.);
#2058 = CARTESIAN_POINT('',(1.657894736842,9.E-02,-1.292307667456));
#2059 = CARTESIAN_POINT('',(1.657894736842,1.53,-1.292307667456));
#2060 = CARTESIAN_POINT('',(1.657894736842,9.E-02,1.292307667456));
#2061 = CARTESIAN_POINT('',(1.657894736842,1.53,1.292307667456));
#2062 = DEFINITIONAL_REPRESENTATION('',(#2063),#2066);
#2063 = B_SPLINE_CURVE_WITH_KNOTS('',1,(#2064,#2065),.UNSPECIFIED.,.F.,
  .F.,(2,2),(0.15,1.75),.PIECEWISE_BEZIER_KNOTS.);
#2064 = CARTESIAN_POINT('',(0.,-0.15));
#2065 = CARTESIAN_POINT('',(0.,-1.75));
#2066 = ( GEOMETRIC_REPRESENTATION_CONTEXT(2) 
PARAMETRIC_REPRESENTATION_CONTEXT() REPRESENTATION_CONTEXT('2D SPACE',''
  ) );
#2067 = ORIENTED_EDGE('',*,*,#2068,.T.);
#2068 = EDGE_CURVE('',#2034,#2069,#2071,.T.);
#2069 = VERTEX_POINT('',#2070);
#2070 = CARTESIAN_POINT('',(1.350877192982,1.53,1.599999969231));
#2071 = SURFACE_CURVE('',#2072,(#2076,#2083),.PCURVE_S1.);
#2072 = ( BOUNDED_CURVE() B_SPLINE_CURVE(2,(#2073,#2074,#2075),
.UNSPECIFIED.,.F.,.F.) B_SPLINE_CURVE_WITH_KNOTS((3,3),(4.712388980385,
6.28318530718),.PIECEWISE_BEZIER_KNOTS.) CURVE() 
GEOMETRIC_REPRESENTATION_ITEM() RATIONAL_B_SPLINE_CURVE((1.,
0.707106781187,1.)) REPRESENTATION_ITEM('') );
#2073 = CARTESIAN_POINT('',(1.657894736842,1.53,1.292307667456));
#2074 = CARTESIAN_POINT('',(1.657894736842,1.53,1.599999969231));
#2075 = CARTESIAN_POINT('',(1.350877192982,1.53,1.599999969231));
#2076 = PCURVE('',#2043,#2077);
#2077 = DEFINITIONAL_REPRESENTATION('',(#2078),#2082);
#2078 = B_SPLINE_CURVE_WITH_KNOTS('',2,(#2079,#2080,#2081),
  .UNSPECIFIED.,.F.,.F.,(3,3),(4.712388980385,6.28318530718),
  .PIECEWISE_BEZIER_KNOTS.);
#2079 = CARTESIAN_POINT('',(1.570796326795,0.15));
#2080 = CARTESIAN_POINT('',(2.356194490192,0.15));
#2081 = CARTESIAN_POINT('',(3.14159265359,0.15));
#2082 = ( GEOMETRIC_REPRESENTATION_CONTEXT(2) 
PARAMETRIC_REPRESENTATION_CONTEXT() REPRESENTATION_CONTEXT('2D SPACE',''
  ) );
#2083 = PCURVE('',#2084,#2094);
#2084 = ( BOUNDED_SURFACE() B_SPLINE_SURFACE(2,2,(
    (#2085,#2086,#2087)
    ,(#2088,#2089,#2090)
    ,(#2091,#2092,#2093
)),.UNSPECIFIED.,.F.,.F.,.F.) B_SPLINE_SURFACE_WITH_KNOTS((3,3),(3,3),(
    0.,1.570796326795),(0.,1.570796326795),.PIECEWISE_BEZIER_KNOTS.) 
GEOMETRIC_REPRESENTATION_ITEM() RATIONAL_B_SPLINE_SURFACE((
    (1.,0.707106781187,1.)
    ,(0.707106781187,0.5,0.707106781187)
,(1.,0.707106781187,1.))) REPRESENTATION_ITEM('') SURFACE() );
#2085 = CARTESIAN_POINT('',(1.350877192982,1.53,1.599999969231));
#2086 = CARTESIAN_POINT('',(1.350877192982,1.62,1.599999969231));
#2087 = CARTESIAN_POINT('',(1.350877192982,1.62,1.538461508876));
#2088 = CARTESIAN_POINT('',(1.657894736842,1.53,1.599999969231));
#2089 = CARTESIAN_POINT('',(1.657894736842,1.62,1.599999969231));
#2090 = CARTESIAN_POINT('',(1.59649122807,1.62,1.538461508876));
#2091 = CARTESIAN_POINT('',(1.657894736842,1.53,1.292307667456));
#2092 = CARTESIAN_POINT('',(1.657894736842,1.62,1.292307667456));
#2093 = CARTESIAN_POINT('',(1.59649122807,1.62,1.292307667456));
#2094 = DEFINITIONAL_REPRESENTATION('',(#2095),#2099);
#2095 = B_SPLINE_CURVE_WITH_KNOTS('',2,(#2096,#2097,#2098),
  .UNSPECIFIED.,.F.,.F.,(3,3),(4.712388980385,6.28318530718),
  .PIECEWISE_BEZIER_KNOTS.);
#2096 = CARTESIAN_POINT('',(1.570796326795,0.));
#2097 = CARTESIAN_POINT('',(0.785398163397,0.));
#2098 = CARTESIAN_POINT('',(0.,0.));
#2099 = ( GEOMETRIC_REPRESENTATION_CONTEXT(2) 
PARAMETRIC_REPRESENTATION_CONTEXT() REPRESENTATION_CONTEXT('2D SPACE',''
  ) );
#2100 = ORIENTED_EDGE('',*,*,#2101,.T.);
#2101 = EDGE_CURVE('',#2069,#2102,#2104,.T.);
#2102 = VERTEX_POINT('',#2103);
#2103 = CARTESIAN_POINT('',(1.350877192982,9.E-02,1.599999969231));
#2104 = SURFACE_CURVE('',#2105,(#2108,#2115),.PCURVE_S1.);
#2105 = B_SPLINE_CURVE_WITH_KNOTS('',1,(#2106,#2107),.UNSPECIFIED.,.F.,
  .F.,(2,2),(0.15,1.75),.PIECEWISE_BEZIER_KNOTS.);
#2106 = CARTESIAN_POINT('',(1.350877192982,1.53,1.599999969231));
#2107 = CARTESIAN_POINT('',(1.350877192982,9.E-02,1.599999969231));
#2108 = PCURVE('',#2043,#2109);
#2109 = DEFINITIONAL_REPRESENTATION('',(#2110),#2114);
#2110 = B_SPLINE_CURVE_WITH_KNOTS('',2,(#2111,#2112,#2113),
  .UNSPECIFIED.,.F.,.F.,(3,3),(0.15,1.75),.PIECEWISE_BEZIER_KNOTS.);
#2111 = CARTESIAN_POINT('',(3.14159265359,0.15));
#2112 = CARTESIAN_POINT('',(3.14159265359,0.95));
#2113 = CARTESIAN_POINT('',(3.14159265359,1.75));
#2114 = ( GEOMETRIC_REPRESENTATION_CONTEXT(2) 
PARAMETRIC_REPRESENTATION_CONTEXT() REPRESENTATION_CONTEXT('2D SPACE',''
  ) );
#2115 = PCURVE('',#2116,#2121);
#2116 = B_SPLINE_SURFACE_WITH_KNOTS('',1,1,(
    (#2117,#2118)
    ,(#2119,#2120
    )),.UNSPECIFIED.,.F.,.F.,.F.,(2,2),(2,2),(0.,4.4),(-1.75,-0.15),
  .PIECEWISE_BEZIER_KNOTS.);
#2117 = CARTESIAN_POINT('',(1.350877192982,9.E-02,1.599999969231));
#2118 = CARTESIAN_POINT('',(1.350877192982,1.53,1.599999969231));
#2119 = CARTESIAN_POINT('',(-1.350877192982,9.E-02,1.599999969231));
#2120 = CARTESIAN_POINT('',(-1.350877192982,1.53,1.599999969231));
#2121 = DEFINITIONAL_REPRESENTATION('',(#2122),#2125);
#2122 = B_SPLINE_CURVE_WITH_KNOTS('',1,(#2123,#2124),.UNSPECIFIED.,.F.,
  .F.,(2,2),(0.15,1.75),.PIECEWISE_BEZIER_KNOTS.);
#2123 = CARTESIAN_POINT('',(0.,-0.15));
#2124 = CARTESIAN_POINT('',(0.,-1.75));
#2125 = ( GEOMETRIC_REPRESENTATION_CONTEXT(2) 
PARAMETRIC_REPRESENTATION_CONTEXT() REPRESENTATION_CONTEXT('2D SPACE',''
  ) );
#2126 = ORIENTED_EDGE('',*,*,#2127,.T.);
#2127 = EDGE_CURVE('',#2102,#2036,#2128,.T.);
#2128 = SURFACE_CURVE('',#2129,(#2133,#2140),.PCURVE_S1.);
#2129 = ( BOUNDED_CURVE() B_SPLINE_CURVE(2,(#2130,#2131,#2132),
.UNSPECIFIED.,.F.,.F.) B_SPLINE_CURVE_WITH_KNOTS((3,3),(0.,
1.570796326795),.PIECEWISE_BEZIER_KNOTS.) CURVE() 
GEOMETRIC_REPRESENTATION_ITEM() RATIONAL_B_SPLINE_CURVE((1.,
0.707106781187,1.)) REPRESENTATION_ITEM('') );
#2130 = CARTESIAN_POINT('',(1.350877192982,9.E-02,1.599999969231));
#2131 = CARTESIAN_POINT('',(1.657894736842,9.E-02,1.599999969231));
#2132 = CARTESIAN_POINT('',(1.657894736842,9.E-02,1.292307667456));
#2133 = PCURVE('',#2043,#2134);
#2134 = DEFINITIONAL_REPRESENTATION('',(#2135),#2139);
#2135 = B_SPLINE_CURVE_WITH_KNOTS('',2,(#2136,#2137,#2138),
  .UNSPECIFIED.,.F.,.F.,(3,3),(0.,1.570796326795),
  .PIECEWISE_BEZIER_KNOTS.);
#2136 = CARTESIAN_POINT('',(3.14159265359,1.75));
#2137 = CARTESIAN_POINT('',(2.356194490192,1.75));
#2138 = CARTESIAN_POINT('',(1.570796326795,1.75));
#2139 = ( GEOMETRIC_REPRESENTATION_CONTEXT(2) 
PARAMETRIC_REPRESENTATION_CONTEXT() REPRESENTATION_CONTEXT('2D SPACE',''
  ) );
#2140 = PCURVE('',#2141,#2151);
#2141 = ( BOUNDED_SURFACE() B_SPLINE_SURFACE(2,2,(
    (#2142,#2143,#2144)
    ,(#2145,#2146,#2147)
    ,(#2148,#2149,#2150
)),.UNSPECIFIED.,.F.,.F.,.F.) B_SPLINE_SURFACE_WITH_KNOTS((3,3),(3,3),(
    0.,1.570796326795),(4.712388980385,6.28318530718),
.PIECEWISE_BEZIER_KNOTS.) GEOMETRIC_REPRESENTATION_ITEM() 
RATIONAL_B_SPLINE_SURFACE((
    (1.,0.707106781187,1.)
    ,(0.707106781187,0.5,0.707106781187)
,(1.,0.707106781187,1.))) REPRESENTATION_ITEM('') SURFACE() );
#2142 = CARTESIAN_POINT('',(1.350877192982,3.74700270811E-17,
    1.538461508876));
#2143 = CARTESIAN_POINT('',(1.350877192982,3.74700270811E-17,
    1.599999969231));
#2144 = CARTESIAN_POINT('',(1.350877192982,9.E-02,1.599999969231));
#2145 = CARTESIAN_POINT('',(1.59649122807,3.74700270811E-17,
    1.538461508876));
#2146 = CARTESIAN_POINT('',(1.657894736842,3.74700270811E-17,
    1.599999969231));
#2147 = CARTESIAN_POINT('',(1.657894736842,9.E-02,1.599999969231));
#2148 = CARTESIAN_POINT('',(1.59649122807,3.74700270811E-17,
    1.292307667456));
#2149 = CARTESIAN_POINT('',(1.657894736842,3.74700270811E-17,
    1.292307667456));
#2150 = CARTESIAN_POINT('',(1.657894736842,9.E-02,1.292307667456));
#2151 = DEFINITIONAL_REPRESENTATION('',(#2152),#2156);
#2152 = B_SPLINE_CURVE_WITH_KNOTS('',2,(#2153,#2154,#2155),
  .UNSPECIFIED.,.F.,.F.,(3,3),(0.,1.570796326795),
  .PIECEWISE_BEZIER_KNOTS.);
#2153 = CARTESIAN_POINT('',(0.,6.28318530718));
#2154 = CARTESIAN_POINT('',(0.785398163397,6.28318530718));
#2155 = CARTESIAN_POINT('',(1.570796326795,6.28318530718));
#2156 = ( GEOMETRIC_REPRESENTATION_CONTEXT(2) 
PARAMETRIC_REPRESENTATION_CONTEXT() REPRESENTATION_CONTEXT('2D SPACE',''
  ) );
#2157 = ADVANCED_FACE('',(#2158),#2057,.F.);
#2158 = FACE_BOUND('',#2159,.T.);
#2159 = EDGE_LOOP('',(#2160,#2190,#2216,#2217));
#2160 = ORIENTED_EDGE('',*,*,#2161,.F.);
#2161 = EDGE_CURVE('',#2162,#2164,#2166,.T.);
#2162 = VERTEX_POINT('',#2163);
#2163 = CARTESIAN_POINT('',(1.657894736842,1.53,-1.292307667456));
#2164 = VERTEX_POINT('',#2165);
#2165 = CARTESIAN_POINT('',(1.657894736842,9.E-02,-1.292307667456));
#2166 = SURFACE_CURVE('',#2167,(#2170,#2176),.PCURVE_S1.);
#2167 = B_SPLINE_CURVE_WITH_KNOTS('',1,(#2168,#2169),.UNSPECIFIED.,.F.,
  .F.,(2,2),(0.15,1.75),.PIECEWISE_BEZIER_KNOTS.);
#2168 = CARTESIAN_POINT('',(1.657894736842,1.53,-1.292307667456));
#2169 = CARTESIAN_POINT('',(1.657894736842,9.E-02,-1.292307667456));
#2170 = PCURVE('',#2057,#2171);
#2171 = DEFINITIONAL_REPRESENTATION('',(#2172),#2175);
#2172 = B_SPLINE_CURVE_WITH_KNOTS('',1,(#2173,#2174),.UNSPECIFIED.,.F.,
  .F.,(2,2),(0.15,1.75),.PIECEWISE_BEZIER_KNOTS.);
#2173 = CARTESIAN_POINT('',(-4.2,-0.15));
#2174 = CARTESIAN_POINT('',(-4.2,-1.75));
#2175 = ( GEOMETRIC_REPRESENTATION_CONTEXT(2) 
PARAMETRIC_REPRESENTATION_CONTEXT() REPRESENTATION_CONTEXT('2D SPACE',''
  ) );
#2176 = PCURVE('',#2177,#2184);
#2177 = ( BOUNDED_SURFACE() B_SPLINE_SURFACE(2,1,(
    (#2178,#2179)
    ,(#2180,#2181)
    ,(#2182,#2183
)),.UNSPECIFIED.,.F.,.F.,.F.) B_SPLINE_SURFACE_WITH_KNOTS((3,3),(2,2),(
    0.,1.570796326795),(0.15,1.75),.PIECEWISE_BEZIER_KNOTS.) 
GEOMETRIC_REPRESENTATION_ITEM() RATIONAL_B_SPLINE_SURFACE((
    (1.,1.)
    ,(0.707106781187,0.707106781187)
,(1.,1.))) REPRESENTATION_ITEM('') SURFACE() );
#2178 = CARTESIAN_POINT('',(1.350877192982,1.53,-1.599999969231));
#2179 = CARTESIAN_POINT('',(1.350877192982,9.E-02,-1.599999969231));
#2180 = CARTESIAN_POINT('',(1.657894736842,1.53,-1.599999969231));
#2181 = CARTESIAN_POINT('',(1.657894736842,9.E-02,-1.599999969231));
#2182 = CARTESIAN_POINT('',(1.657894736842,1.53,-1.292307667456));
#2183 = CARTESIAN_POINT('',(1.657894736842,9.E-02,-1.292307667456));
#2184 = DEFINITIONAL_REPRESENTATION('',(#2185),#2189);
#2185 = B_SPLINE_CURVE_WITH_KNOTS('',2,(#2186,#2187,#2188),
  .UNSPECIFIED.,.F.,.F.,(3,3),(0.15,1.75),.PIECEWISE_BEZIER_KNOTS.);
#2186 = CARTESIAN_POINT('',(1.570796326795,0.15));
#2187 = CARTESIAN_POINT('',(1.570796326795,0.95));
#2188 = CARTESIAN_POINT('',(1.570796326795,1.75));
#2189 = ( GEOMETRIC_REPRESENTATION_CONTEXT(2) 
PARAMETRIC_REPRESENTATION_CONTEXT() REPRESENTATION_CONTEXT('2D SPACE',''
  ) );
#2190 = ORIENTED_EDGE('',*,*,#2191,.T.);
#2191 = EDGE_CURVE('',#2162,#2034,#2192,.T.);
#2192 = SURFACE_CURVE('',#2193,(#2196,#2202),.PCURVE_S1.);
#2193 = B_SPLINE_CURVE_WITH_KNOTS('',1,(#2194,#2195),.UNSPECIFIED.,.F.,
  .F.,(2,2),(-4.2,0.),.PIECEWISE_BEZIER_KNOTS.);
#2194 = CARTESIAN_POINT('',(1.657894736842,1.53,-1.292307667456));
#2195 = CARTESIAN_POINT('',(1.657894736842,1.53,1.292307667456));
#2196 = PCURVE('',#2057,#2197);
#2197 = DEFINITIONAL_REPRESENTATION('',(#2198),#2201);
#2198 = B_SPLINE_CURVE_WITH_KNOTS('',1,(#2199,#2200),.UNSPECIFIED.,.F.,
  .F.,(2,2),(-4.2,0.),.PIECEWISE_BEZIER_KNOTS.);
#2199 = CARTESIAN_POINT('',(-4.2,-0.15));
#2200 = CARTESIAN_POINT('',(0.,-0.15));
#2201 = ( GEOMETRIC_REPRESENTATION_CONTEXT(2) 
PARAMETRIC_REPRESENTATION_CONTEXT() REPRESENTATION_CONTEXT('2D SPACE',''
  ) );
#2202 = PCURVE('',#2203,#2210);
#2203 = ( BOUNDED_SURFACE() B_SPLINE_SURFACE(2,1,(
    (#2204,#2205)
    ,(#2206,#2207)
    ,(#2208,#2209
)),.UNSPECIFIED.,.F.,.F.,.F.) B_SPLINE_SURFACE_WITH_KNOTS((3,3),(2,2),(
    0.,1.570796326795),(-4.2,0.),.PIECEWISE_BEZIER_KNOTS.) 
GEOMETRIC_REPRESENTATION_ITEM() RATIONAL_B_SPLINE_SURFACE((
    (1.,1.)
    ,(0.707106781187,0.707106781187)
,(1.,1.))) REPRESENTATION_ITEM('') SURFACE() );
#2204 = CARTESIAN_POINT('',(1.657894736842,1.53,-1.292307667456));
#2205 = CARTESIAN_POINT('',(1.657894736842,1.53,1.292307667456));
#2206 = CARTESIAN_POINT('',(1.657894736842,1.62,-1.292307667456));
#2207 = CARTESIAN_POINT('',(1.657894736842,1.62,1.292307667456));
#2208 = CARTESIAN_POINT('',(1.59649122807,1.62,-1.292307667456));
#2209 = CARTESIAN_POINT('',(1.59649122807,1.62,1.292307667456));
#2210 = DEFINITIONAL_REPRESENTATION('',(#2211),#2215);
#2211 = B_SPLINE_CURVE_WITH_KNOTS('',2,(#2212,#2213,#2214),
  .UNSPECIFIED.,.F.,.F.,(3,3),(-4.2,0.),.PIECEWISE_BEZIER_KNOTS.);
#2212 = CARTESIAN_POINT('',(0.,-4.2));
#2213 = CARTESIAN_POINT('',(5.486649185579E-30,-2.1));
#2214 = CARTESIAN_POINT('',(0.,0.));
#2215 = ( GEOMETRIC_REPRESENTATION_CONTEXT(2) 
PARAMETRIC_REPRESENTATION_CONTEXT() REPRESENTATION_CONTEXT('2D SPACE',''
  ) );
#2216 = ORIENTED_EDGE('',*,*,#2033,.T.);
#2217 = ORIENTED_EDGE('',*,*,#2218,.T.);
#2218 = EDGE_CURVE('',#2036,#2164,#2219,.T.);
#2219 = SURFACE_CURVE('',#2220,(#2223,#2229),.PCURVE_S1.);
#2220 = B_SPLINE_CURVE_WITH_KNOTS('',1,(#2221,#2222),.UNSPECIFIED.,.F.,
  .F.,(2,2),(0.,4.2),.PIECEWISE_BEZIER_KNOTS.);
#2221 = CARTESIAN_POINT('',(1.657894736842,9.E-02,1.292307667456));
#2222 = CARTESIAN_POINT('',(1.657894736842,9.E-02,-1.292307667456));
#2223 = PCURVE('',#2057,#2224);
#2224 = DEFINITIONAL_REPRESENTATION('',(#2225),#2228);
#2225 = B_SPLINE_CURVE_WITH_KNOTS('',1,(#2226,#2227),.UNSPECIFIED.,.F.,
  .F.,(2,2),(0.,4.2),.PIECEWISE_BEZIER_KNOTS.);
#2226 = CARTESIAN_POINT('',(0.,-1.75));
#2227 = CARTESIAN_POINT('',(-4.2,-1.75));
#2228 = ( GEOMETRIC_REPRESENTATION_CONTEXT(2) 
PARAMETRIC_REPRESENTATION_CONTEXT() REPRESENTATION_CONTEXT('2D SPACE',''
  ) );
#2229 = PCURVE('',#2230,#2237);
#2230 = ( BOUNDED_SURFACE() B_SPLINE_SURFACE(2,1,(
    (#2231,#2232)
    ,(#2233,#2234)
    ,(#2235,#2236
)),.UNSPECIFIED.,.F.,.F.,.F.) B_SPLINE_SURFACE_WITH_KNOTS((3,3),(2,2),(
    3.14159265359,4.712388980385),(-9.171094973273E-32,4.2),
.PIECEWISE_BEZIER_KNOTS.) GEOMETRIC_REPRESENTATION_ITEM() 
RATIONAL_B_SPLINE_SURFACE((
    (1.,1.)
    ,(0.707106781187,0.707106781187)
,(1.,1.))) REPRESENTATION_ITEM('') SURFACE() );
#2231 = CARTESIAN_POINT('',(1.657894736842,9.E-02,1.292307667456));
#2232 = CARTESIAN_POINT('',(1.657894736842,9.E-02,-1.292307667456));
#2233 = CARTESIAN_POINT('',(1.657894736842,2.123301534596E-16,
    1.292307667456));
#2234 = CARTESIAN_POINT('',(1.657894736842,2.123301534596E-16,
    -1.292307667456));
#2235 = CARTESIAN_POINT('',(1.59649122807,1.998401444325E-16,
    1.292307667456));
#2236 = CARTESIAN_POINT('',(1.59649122807,1.998401444325E-16,
    -1.292307667456));
#2237 = DEFINITIONAL_REPRESENTATION('',(#2238),#2242);
#2238 = B_SPLINE_CURVE_WITH_KNOTS('',2,(#2239,#2240,#2241),
  .UNSPECIFIED.,.F.,.F.,(3,3),(0.,4.2),.PIECEWISE_BEZIER_KNOTS.);
#2239 = CARTESIAN_POINT('',(3.14159265359,0.));
#2240 = CARTESIAN_POINT('',(3.14159265359,2.1));
#2241 = CARTESIAN_POINT('',(3.14159265359,4.2));
#2242 = ( GEOMETRIC_REPRESENTATION_CONTEXT(2) 
PARAMETRIC_REPRESENTATION_CONTEXT() REPRESENTATION_CONTEXT('2D SPACE',''
  ) );
#2243 = ADVANCED_FACE('',(#2244),#2177,.T.);
#2244 = FACE_BOUND('',#2245,.T.);
#2245 = EDGE_LOOP('',(#2246,#2274,#2305,#2306));
#2246 = ORIENTED_EDGE('',*,*,#2247,.F.);
#2247 = EDGE_CURVE('',#2248,#2250,#2252,.T.);
#2248 = VERTEX_POINT('',#2249);
#2249 = CARTESIAN_POINT('',(1.350877192982,1.53,-1.599999969231));
#2250 = VERTEX_POINT('',#2251);
#2251 = CARTESIAN_POINT('',(1.350877192982,9.E-02,-1.599999969231));
#2252 = SURFACE_CURVE('',#2253,(#2256,#2263),.PCURVE_S1.);
#2253 = B_SPLINE_CURVE_WITH_KNOTS('',1,(#2254,#2255),.UNSPECIFIED.,.F.,
  .F.,(2,2),(0.15,1.75),.PIECEWISE_BEZIER_KNOTS.);
#2254 = CARTESIAN_POINT('',(1.350877192982,1.53,-1.599999969231));
#2255 = CARTESIAN_POINT('',(1.350877192982,9.E-02,-1.599999969231));
#2256 = PCURVE('',#2177,#2257);
#2257 = DEFINITIONAL_REPRESENTATION('',(#2258),#2262);
#2258 = B_SPLINE_CURVE_WITH_KNOTS('',2,(#2259,#2260,#2261),
  .UNSPECIFIED.,.F.,.F.,(3,3),(0.15,1.75),.PIECEWISE_BEZIER_KNOTS.);
#2259 = CARTESIAN_POINT('',(0.,0.15));
#2260 = CARTESIAN_POINT('',(0.,0.95));
#2261 = CARTESIAN_POINT('',(0.,1.75));
#2262 = ( GEOMETRIC_REPRESENTATION_CONTEXT(2) 
PARAMETRIC_REPRESENTATION_CONTEXT() REPRESENTATION_CONTEXT('2D SPACE',''
  ) );
#2263 = PCURVE('',#2264,#2269);
#2264 = B_SPLINE_SURFACE_WITH_KNOTS('',1,1,(
    (#2265,#2266)
    ,(#2267,#2268
    )),.UNSPECIFIED.,.F.,.F.,.F.,(2,2),(2,2),(-4.4,0.),(-1.75,-0.15),
  .PIECEWISE_BEZIER_KNOTS.);
#2265 = CARTESIAN_POINT('',(-1.350877192982,9.E-02,-1.599999969231));
#2266 = CARTESIAN_POINT('',(-1.350877192982,1.53,-1.599999969231));
#2267 = CARTESIAN_POINT('',(1.350877192982,9.E-02,-1.599999969231));
#2268 = CARTESIAN_POINT('',(1.350877192982,1.53,-1.599999969231));
#2269 = DEFINITIONAL_REPRESENTATION('',(#2270),#2273);
#2270 = B_SPLINE_CURVE_WITH_KNOTS('',1,(#2271,#2272),.UNSPECIFIED.,.F.,
  .F.,(2,2),(0.15,1.75),.PIECEWISE_BEZIER_KNOTS.);
#2271 = CARTESIAN_POINT('',(0.,-0.15));
#2272 = CARTESIAN_POINT('',(0.,-1.75));
#2273 = ( GEOMETRIC_REPRESENTATION_CONTEXT(2) 
PARAMETRIC_REPRESENTATION_CONTEXT() REPRESENTATION_CONTEXT('2D SPACE',''
  ) );
#2274 = ORIENTED_EDGE('',*,*,#2275,.T.);
#2275 = EDGE_CURVE('',#2248,#2162,#2276,.T.);
#2276 = SURFACE_CURVE('',#2277,(#2281,#2288),.PCURVE_S1.);
#2277 = ( BOUNDED_CURVE() B_SPLINE_CURVE(2,(#2278,#2279,#2280),
.UNSPECIFIED.,.F.,.F.) B_SPLINE_CURVE_WITH_KNOTS((3,3),(3.14159265359,
4.712388980385),.PIECEWISE_BEZIER_KNOTS.) CURVE() 
GEOMETRIC_REPRESENTATION_ITEM() RATIONAL_B_SPLINE_CURVE((1.,
0.707106781187,1.)) REPRESENTATION_ITEM('') );
#2278 = CARTESIAN_POINT('',(1.350877192982,1.53,-1.599999969231));
#2279 = CARTESIAN_POINT('',(1.657894736842,1.53,-1.599999969231));
#2280 = CARTESIAN_POINT('',(1.657894736842,1.53,-1.292307667456));
#2281 = PCURVE('',#2177,#2282);
#2282 = DEFINITIONAL_REPRESENTATION('',(#2283),#2287);
#2283 = B_SPLINE_CURVE_WITH_KNOTS('',2,(#2284,#2285,#2286),
  .UNSPECIFIED.,.F.,.F.,(3,3),(3.14159265359,4.712388980385),
  .PIECEWISE_BEZIER_KNOTS.);
#2284 = CARTESIAN_POINT('',(0.,0.15));
#2285 = CARTESIAN_POINT('',(0.785398163397,0.15));
#2286 = CARTESIAN_POINT('',(1.570796326795,0.15));
#2287 = ( GEOMETRIC_REPRESENTATION_CONTEXT(2) 
PARAMETRIC_REPRESENTATION_CONTEXT() REPRESENTATION_CONTEXT('2D SPACE',''
  ) );
#2288 = PCURVE('',#2289,#2299);
#2289 = ( BOUNDED_SURFACE() B_SPLINE_SURFACE(2,2,(
    (#2290,#2291,#2292)
    ,(#2293,#2294,#2295)
    ,(#2296,#2297,#2298
)),.UNSPECIFIED.,.F.,.F.,.F.) B_SPLINE_SURFACE_WITH_KNOTS((3,3),(3,3),(
    1.570796326795,3.14159265359),(0.,1.570796326795),
.PIECEWISE_BEZIER_KNOTS.) GEOMETRIC_REPRESENTATION_ITEM() 
RATIONAL_B_SPLINE_SURFACE((
    (1.,0.707106781187,1.)
    ,(0.707106781187,0.5,0.707106781187)
,(1.,0.707106781187,1.))) REPRESENTATION_ITEM('') SURFACE() );
#2290 = CARTESIAN_POINT('',(1.657894736842,1.53,-1.292307667456));
#2291 = CARTESIAN_POINT('',(1.657894736842,1.62,-1.292307667456));
#2292 = CARTESIAN_POINT('',(1.59649122807,1.62,-1.292307667456));
#2293 = CARTESIAN_POINT('',(1.657894736842,1.53,-1.599999969231));
#2294 = CARTESIAN_POINT('',(1.657894736842,1.62,-1.599999969231));
#2295 = CARTESIAN_POINT('',(1.59649122807,1.62,-1.538461508876));
#2296 = CARTESIAN_POINT('',(1.350877192982,1.53,-1.599999969231));
#2297 = CARTESIAN_POINT('',(1.350877192982,1.62,-1.599999969231));
#2298 = CARTESIAN_POINT('',(1.350877192982,1.62,-1.538461508876));
#2299 = DEFINITIONAL_REPRESENTATION('',(#2300),#2304);
#2300 = B_SPLINE_CURVE_WITH_KNOTS('',2,(#2301,#2302,#2303),
  .UNSPECIFIED.,.F.,.F.,(3,3),(3.14159265359,4.712388980385),
  .PIECEWISE_BEZIER_KNOTS.);
#2301 = CARTESIAN_POINT('',(3.14159265359,-4.932590933658E-15));
#2302 = CARTESIAN_POINT('',(2.356194490192,5.661320538817E-15));
#2303 = CARTESIAN_POINT('',(1.570796326795,-4.932590933658E-15));
#2304 = ( GEOMETRIC_REPRESENTATION_CONTEXT(2) 
PARAMETRIC_REPRESENTATION_CONTEXT() REPRESENTATION_CONTEXT('2D SPACE',''
  ) );
#2305 = ORIENTED_EDGE('',*,*,#2161,.T.);
#2306 = ORIENTED_EDGE('',*,*,#2307,.T.);
#2307 = EDGE_CURVE('',#2164,#2250,#2308,.T.);
#2308 = SURFACE_CURVE('',#2309,(#2313,#2320),.PCURVE_S1.);
#2309 = ( BOUNDED_CURVE() B_SPLINE_CURVE(2,(#2310,#2311,#2312),
.UNSPECIFIED.,.F.,.F.) B_SPLINE_CURVE_WITH_KNOTS((3,3),(1.570796326795,
3.14159265359),.PIECEWISE_BEZIER_KNOTS.) CURVE() 
GEOMETRIC_REPRESENTATION_ITEM() RATIONAL_B_SPLINE_CURVE((1.,
0.707106781187,1.)) REPRESENTATION_ITEM('') );
#2310 = CARTESIAN_POINT('',(1.657894736842,9.E-02,-1.292307667456));
#2311 = CARTESIAN_POINT('',(1.657894736842,9.E-02,-1.599999969231));
#2312 = CARTESIAN_POINT('',(1.350877192982,9.E-02,-1.599999969231));
#2313 = PCURVE('',#2177,#2314);
#2314 = DEFINITIONAL_REPRESENTATION('',(#2315),#2319);
#2315 = B_SPLINE_CURVE_WITH_KNOTS('',2,(#2316,#2317,#2318),
  .UNSPECIFIED.,.F.,.F.,(3,3),(1.570796326795,3.14159265359),
  .PIECEWISE_BEZIER_KNOTS.);
#2316 = CARTESIAN_POINT('',(1.570796326795,1.75));
#2317 = CARTESIAN_POINT('',(0.785398163397,1.75));
#2318 = CARTESIAN_POINT('',(0.,1.75));
#2319 = ( GEOMETRIC_REPRESENTATION_CONTEXT(2) 
PARAMETRIC_REPRESENTATION_CONTEXT() REPRESENTATION_CONTEXT('2D SPACE',''
  ) );
#2320 = PCURVE('',#2321,#2331);
#2321 = ( BOUNDED_SURFACE() B_SPLINE_SURFACE(2,2,(
    (#2322,#2323,#2324)
    ,(#2325,#2326,#2327)
    ,(#2328,#2329,#2330
)),.UNSPECIFIED.,.F.,.F.,.F.) B_SPLINE_SURFACE_WITH_KNOTS((3,3),(3,3),(
    1.570796326795,3.14159265359),(4.712388980385,6.28318530718),
.PIECEWISE_BEZIER_KNOTS.) GEOMETRIC_REPRESENTATION_ITEM() 
RATIONAL_B_SPLINE_SURFACE((
    (1.,0.707106781187,1.)
    ,(0.707106781187,0.5,0.707106781187)
,(1.,0.707106781187,1.))) REPRESENTATION_ITEM('') SURFACE() );
#2322 = CARTESIAN_POINT('',(1.59649122807,3.74700270811E-17,
    -1.292307667456));
#2323 = CARTESIAN_POINT('',(1.657894736842,3.74700270811E-17,
    -1.292307667456));
#2324 = CARTESIAN_POINT('',(1.657894736842,9.E-02,-1.292307667456));
#2325 = CARTESIAN_POINT('',(1.59649122807,3.74700270811E-17,
    -1.538461508876));
#2326 = CARTESIAN_POINT('',(1.657894736842,3.74700270811E-17,
    -1.599999969231));
#2327 = CARTESIAN_POINT('',(1.657894736842,9.E-02,-1.599999969231));
#2328 = CARTESIAN_POINT('',(1.350877192982,3.74700270811E-17,
    -1.538461508876));
#2329 = CARTESIAN_POINT('',(1.350877192982,3.74700270811E-17,
    -1.599999969231));
#2330 = CARTESIAN_POINT('',(1.350877192982,9.E-02,-1.599999969231));
#2331 = DEFINITIONAL_REPRESENTATION('',(#2332),#2336);
#2332 = B_SPLINE_CURVE_WITH_KNOTS('',2,(#2333,#2334,#2335),
  .UNSPECIFIED.,.F.,.F.,(3,3),(1.570796326795,3.14159265359),
  .PIECEWISE_BEZIER_KNOTS.);
#2333 = CARTESIAN_POINT('',(1.570796326795,6.28318530718));
#2334 = CARTESIAN_POINT('',(2.356194490192,6.28318530718));
#2335 = CARTESIAN_POINT('',(3.14159265359,6.28318530718));
#2336 = ( GEOMETRIC_REPRESENTATION_CONTEXT(2) 
PARAMETRIC_REPRESENTATION_CONTEXT() REPRESENTATION_CONTEXT('2D SPACE',''
  ) );
#2337 = ADVANCED_FACE('',(#2338),#2264,.F.);
#2338 = FACE_BOUND('',#2339,.T.);
#2339 = EDGE_LOOP('',(#2340,#2370,#2396,#2397));
#2340 = ORIENTED_EDGE('',*,*,#2341,.F.);
#2341 = EDGE_CURVE('',#2342,#2344,#2346,.T.);
#2342 = VERTEX_POINT('',#2343);
#2343 = CARTESIAN_POINT('',(-1.350877192982,1.53,-1.599999969231));
#2344 = VERTEX_POINT('',#2345);
#2345 = CARTESIAN_POINT('',(-1.350877192982,9.E-02,-1.599999969231));
#2346 = SURFACE_CURVE('',#2347,(#2350,#2356),.PCURVE_S1.);
#2347 = B_SPLINE_CURVE_WITH_KNOTS('',1,(#2348,#2349),.UNSPECIFIED.,.F.,
  .F.,(2,2),(0.15,1.75),.PIECEWISE_BEZIER_KNOTS.);
#2348 = CARTESIAN_POINT('',(-1.350877192982,1.53,-1.599999969231));
#2349 = CARTESIAN_POINT('',(-1.350877192982,9.E-02,-1.599999969231));
#2350 = PCURVE('',#2264,#2351);
#2351 = DEFINITIONAL_REPRESENTATION('',(#2352),#2355);
#2352 = B_SPLINE_CURVE_WITH_KNOTS('',1,(#2353,#2354),.UNSPECIFIED.,.F.,
  .F.,(2,2),(0.15,1.75),.PIECEWISE_BEZIER_KNOTS.);
#2353 = CARTESIAN_POINT('',(-4.4,-0.15));
#2354 = CARTESIAN_POINT('',(-4.4,-1.75));
#2355 = ( GEOMETRIC_REPRESENTATION_CONTEXT(2) 
PARAMETRIC_REPRESENTATION_CONTEXT() REPRESENTATION_CONTEXT('2D SPACE',''
  ) );
#2356 = PCURVE('',#2357,#2364);
#2357 = ( BOUNDED_SURFACE() B_SPLINE_SURFACE(2,1,(
    (#2358,#2359)
    ,(#2360,#2361)
    ,(#2362,#2363
)),.UNSPECIFIED.,.F.,.F.,.F.) B_SPLINE_SURFACE_WITH_KNOTS((3,3),(2,2),(
    4.712388980385,6.28318530718),(0.15,1.75),.PIECEWISE_BEZIER_KNOTS.) 
GEOMETRIC_REPRESENTATION_ITEM() RATIONAL_B_SPLINE_SURFACE((
    (1.,1.)
    ,(0.707106781187,0.707106781187)
,(1.,1.))) REPRESENTATION_ITEM('') SURFACE() );
#2358 = CARTESIAN_POINT('',(-1.657894736842,1.53,-1.292307667456));
#2359 = CARTESIAN_POINT('',(-1.657894736842,9.E-02,-1.292307667456));
#2360 = CARTESIAN_POINT('',(-1.657894736842,1.53,-1.599999969231));
#2361 = CARTESIAN_POINT('',(-1.657894736842,9.E-02,-1.599999969231));
#2362 = CARTESIAN_POINT('',(-1.350877192982,1.53,-1.599999969231));
#2363 = CARTESIAN_POINT('',(-1.350877192982,9.E-02,-1.599999969231));
#2364 = DEFINITIONAL_REPRESENTATION('',(#2365),#2369);
#2365 = B_SPLINE_CURVE_WITH_KNOTS('',2,(#2366,#2367,#2368),
  .UNSPECIFIED.,.F.,.F.,(3,3),(0.15,1.75),.PIECEWISE_BEZIER_KNOTS.);
#2366 = CARTESIAN_POINT('',(6.28318530718,0.15));
#2367 = CARTESIAN_POINT('',(6.28318530718,0.95));
#2368 = CARTESIAN_POINT('',(6.28318530718,1.75));
#2369 = ( GEOMETRIC_REPRESENTATION_CONTEXT(2) 
PARAMETRIC_REPRESENTATION_CONTEXT() REPRESENTATION_CONTEXT('2D SPACE',''
  ) );
#2370 = ORIENTED_EDGE('',*,*,#2371,.T.);
#2371 = EDGE_CURVE('',#2342,#2248,#2372,.T.);
#2372 = SURFACE_CURVE('',#2373,(#2376,#2382),.PCURVE_S1.);
#2373 = B_SPLINE_CURVE_WITH_KNOTS('',1,(#2374,#2375),.UNSPECIFIED.,.F.,
  .F.,(2,2),(-4.4,0.),.PIECEWISE_BEZIER_KNOTS.);
#2374 = CARTESIAN_POINT('',(-1.350877192982,1.53,-1.599999969231));
#2375 = CARTESIAN_POINT('',(1.350877192982,1.53,-1.599999969231));
#2376 = PCURVE('',#2264,#2377);
#2377 = DEFINITIONAL_REPRESENTATION('',(#2378),#2381);
#2378 = B_SPLINE_CURVE_WITH_KNOTS('',1,(#2379,#2380),.UNSPECIFIED.,.F.,
  .F.,(2,2),(-4.4,0.),.PIECEWISE_BEZIER_KNOTS.);
#2379 = CARTESIAN_POINT('',(-4.4,-0.15));
#2380 = CARTESIAN_POINT('',(0.,-0.15));
#2381 = ( GEOMETRIC_REPRESENTATION_CONTEXT(2) 
PARAMETRIC_REPRESENTATION_CONTEXT() REPRESENTATION_CONTEXT('2D SPACE',''
  ) );
#2382 = PCURVE('',#2383,#2390);
#2383 = ( BOUNDED_SURFACE() B_SPLINE_SURFACE(2,1,(
    (#2384,#2385)
    ,(#2386,#2387)
    ,(#2388,#2389
)),.UNSPECIFIED.,.F.,.F.,.F.) B_SPLINE_SURFACE_WITH_KNOTS((3,3),(2,2),(
    0.,1.570796326795),(-4.4,-8.881784197001E-16),
.PIECEWISE_BEZIER_KNOTS.) GEOMETRIC_REPRESENTATION_ITEM() 
RATIONAL_B_SPLINE_SURFACE((
    (1.,1.)
    ,(0.707106781187,0.707106781187)
,(1.,1.))) REPRESENTATION_ITEM('') SURFACE() );
#2384 = CARTESIAN_POINT('',(-1.350877192982,1.53,-1.599999969231));
#2385 = CARTESIAN_POINT('',(1.350877192982,1.53,-1.599999969231));
#2386 = CARTESIAN_POINT('',(-1.350877192982,1.62,-1.599999969231));
#2387 = CARTESIAN_POINT('',(1.350877192982,1.62,-1.599999969231));
#2388 = CARTESIAN_POINT('',(-1.350877192982,1.62,-1.538461508876));
#2389 = CARTESIAN_POINT('',(1.350877192982,1.62,-1.538461508876));
#2390 = DEFINITIONAL_REPRESENTATION('',(#2391),#2395);
#2391 = B_SPLINE_CURVE_WITH_KNOTS('',2,(#2392,#2393,#2394),
  .UNSPECIFIED.,.F.,.F.,(3,3),(-4.4,0.),.PIECEWISE_BEZIER_KNOTS.);
#2392 = CARTESIAN_POINT('',(0.,-4.4));
#2393 = CARTESIAN_POINT('',(4.063620998032E-15,-2.2));
#2394 = CARTESIAN_POINT('',(2.466295466829E-15,-1.33226762955E-15));
#2395 = ( GEOMETRIC_REPRESENTATION_CONTEXT(2) 
PARAMETRIC_REPRESENTATION_CONTEXT() REPRESENTATION_CONTEXT('2D SPACE',''
  ) );
#2396 = ORIENTED_EDGE('',*,*,#2247,.T.);
#2397 = ORIENTED_EDGE('',*,*,#2398,.T.);
#2398 = EDGE_CURVE('',#2250,#2344,#2399,.T.);
#2399 = SURFACE_CURVE('',#2400,(#2403,#2409),.PCURVE_S1.);
#2400 = B_SPLINE_CURVE_WITH_KNOTS('',1,(#2401,#2402),.UNSPECIFIED.,.F.,
  .F.,(2,2),(0.,4.4),.PIECEWISE_BEZIER_KNOTS.);
#2401 = CARTESIAN_POINT('',(1.350877192982,9.E-02,-1.599999969231));
#2402 = CARTESIAN_POINT('',(-1.350877192982,9.E-02,-1.599999969231));
#2403 = PCURVE('',#2264,#2404);
#2404 = DEFINITIONAL_REPRESENTATION('',(#2405),#2408);
#2405 = B_SPLINE_CURVE_WITH_KNOTS('',1,(#2406,#2407),.UNSPECIFIED.,.F.,
  .F.,(2,2),(0.,4.4),.PIECEWISE_BEZIER_KNOTS.);
#2406 = CARTESIAN_POINT('',(0.,-1.75));
#2407 = CARTESIAN_POINT('',(-4.4,-1.75));
#2408 = ( GEOMETRIC_REPRESENTATION_CONTEXT(2) 
PARAMETRIC_REPRESENTATION_CONTEXT() REPRESENTATION_CONTEXT('2D SPACE',''
  ) );
#2409 = PCURVE('',#2410,#2417);
#2410 = ( BOUNDED_SURFACE() B_SPLINE_SURFACE(2,1,(
    (#2411,#2412)
    ,(#2413,#2414)
    ,(#2415,#2416
)),.UNSPECIFIED.,.F.,.F.,.F.) B_SPLINE_SURFACE_WITH_KNOTS((3,3),(2,2),(
    3.14159265359,4.712388980385),(-4.440892098501E-16,4.4),
.PIECEWISE_BEZIER_KNOTS.) GEOMETRIC_REPRESENTATION_ITEM() 
RATIONAL_B_SPLINE_SURFACE((
    (1.,1.)
    ,(0.707106781187,0.707106781187)
,(1.,1.))) REPRESENTATION_ITEM('') SURFACE() );
#2411 = CARTESIAN_POINT('',(1.350877192982,9.E-02,-1.599999969231));
#2412 = CARTESIAN_POINT('',(-1.350877192982,9.E-02,-1.599999969231));
#2413 = CARTESIAN_POINT('',(1.350877192982,-5.870304242706E-16,
    -1.599999969231));
#2414 = CARTESIAN_POINT('',(-1.350877192982,-5.870304242706E-16,
    -1.599999969231));
#2415 = CARTESIAN_POINT('',(1.350877192982,1.998401444325E-16,
    -1.538461508876));
#2416 = CARTESIAN_POINT('',(-1.350877192982,1.998401444325E-16,
    -1.538461508876));
#2417 = DEFINITIONAL_REPRESENTATION('',(#2418),#2422);
#2418 = B_SPLINE_CURVE_WITH_KNOTS('',2,(#2419,#2420,#2421),
  .UNSPECIFIED.,.F.,.F.,(3,3),(0.,4.4),.PIECEWISE_BEZIER_KNOTS.);
#2419 = CARTESIAN_POINT('',(3.14159265359,0.));
#2420 = CARTESIAN_POINT('',(3.14159265359,2.2));
#2421 = CARTESIAN_POINT('',(3.14159265359,4.4));
#2422 = ( GEOMETRIC_REPRESENTATION_CONTEXT(2) 
PARAMETRIC_REPRESENTATION_CONTEXT() REPRESENTATION_CONTEXT('2D SPACE',''
  ) );
#2423 = ADVANCED_FACE('',(#2424),#2357,.T.);
#2424 = FACE_BOUND('',#2425,.T.);
#2425 = EDGE_LOOP('',(#2426,#2454,#2485,#2486));
#2426 = ORIENTED_EDGE('',*,*,#2427,.F.);
#2427 = EDGE_CURVE('',#2428,#2430,#2432,.T.);
#2428 = VERTEX_POINT('',#2429);
#2429 = CARTESIAN_POINT('',(-1.657894736842,1.53,-1.292307667456));
#2430 = VERTEX_POINT('',#2431);
#2431 = CARTESIAN_POINT('',(-1.657894736842,9.E-02,-1.292307667456));
#2432 = SURFACE_CURVE('',#2433,(#2436,#2443),.PCURVE_S1.);
#2433 = B_SPLINE_CURVE_WITH_KNOTS('',1,(#2434,#2435),.UNSPECIFIED.,.F.,
  .F.,(2,2),(0.15,1.75),.PIECEWISE_BEZIER_KNOTS.);
#2434 = CARTESIAN_POINT('',(-1.657894736842,1.53,-1.292307667456));
#2435 = CARTESIAN_POINT('',(-1.657894736842,9.E-02,-1.292307667456));
#2436 = PCURVE('',#2357,#2437);
#2437 = DEFINITIONAL_REPRESENTATION('',(#2438),#2442);
#2438 = B_SPLINE_CURVE_WITH_KNOTS('',2,(#2439,#2440,#2441),
  .UNSPECIFIED.,.F.,.F.,(3,3),(0.15,1.75),.PIECEWISE_BEZIER_KNOTS.);
#2439 = CARTESIAN_POINT('',(4.712388980385,0.15));
#2440 = CARTESIAN_POINT('',(4.712388980385,0.95));
#2441 = CARTESIAN_POINT('',(4.712388980385,1.75));
#2442 = ( GEOMETRIC_REPRESENTATION_CONTEXT(2) 
PARAMETRIC_REPRESENTATION_CONTEXT() REPRESENTATION_CONTEXT('2D SPACE',''
  ) );
#2443 = PCURVE('',#2444,#2449);
#2444 = B_SPLINE_SURFACE_WITH_KNOTS('',1,1,(
    (#2445,#2446)
    ,(#2447,#2448
    )),.UNSPECIFIED.,.F.,.F.,.F.,(2,2),(2,2),(0.,4.2),(-1.75,-0.15),
  .PIECEWISE_BEZIER_KNOTS.);
#2445 = CARTESIAN_POINT('',(-1.657894736842,9.E-02,1.292307667456));
#2446 = CARTESIAN_POINT('',(-1.657894736842,1.53,1.292307667456));
#2447 = CARTESIAN_POINT('',(-1.657894736842,9.E-02,-1.292307667456));
#2448 = CARTESIAN_POINT('',(-1.657894736842,1.53,-1.292307667456));
#2449 = DEFINITIONAL_REPRESENTATION('',(#2450),#2453);
#2450 = B_SPLINE_CURVE_WITH_KNOTS('',1,(#2451,#2452),.UNSPECIFIED.,.F.,
  .F.,(2,2),(0.15,1.75),.PIECEWISE_BEZIER_KNOTS.);
#2451 = CARTESIAN_POINT('',(4.2,-0.15));
#2452 = CARTESIAN_POINT('',(4.2,-1.75));
#2453 = ( GEOMETRIC_REPRESENTATION_CONTEXT(2) 
PARAMETRIC_REPRESENTATION_CONTEXT() REPRESENTATION_CONTEXT('2D SPACE',''
  ) );
#2454 = ORIENTED_EDGE('',*,*,#2455,.T.);
#2455 = EDGE_CURVE('',#2428,#2342,#2456,.T.);
#2456 = SURFACE_CURVE('',#2457,(#2461,#2468),.PCURVE_S1.);
#2457 = ( BOUNDED_CURVE() B_SPLINE_CURVE(2,(#2458,#2459,#2460),
.UNSPECIFIED.,.F.,.F.) B_SPLINE_CURVE_WITH_KNOTS((3,3),(1.570796326795,
3.14159265359),.PIECEWISE_BEZIER_KNOTS.) CURVE() 
GEOMETRIC_REPRESENTATION_ITEM() RATIONAL_B_SPLINE_CURVE((1.,
0.707106781187,1.)) REPRESENTATION_ITEM('') );
#2458 = CARTESIAN_POINT('',(-1.657894736842,1.53,-1.292307667456));
#2459 = CARTESIAN_POINT('',(-1.657894736842,1.53,-1.599999969231));
#2460 = CARTESIAN_POINT('',(-1.350877192982,1.53,-1.599999969231));
#2461 = PCURVE('',#2357,#2462);
#2462 = DEFINITIONAL_REPRESENTATION('',(#2463),#2467);
#2463 = B_SPLINE_CURVE_WITH_KNOTS('',2,(#2464,#2465,#2466),
  .UNSPECIFIED.,.F.,.F.,(3,3),(1.570796326795,3.14159265359),
  .PIECEWISE_BEZIER_KNOTS.);
#2464 = CARTESIAN_POINT('',(4.712388980385,0.15));
#2465 = CARTESIAN_POINT('',(5.497787143782,0.15));
#2466 = CARTESIAN_POINT('',(6.28318530718,0.15));
#2467 = ( GEOMETRIC_REPRESENTATION_CONTEXT(2) 
PARAMETRIC_REPRESENTATION_CONTEXT() REPRESENTATION_CONTEXT('2D SPACE',''
  ) );
#2468 = PCURVE('',#2469,#2479);
#2469 = ( BOUNDED_SURFACE() B_SPLINE_SURFACE(2,2,(
    (#2470,#2471,#2472)
    ,(#2473,#2474,#2475)
    ,(#2476,#2477,#2478
)),.UNSPECIFIED.,.F.,.F.,.F.) B_SPLINE_SURFACE_WITH_KNOTS((3,3),(3,3),(
    3.14159265359,4.712388980385),(0.,1.570796326795),
.PIECEWISE_BEZIER_KNOTS.) GEOMETRIC_REPRESENTATION_ITEM() 
RATIONAL_B_SPLINE_SURFACE((
    (1.,0.707106781187,1.)
    ,(0.707106781187,0.5,0.707106781187)
,(1.,0.707106781187,1.))) REPRESENTATION_ITEM('') SURFACE() );
#2470 = CARTESIAN_POINT('',(-1.350877192982,1.53,-1.599999969231));
#2471 = CARTESIAN_POINT('',(-1.350877192982,1.62,-1.599999969231));
#2472 = CARTESIAN_POINT('',(-1.350877192982,1.62,-1.538461508876));
#2473 = CARTESIAN_POINT('',(-1.657894736842,1.53,-1.599999969231));
#2474 = CARTESIAN_POINT('',(-1.657894736842,1.62,-1.599999969231));
#2475 = CARTESIAN_POINT('',(-1.59649122807,1.62,-1.538461508876));
#2476 = CARTESIAN_POINT('',(-1.657894736842,1.53,-1.292307667456));
#2477 = CARTESIAN_POINT('',(-1.657894736842,1.62,-1.292307667456));
#2478 = CARTESIAN_POINT('',(-1.59649122807,1.62,-1.292307667456));
#2479 = DEFINITIONAL_REPRESENTATION('',(#2480),#2484);
#2480 = B_SPLINE_CURVE_WITH_KNOTS('',2,(#2481,#2482,#2483),
  .UNSPECIFIED.,.F.,.F.,(3,3),(1.570796326795,3.14159265359),
  .PIECEWISE_BEZIER_KNOTS.);
#2481 = CARTESIAN_POINT('',(4.712388980385,-4.932590933658E-15));
#2482 = CARTESIAN_POINT('',(3.926990816987,7.827791850854E-15));
#2483 = CARTESIAN_POINT('',(3.14159265359,-4.932590933658E-15));
#2484 = ( GEOMETRIC_REPRESENTATION_CONTEXT(2) 
PARAMETRIC_REPRESENTATION_CONTEXT() REPRESENTATION_CONTEXT('2D SPACE',''
  ) );
#2485 = ORIENTED_EDGE('',*,*,#2341,.T.);
#2486 = ORIENTED_EDGE('',*,*,#2487,.T.);
#2487 = EDGE_CURVE('',#2344,#2430,#2488,.T.);
#2488 = SURFACE_CURVE('',#2489,(#2493,#2500),.PCURVE_S1.);
#2489 = ( BOUNDED_CURVE() B_SPLINE_CURVE(2,(#2490,#2491,#2492),
.UNSPECIFIED.,.F.,.F.) B_SPLINE_CURVE_WITH_KNOTS((3,3),(3.14159265359,
4.712388980385),.PIECEWISE_BEZIER_KNOTS.) CURVE() 
GEOMETRIC_REPRESENTATION_ITEM() RATIONAL_B_SPLINE_CURVE((1.,
0.707106781187,1.)) REPRESENTATION_ITEM('') );
#2490 = CARTESIAN_POINT('',(-1.350877192982,9.E-02,-1.599999969231));
#2491 = CARTESIAN_POINT('',(-1.657894736842,9.E-02,-1.599999969231));
#2492 = CARTESIAN_POINT('',(-1.657894736842,9.E-02,-1.292307667456));
#2493 = PCURVE('',#2357,#2494);
#2494 = DEFINITIONAL_REPRESENTATION('',(#2495),#2499);
#2495 = B_SPLINE_CURVE_WITH_KNOTS('',2,(#2496,#2497,#2498),
  .UNSPECIFIED.,.F.,.F.,(3,3),(3.14159265359,4.712388980385),
  .PIECEWISE_BEZIER_KNOTS.);
#2496 = CARTESIAN_POINT('',(6.28318530718,1.75));
#2497 = CARTESIAN_POINT('',(5.497787143782,1.75));
#2498 = CARTESIAN_POINT('',(4.712388980385,1.75));
#2499 = ( GEOMETRIC_REPRESENTATION_CONTEXT(2) 
PARAMETRIC_REPRESENTATION_CONTEXT() REPRESENTATION_CONTEXT('2D SPACE',''
  ) );
#2500 = PCURVE('',#2501,#2511);
#2501 = ( BOUNDED_SURFACE() B_SPLINE_SURFACE(2,2,(
    (#2502,#2503,#2504)
    ,(#2505,#2506,#2507)
    ,(#2508,#2509,#2510
)),.UNSPECIFIED.,.F.,.F.,.F.) B_SPLINE_SURFACE_WITH_KNOTS((3,3),(3,3),(
    3.14159265359,4.712388980385),(4.712388980385,6.28318530718),
.PIECEWISE_BEZIER_KNOTS.) GEOMETRIC_REPRESENTATION_ITEM() 
RATIONAL_B_SPLINE_SURFACE((
    (1.,0.707106781187,1.)
    ,(0.707106781187,0.5,0.707106781187)
,(1.,0.707106781187,1.))) REPRESENTATION_ITEM('') SURFACE() );
#2502 = CARTESIAN_POINT('',(-1.350877192982,3.74700270811E-17,
    -1.538461508876));
#2503 = CARTESIAN_POINT('',(-1.350877192982,1.498801083244E-16,
    -1.599999969231));
#2504 = CARTESIAN_POINT('',(-1.350877192982,9.E-02,-1.599999969231));
#2505 = CARTESIAN_POINT('',(-1.59649122807,3.74700270811E-17,
    -1.538461508876));
#2506 = CARTESIAN_POINT('',(-1.657894736842,1.498801083244E-16,
    -1.599999969231));
#2507 = CARTESIAN_POINT('',(-1.657894736842,9.E-02,-1.599999969231));
#2508 = CARTESIAN_POINT('',(-1.59649122807,3.74700270811E-17,
    -1.292307667456));
#2509 = CARTESIAN_POINT('',(-1.657894736842,1.498801083244E-16,
    -1.292307667456));
#2510 = CARTESIAN_POINT('',(-1.657894736842,9.E-02,-1.292307667456));
#2511 = DEFINITIONAL_REPRESENTATION('',(#2512),#2516);
#2512 = B_SPLINE_CURVE_WITH_KNOTS('',2,(#2513,#2514,#2515),
  .UNSPECIFIED.,.F.,.F.,(3,3),(3.14159265359,4.712388980385),
  .PIECEWISE_BEZIER_KNOTS.);
#2513 = CARTESIAN_POINT('',(3.14159265359,6.28318530718));
#2514 = CARTESIAN_POINT('',(3.926990816987,6.28318530718));
#2515 = CARTESIAN_POINT('',(4.712388980385,6.28318530718));
#2516 = ( GEOMETRIC_REPRESENTATION_CONTEXT(2) 
PARAMETRIC_REPRESENTATION_CONTEXT() REPRESENTATION_CONTEXT('2D SPACE',''
  ) );
#2517 = ADVANCED_FACE('',(#2518),#2444,.F.);
#2518 = FACE_BOUND('',#2519,.T.);
#2519 = EDGE_LOOP('',(#2520,#2550,#2576,#2577));
#2520 = ORIENTED_EDGE('',*,*,#2521,.F.);
#2521 = EDGE_CURVE('',#2522,#2524,#2526,.T.);
#2522 = VERTEX_POINT('',#2523);
#2523 = CARTESIAN_POINT('',(-1.657894736842,1.53,1.292307667456));
#2524 = VERTEX_POINT('',#2525);
#2525 = CARTESIAN_POINT('',(-1.657894736842,9.E-02,1.292307667456));
#2526 = SURFACE_CURVE('',#2527,(#2530,#2536),.PCURVE_S1.);
#2527 = B_SPLINE_CURVE_WITH_KNOTS('',1,(#2528,#2529),.UNSPECIFIED.,.F.,
  .F.,(2,2),(0.15,1.75),.PIECEWISE_BEZIER_KNOTS.);
#2528 = CARTESIAN_POINT('',(-1.657894736842,1.53,1.292307667456));
#2529 = CARTESIAN_POINT('',(-1.657894736842,9.E-02,1.292307667456));
#2530 = PCURVE('',#2444,#2531);
#2531 = DEFINITIONAL_REPRESENTATION('',(#2532),#2535);
#2532 = B_SPLINE_CURVE_WITH_KNOTS('',1,(#2533,#2534),.UNSPECIFIED.,.F.,
  .F.,(2,2),(0.15,1.75),.PIECEWISE_BEZIER_KNOTS.);
#2533 = CARTESIAN_POINT('',(0.,-0.15));
#2534 = CARTESIAN_POINT('',(0.,-1.75));
#2535 = ( GEOMETRIC_REPRESENTATION_CONTEXT(2) 
PARAMETRIC_REPRESENTATION_CONTEXT() REPRESENTATION_CONTEXT('2D SPACE',''
  ) );
#2536 = PCURVE('',#2537,#2544);
#2537 = ( BOUNDED_SURFACE() B_SPLINE_SURFACE(2,1,(
    (#2538,#2539)
    ,(#2540,#2541)
    ,(#2542,#2543
)),.UNSPECIFIED.,.F.,.F.,.F.) B_SPLINE_SURFACE_WITH_KNOTS((3,3),(2,2),(
    3.14159265359,4.712388980385),(0.15,1.75),.PIECEWISE_BEZIER_KNOTS.) 
GEOMETRIC_REPRESENTATION_ITEM() RATIONAL_B_SPLINE_SURFACE((
    (1.,1.)
    ,(0.707106781187,0.707106781187)
,(1.,1.))) REPRESENTATION_ITEM('') SURFACE() );
#2538 = CARTESIAN_POINT('',(-1.350877192982,1.53,1.599999969231));
#2539 = CARTESIAN_POINT('',(-1.350877192982,9.E-02,1.599999969231));
#2540 = CARTESIAN_POINT('',(-1.657894736842,1.53,1.599999969231));
#2541 = CARTESIAN_POINT('',(-1.657894736842,9.E-02,1.599999969231));
#2542 = CARTESIAN_POINT('',(-1.657894736842,1.53,1.292307667456));
#2543 = CARTESIAN_POINT('',(-1.657894736842,9.E-02,1.292307667456));
#2544 = DEFINITIONAL_REPRESENTATION('',(#2545),#2549);
#2545 = B_SPLINE_CURVE_WITH_KNOTS('',2,(#2546,#2547,#2548),
  .UNSPECIFIED.,.F.,.F.,(3,3),(0.15,1.75),.PIECEWISE_BEZIER_KNOTS.);
#2546 = CARTESIAN_POINT('',(4.712388980385,0.15));
#2547 = CARTESIAN_POINT('',(4.712388980385,0.95));
#2548 = CARTESIAN_POINT('',(4.712388980385,1.75));
#2549 = ( GEOMETRIC_REPRESENTATION_CONTEXT(2) 
PARAMETRIC_REPRESENTATION_CONTEXT() REPRESENTATION_CONTEXT('2D SPACE',''
  ) );
#2550 = ORIENTED_EDGE('',*,*,#2551,.T.);
#2551 = EDGE_CURVE('',#2522,#2428,#2552,.T.);
#2552 = SURFACE_CURVE('',#2553,(#2556,#2562),.PCURVE_S1.);
#2553 = B_SPLINE_CURVE_WITH_KNOTS('',1,(#2554,#2555),.UNSPECIFIED.,.F.,
  .F.,(2,2),(-4.2,-4.440892098501E-16),.PIECEWISE_BEZIER_KNOTS.);
#2554 = CARTESIAN_POINT('',(-1.657894736842,1.53,1.292307667456));
#2555 = CARTESIAN_POINT('',(-1.657894736842,1.53,-1.292307667456));
#2556 = PCURVE('',#2444,#2557);
#2557 = DEFINITIONAL_REPRESENTATION('',(#2558),#2561);
#2558 = B_SPLINE_CURVE_WITH_KNOTS('',1,(#2559,#2560),.UNSPECIFIED.,.F.,
  .F.,(2,2),(-4.2,-4.440892098501E-16),.PIECEWISE_BEZIER_KNOTS.);
#2559 = CARTESIAN_POINT('',(-4.440892098501E-16,-0.15));
#2560 = CARTESIAN_POINT('',(4.2,-0.15));
#2561 = ( GEOMETRIC_REPRESENTATION_CONTEXT(2) 
PARAMETRIC_REPRESENTATION_CONTEXT() REPRESENTATION_CONTEXT('2D SPACE',''
  ) );
#2562 = PCURVE('',#2563,#2570);
#2563 = ( BOUNDED_SURFACE() B_SPLINE_SURFACE(2,1,(
    (#2564,#2565)
    ,(#2566,#2567)
    ,(#2568,#2569
)),.UNSPECIFIED.,.F.,.F.,.F.) B_SPLINE_SURFACE_WITH_KNOTS((3,3),(2,2),(
    0.,1.570796326795),(0.,4.2),.PIECEWISE_BEZIER_KNOTS.) 
GEOMETRIC_REPRESENTATION_ITEM() RATIONAL_B_SPLINE_SURFACE((
    (1.,1.)
    ,(0.707106781187,0.707106781187)
,(1.,1.))) REPRESENTATION_ITEM('') SURFACE() );
#2564 = CARTESIAN_POINT('',(-1.657894736842,1.53,1.292307667456));
#2565 = CARTESIAN_POINT('',(-1.657894736842,1.53,-1.292307667456));
#2566 = CARTESIAN_POINT('',(-1.657894736842,1.62,1.292307667456));
#2567 = CARTESIAN_POINT('',(-1.657894736842,1.62,-1.292307667456));
#2568 = CARTESIAN_POINT('',(-1.59649122807,1.62,1.292307667456));
#2569 = CARTESIAN_POINT('',(-1.59649122807,1.62,-1.292307667456));
#2570 = DEFINITIONAL_REPRESENTATION('',(#2571),#2575);
#2571 = B_SPLINE_CURVE_WITH_KNOTS('',2,(#2572,#2573,#2574),
  .UNSPECIFIED.,.F.,.F.,(3,3),(-4.2,-4.440892098501E-16),
  .PIECEWISE_BEZIER_KNOTS.);
#2572 = CARTESIAN_POINT('',(2.466295466829E-15,1.33226762955E-15));
#2573 = CARTESIAN_POINT('',(-7.737397542992E-17,2.1));
#2574 = CARTESIAN_POINT('',(2.466295466829E-15,4.2));
#2575 = ( GEOMETRIC_REPRESENTATION_CONTEXT(2) 
PARAMETRIC_REPRESENTATION_CONTEXT() REPRESENTATION_CONTEXT('2D SPACE',''
  ) );
#2576 = ORIENTED_EDGE('',*,*,#2427,.T.);
#2577 = ORIENTED_EDGE('',*,*,#2578,.T.);
#2578 = EDGE_CURVE('',#2430,#2524,#2579,.T.);
#2579 = SURFACE_CURVE('',#2580,(#2583,#2589),.PCURVE_S1.);
#2580 = B_SPLINE_CURVE_WITH_KNOTS('',1,(#2581,#2582),.UNSPECIFIED.,.F.,
  .F.,(2,2),(-4.2,-9.171094973273E-32),.PIECEWISE_BEZIER_KNOTS.);
#2581 = CARTESIAN_POINT('',(-1.657894736842,9.E-02,-1.292307667456));
#2582 = CARTESIAN_POINT('',(-1.657894736842,9.E-02,1.292307667456));
#2583 = PCURVE('',#2444,#2584);
#2584 = DEFINITIONAL_REPRESENTATION('',(#2585),#2588);
#2585 = B_SPLINE_CURVE_WITH_KNOTS('',1,(#2586,#2587),.UNSPECIFIED.,.F.,
  .F.,(2,2),(-4.2,-9.171094973273E-32),.PIECEWISE_BEZIER_KNOTS.);
#2586 = CARTESIAN_POINT('',(4.2,-1.75));
#2587 = CARTESIAN_POINT('',(0.,-1.75));
#2588 = ( GEOMETRIC_REPRESENTATION_CONTEXT(2) 
PARAMETRIC_REPRESENTATION_CONTEXT() REPRESENTATION_CONTEXT('2D SPACE',''
  ) );
#2589 = PCURVE('',#2590,#2597);
#2590 = ( BOUNDED_SURFACE() B_SPLINE_SURFACE(2,1,(
    (#2591,#2592)
    ,(#2593,#2594)
    ,(#2595,#2596
)),.UNSPECIFIED.,.F.,.F.,.F.) B_SPLINE_SURFACE_WITH_KNOTS((3,3),(2,2),(
    3.14159265359,4.712388980385),(-4.2,0.),.PIECEWISE_BEZIER_KNOTS.) 
GEOMETRIC_REPRESENTATION_ITEM() RATIONAL_B_SPLINE_SURFACE((
    (1.,1.)
    ,(0.707106781187,0.707106781187)
,(1.,1.))) REPRESENTATION_ITEM('') SURFACE() );
#2591 = CARTESIAN_POINT('',(-1.657894736842,9.E-02,-1.292307667456));
#2592 = CARTESIAN_POINT('',(-1.657894736842,9.E-02,1.292307667456));
#2593 = CARTESIAN_POINT('',(-1.657894736842,1.498801083244E-16,
    -1.292307667456));
#2594 = CARTESIAN_POINT('',(-1.657894736842,1.498801083244E-16,
    1.292307667456));
#2595 = CARTESIAN_POINT('',(-1.59649122807,1.998401444325E-16,
    -1.292307667456));
#2596 = CARTESIAN_POINT('',(-1.59649122807,1.998401444325E-16,
    1.292307667456));
#2597 = DEFINITIONAL_REPRESENTATION('',(#2598),#2602);
#2598 = B_SPLINE_CURVE_WITH_KNOTS('',2,(#2599,#2600,#2601),
  .UNSPECIFIED.,.F.,.F.,(3,3),(-4.2,-9.171094973273E-32),
  .PIECEWISE_BEZIER_KNOTS.);
#2599 = CARTESIAN_POINT('',(3.14159265359,-4.2));
#2600 = CARTESIAN_POINT('',(3.14159265359,-2.1));
#2601 = CARTESIAN_POINT('',(3.14159265359,-9.171094973273E-32));
#2602 = ( GEOMETRIC_REPRESENTATION_CONTEXT(2) 
PARAMETRIC_REPRESENTATION_CONTEXT() REPRESENTATION_CONTEXT('2D SPACE',''
  ) );
#2603 = ADVANCED_FACE('',(#2604),#2537,.T.);
#2604 = FACE_BOUND('',#2605,.T.);
#2605 = EDGE_LOOP('',(#2606,#2629,#2660,#2661));
#2606 = ORIENTED_EDGE('',*,*,#2607,.F.);
#2607 = EDGE_CURVE('',#2608,#2610,#2612,.T.);
#2608 = VERTEX_POINT('',#2609);
#2609 = CARTESIAN_POINT('',(-1.350877192982,1.53,1.599999969231));
#2610 = VERTEX_POINT('',#2611);
#2611 = CARTESIAN_POINT('',(-1.350877192982,9.E-02,1.599999969231));
#2612 = SURFACE_CURVE('',#2613,(#2616,#2623),.PCURVE_S1.);
#2613 = B_SPLINE_CURVE_WITH_KNOTS('',1,(#2614,#2615),.UNSPECIFIED.,.F.,
  .F.,(2,2),(0.15,1.75),.PIECEWISE_BEZIER_KNOTS.);
#2614 = CARTESIAN_POINT('',(-1.350877192982,1.53,1.599999969231));
#2615 = CARTESIAN_POINT('',(-1.350877192982,9.E-02,1.599999969231));
#2616 = PCURVE('',#2537,#2617);
#2617 = DEFINITIONAL_REPRESENTATION('',(#2618),#2622);
#2618 = B_SPLINE_CURVE_WITH_KNOTS('',2,(#2619,#2620,#2621),
  .UNSPECIFIED.,.F.,.F.,(3,3),(0.15,1.75),.PIECEWISE_BEZIER_KNOTS.);
#2619 = CARTESIAN_POINT('',(3.14159265359,0.15));
#2620 = CARTESIAN_POINT('',(3.14159265359,0.95));
#2621 = CARTESIAN_POINT('',(3.14159265359,1.75));
#2622 = ( GEOMETRIC_REPRESENTATION_CONTEXT(2) 
PARAMETRIC_REPRESENTATION_CONTEXT() REPRESENTATION_CONTEXT('2D SPACE',''
  ) );
#2623 = PCURVE('',#2116,#2624);
#2624 = DEFINITIONAL_REPRESENTATION('',(#2625),#2628);
#2625 = B_SPLINE_CURVE_WITH_KNOTS('',1,(#2626,#2627),.UNSPECIFIED.,.F.,
  .F.,(2,2),(0.15,1.75),.PIECEWISE_BEZIER_KNOTS.);
#2626 = CARTESIAN_POINT('',(4.4,-0.15));
#2627 = CARTESIAN_POINT('',(4.4,-1.75));
#2628 = ( GEOMETRIC_REPRESENTATION_CONTEXT(2) 
PARAMETRIC_REPRESENTATION_CONTEXT() REPRESENTATION_CONTEXT('2D SPACE',''
  ) );
#2629 = ORIENTED_EDGE('',*,*,#2630,.T.);
#2630 = EDGE_CURVE('',#2608,#2522,#2631,.T.);
#2631 = SURFACE_CURVE('',#2632,(#2636,#2643),.PCURVE_S1.);
#2632 = ( BOUNDED_CURVE() B_SPLINE_CURVE(2,(#2633,#2634,#2635),
.UNSPECIFIED.,.F.,.F.) B_SPLINE_CURVE_WITH_KNOTS((3,3),(0.,
1.570796326795),.PIECEWISE_BEZIER_KNOTS.) CURVE() 
GEOMETRIC_REPRESENTATION_ITEM() RATIONAL_B_SPLINE_CURVE((1.,
0.707106781187,1.)) REPRESENTATION_ITEM('') );
#2633 = CARTESIAN_POINT('',(-1.350877192982,1.53,1.599999969231));
#2634 = CARTESIAN_POINT('',(-1.657894736842,1.53,1.599999969231));
#2635 = CARTESIAN_POINT('',(-1.657894736842,1.53,1.292307667456));
#2636 = PCURVE('',#2537,#2637);
#2637 = DEFINITIONAL_REPRESENTATION('',(#2638),#2642);
#2638 = B_SPLINE_CURVE_WITH_KNOTS('',2,(#2639,#2640,#2641),
  .UNSPECIFIED.,.F.,.F.,(3,3),(0.,1.570796326795),
  .PIECEWISE_BEZIER_KNOTS.);
#2639 = CARTESIAN_POINT('',(3.14159265359,0.15));
#2640 = CARTESIAN_POINT('',(3.926990816987,0.15));
#2641 = CARTESIAN_POINT('',(4.712388980385,0.15));
#2642 = ( GEOMETRIC_REPRESENTATION_CONTEXT(2) 
PARAMETRIC_REPRESENTATION_CONTEXT() REPRESENTATION_CONTEXT('2D SPACE',''
  ) );
#2643 = PCURVE('',#2644,#2654);
#2644 = ( BOUNDED_SURFACE() B_SPLINE_SURFACE(2,2,(
    (#2645,#2646,#2647)
    ,(#2648,#2649,#2650)
    ,(#2651,#2652,#2653
)),.UNSPECIFIED.,.F.,.F.,.F.) B_SPLINE_SURFACE_WITH_KNOTS((3,3),(3,3),(
    4.712388980385,6.28318530718),(0.,1.570796326795),
.PIECEWISE_BEZIER_KNOTS.) GEOMETRIC_REPRESENTATION_ITEM() 
RATIONAL_B_SPLINE_SURFACE((
    (1.,0.707106781187,1.)
    ,(0.707106781187,0.5,0.707106781187)
,(1.,0.707106781187,1.))) REPRESENTATION_ITEM('') SURFACE() );
#2645 = CARTESIAN_POINT('',(-1.657894736842,1.53,1.292307667456));
#2646 = CARTESIAN_POINT('',(-1.657894736842,1.62,1.292307667456));
#2647 = CARTESIAN_POINT('',(-1.59649122807,1.62,1.292307667456));
#2648 = CARTESIAN_POINT('',(-1.657894736842,1.53,1.599999969231));
#2649 = CARTESIAN_POINT('',(-1.657894736842,1.62,1.599999969231));
#2650 = CARTESIAN_POINT('',(-1.59649122807,1.62,1.538461508876));
#2651 = CARTESIAN_POINT('',(-1.350877192982,1.53,1.599999969231));
#2652 = CARTESIAN_POINT('',(-1.350877192982,1.62,1.599999969231));
#2653 = CARTESIAN_POINT('',(-1.350877192982,1.62,1.538461508876));
#2654 = DEFINITIONAL_REPRESENTATION('',(#2655),#2659);
#2655 = B_SPLINE_CURVE_WITH_KNOTS('',2,(#2656,#2657,#2658),
  .UNSPECIFIED.,.F.,.F.,(3,3),(0.,1.570796326795),
  .PIECEWISE_BEZIER_KNOTS.);
#2656 = CARTESIAN_POINT('',(6.28318530718,-2.466295466829E-15));
#2657 = CARTESIAN_POINT('',(5.497787143782,1.447413453808E-15));
#2658 = CARTESIAN_POINT('',(4.712388980385,-2.466295466829E-15));
#2659 = ( GEOMETRIC_REPRESENTATION_CONTEXT(2) 
PARAMETRIC_REPRESENTATION_CONTEXT() REPRESENTATION_CONTEXT('2D SPACE',''
  ) );
#2660 = ORIENTED_EDGE('',*,*,#2521,.T.);
#2661 = ORIENTED_EDGE('',*,*,#2662,.T.);
#2662 = EDGE_CURVE('',#2524,#2610,#2663,.T.);
#2663 = SURFACE_CURVE('',#2664,(#2668,#2675),.PCURVE_S1.);
#2664 = ( BOUNDED_CURVE() B_SPLINE_CURVE(2,(#2665,#2666,#2667),
.UNSPECIFIED.,.F.,.F.) B_SPLINE_CURVE_WITH_KNOTS((3,3),(4.712388980385,
6.28318530718),.PIECEWISE_BEZIER_KNOTS.) CURVE() 
GEOMETRIC_REPRESENTATION_ITEM() RATIONAL_B_SPLINE_CURVE((1.,
0.707106781187,1.)) REPRESENTATION_ITEM('') );
#2665 = CARTESIAN_POINT('',(-1.657894736842,9.E-02,1.292307667456));
#2666 = CARTESIAN_POINT('',(-1.657894736842,9.E-02,1.599999969231));
#2667 = CARTESIAN_POINT('',(-1.350877192982,9.E-02,1.599999969231));
#2668 = PCURVE('',#2537,#2669);
#2669 = DEFINITIONAL_REPRESENTATION('',(#2670),#2674);
#2670 = B_SPLINE_CURVE_WITH_KNOTS('',2,(#2671,#2672,#2673),
  .UNSPECIFIED.,.F.,.F.,(3,3),(4.712388980385,6.28318530718),
  .PIECEWISE_BEZIER_KNOTS.);
#2671 = CARTESIAN_POINT('',(4.712388980385,1.75));
#2672 = CARTESIAN_POINT('',(3.926990816987,1.75));
#2673 = CARTESIAN_POINT('',(3.14159265359,1.75));
#2674 = ( GEOMETRIC_REPRESENTATION_CONTEXT(2) 
PARAMETRIC_REPRESENTATION_CONTEXT() REPRESENTATION_CONTEXT('2D SPACE',''
  ) );
#2675 = PCURVE('',#2676,#2686);
#2676 = ( BOUNDED_SURFACE() B_SPLINE_SURFACE(2,2,(
    (#2677,#2678,#2679)
    ,(#2680,#2681,#2682)
    ,(#2683,#2684,#2685
)),.UNSPECIFIED.,.F.,.F.,.F.) B_SPLINE_SURFACE_WITH_KNOTS((3,3),(3,3),(
    4.712388980385,6.28318530718),(4.712388980385,6.28318530718),
.PIECEWISE_BEZIER_KNOTS.) GEOMETRIC_REPRESENTATION_ITEM() 
RATIONAL_B_SPLINE_SURFACE((
    (1.,0.707106781187,1.)
    ,(0.707106781187,0.5,0.707106781187)
,(1.,0.707106781187,1.))) REPRESENTATION_ITEM('') SURFACE() );
#2677 = CARTESIAN_POINT('',(-1.59649122807,3.74700270811E-17,
    1.292307667456));
#2678 = CARTESIAN_POINT('',(-1.657894736842,-9.992007221626E-17,
    1.292307667456));
#2679 = CARTESIAN_POINT('',(-1.657894736842,9.E-02,1.292307667456));
#2680 = CARTESIAN_POINT('',(-1.59649122807,3.74700270811E-17,
    1.538461508876));
#2681 = CARTESIAN_POINT('',(-1.657894736842,-9.992007221626E-17,
    1.599999969231));
#2682 = CARTESIAN_POINT('',(-1.657894736842,9.E-02,1.599999969231));
#2683 = CARTESIAN_POINT('',(-1.350877192982,3.74700270811E-17,
    1.538461508876));
#2684 = CARTESIAN_POINT('',(-1.350877192982,-9.992007221626E-17,
    1.599999969231));
#2685 = CARTESIAN_POINT('',(-1.350877192982,9.E-02,1.599999969231));
#2686 = DEFINITIONAL_REPRESENTATION('',(#2687),#2691);
#2687 = B_SPLINE_CURVE_WITH_KNOTS('',2,(#2688,#2689,#2690),
  .UNSPECIFIED.,.F.,.F.,(3,3),(4.712388980385,6.28318530718),
  .PIECEWISE_BEZIER_KNOTS.);
#2688 = CARTESIAN_POINT('',(4.712388980385,6.28318530718));
#2689 = CARTESIAN_POINT('',(5.497787143782,6.28318530718));
#2690 = CARTESIAN_POINT('',(6.28318530718,6.28318530718));
#2691 = ( GEOMETRIC_REPRESENTATION_CONTEXT(2) 
PARAMETRIC_REPRESENTATION_CONTEXT() REPRESENTATION_CONTEXT('2D SPACE',''
  ) );
#2692 = ADVANCED_FACE('',(#2693),#2116,.F.);
#2693 = FACE_BOUND('',#2694,.T.);
#2694 = EDGE_LOOP('',(#2695,#2696,#2722,#2723));
#2695 = ORIENTED_EDGE('',*,*,#2101,.F.);
#2696 = ORIENTED_EDGE('',*,*,#2697,.T.);
#2697 = EDGE_CURVE('',#2069,#2608,#2698,.T.);
#2698 = SURFACE_CURVE('',#2699,(#2702,#2708),.PCURVE_S1.);
#2699 = B_SPLINE_CURVE_WITH_KNOTS('',1,(#2700,#2701),.UNSPECIFIED.,.F.,
  .F.,(2,2),(-4.4,0.),.PIECEWISE_BEZIER_KNOTS.);
#2700 = CARTESIAN_POINT('',(1.350877192982,1.53,1.599999969231));
#2701 = CARTESIAN_POINT('',(-1.350877192982,1.53,1.599999969231));
#2702 = PCURVE('',#2116,#2703);
#2703 = DEFINITIONAL_REPRESENTATION('',(#2704),#2707);
#2704 = B_SPLINE_CURVE_WITH_KNOTS('',1,(#2705,#2706),.UNSPECIFIED.,.F.,
  .F.,(2,2),(-4.4,0.),.PIECEWISE_BEZIER_KNOTS.);
#2705 = CARTESIAN_POINT('',(0.,-0.15));
#2706 = CARTESIAN_POINT('',(4.4,-0.15));
#2707 = ( GEOMETRIC_REPRESENTATION_CONTEXT(2) 
PARAMETRIC_REPRESENTATION_CONTEXT() REPRESENTATION_CONTEXT('2D SPACE',''
  ) );
#2708 = PCURVE('',#2709,#2716);
#2709 = ( BOUNDED_SURFACE() B_SPLINE_SURFACE(2,1,(
    (#2710,#2711)
    ,(#2712,#2713)
    ,(#2714,#2715
)),.UNSPECIFIED.,.F.,.F.,.F.) B_SPLINE_SURFACE_WITH_KNOTS((3,3),(2,2),(
    0.,1.570796326795),(0.,4.4),.PIECEWISE_BEZIER_KNOTS.) 
GEOMETRIC_REPRESENTATION_ITEM() RATIONAL_B_SPLINE_SURFACE((
    (1.,1.)
    ,(0.707106781187,0.707106781187)
,(1.,1.))) REPRESENTATION_ITEM('') SURFACE() );
#2710 = CARTESIAN_POINT('',(1.350877192982,1.53,1.599999969231));
#2711 = CARTESIAN_POINT('',(-1.350877192982,1.53,1.599999969231));
#2712 = CARTESIAN_POINT('',(1.350877192982,1.62,1.599999969231));
#2713 = CARTESIAN_POINT('',(-1.350877192982,1.62,1.599999969231));
#2714 = CARTESIAN_POINT('',(1.350877192982,1.62,1.538461508876));
#2715 = CARTESIAN_POINT('',(-1.350877192982,1.62,1.538461508876));
#2716 = DEFINITIONAL_REPRESENTATION('',(#2717),#2721);
#2717 = B_SPLINE_CURVE_WITH_KNOTS('',2,(#2718,#2719,#2720),
  .UNSPECIFIED.,.F.,.F.,(3,3),(-4.4,0.),.PIECEWISE_BEZIER_KNOTS.);
#2718 = CARTESIAN_POINT('',(0.,0.));
#2719 = CARTESIAN_POINT('',(-8.472355139387E-30,2.2));
#2720 = CARTESIAN_POINT('',(0.,4.4));
#2721 = ( GEOMETRIC_REPRESENTATION_CONTEXT(2) 
PARAMETRIC_REPRESENTATION_CONTEXT() REPRESENTATION_CONTEXT('2D SPACE',''
  ) );
#2722 = ORIENTED_EDGE('',*,*,#2607,.T.);
#2723 = ORIENTED_EDGE('',*,*,#2724,.T.);
#2724 = EDGE_CURVE('',#2610,#2102,#2725,.T.);
#2725 = SURFACE_CURVE('',#2726,(#2729,#2735),.PCURVE_S1.);
#2726 = B_SPLINE_CURVE_WITH_KNOTS('',1,(#2727,#2728),.UNSPECIFIED.,.F.,
  .F.,(2,2),(-4.4,0.),.PIECEWISE_BEZIER_KNOTS.);
#2727 = CARTESIAN_POINT('',(-1.350877192982,9.E-02,1.599999969231));
#2728 = CARTESIAN_POINT('',(1.350877192982,9.E-02,1.599999969231));
#2729 = PCURVE('',#2116,#2730);
#2730 = DEFINITIONAL_REPRESENTATION('',(#2731),#2734);
#2731 = B_SPLINE_CURVE_WITH_KNOTS('',1,(#2732,#2733),.UNSPECIFIED.,.F.,
  .F.,(2,2),(-4.4,0.),.PIECEWISE_BEZIER_KNOTS.);
#2732 = CARTESIAN_POINT('',(4.4,-1.75));
#2733 = CARTESIAN_POINT('',(0.,-1.75));
#2734 = ( GEOMETRIC_REPRESENTATION_CONTEXT(2) 
PARAMETRIC_REPRESENTATION_CONTEXT() REPRESENTATION_CONTEXT('2D SPACE',''
  ) );
#2735 = PCURVE('',#2736,#2743);
#2736 = ( BOUNDED_SURFACE() B_SPLINE_SURFACE(2,1,(
    (#2737,#2738)
    ,(#2739,#2740)
    ,(#2741,#2742
)),.UNSPECIFIED.,.F.,.F.,.F.) B_SPLINE_SURFACE_WITH_KNOTS((3,3),(2,2),(
    3.14159265359,4.712388980385),(-4.4,0.),.PIECEWISE_BEZIER_KNOTS.) 
GEOMETRIC_REPRESENTATION_ITEM() RATIONAL_B_SPLINE_SURFACE((
    (1.,1.)
    ,(0.707106781187,0.707106781187)
,(1.,1.))) REPRESENTATION_ITEM('') SURFACE() );
#2737 = CARTESIAN_POINT('',(-1.350877192982,9.E-02,1.599999969231));
#2738 = CARTESIAN_POINT('',(1.350877192982,9.E-02,1.599999969231));
#2739 = CARTESIAN_POINT('',(-1.350877192982,2.123301534596E-16,
    1.599999969231));
#2740 = CARTESIAN_POINT('',(1.350877192982,2.123301534596E-16,
    1.599999969231));
#2741 = CARTESIAN_POINT('',(-1.350877192982,1.998401444325E-16,
    1.538461508876));
#2742 = CARTESIAN_POINT('',(1.350877192982,1.998401444325E-16,
    1.538461508876));
#2743 = DEFINITIONAL_REPRESENTATION('',(#2744),#2748);
#2744 = B_SPLINE_CURVE_WITH_KNOTS('',2,(#2745,#2746,#2747),
  .UNSPECIFIED.,.F.,.F.,(3,3),(-4.4,0.),.PIECEWISE_BEZIER_KNOTS.);
#2745 = CARTESIAN_POINT('',(3.14159265359,-4.4));
#2746 = CARTESIAN_POINT('',(3.14159265359,-2.2));
#2747 = CARTESIAN_POINT('',(3.14159265359,0.));
#2748 = ( GEOMETRIC_REPRESENTATION_CONTEXT(2) 
PARAMETRIC_REPRESENTATION_CONTEXT() REPRESENTATION_CONTEXT('2D SPACE',''
  ) );
#2749 = ADVANCED_FACE('',(#2750),#2763,.F.);
#2750 = FACE_BOUND('',#2751,.T.);
#2751 = EDGE_LOOP('',(#2752,#2780,#2803,#2824,#2847,#2868,#2891,#2912));
#2752 = ORIENTED_EDGE('',*,*,#2753,.T.);
#2753 = EDGE_CURVE('',#2754,#2756,#2758,.T.);
#2754 = VERTEX_POINT('',#2755);
#2755 = CARTESIAN_POINT('',(-1.350877192982,0.,-1.538461508876));
#2756 = VERTEX_POINT('',#2757);
#2757 = CARTESIAN_POINT('',(1.350877192982,0.,-1.538461508876));
#2758 = SURFACE_CURVE('',#2759,(#2762,#2773),.PCURVE_S1.);
#2759 = B_SPLINE_CURVE_WITH_KNOTS('',1,(#2760,#2761),.UNSPECIFIED.,.F.,
  .F.,(2,2),(-4.4,-1.33226762955E-15),.PIECEWISE_BEZIER_KNOTS.);
#2760 = CARTESIAN_POINT('',(-1.350877192982,0.,-1.538461508876));
#2761 = CARTESIAN_POINT('',(1.350877192982,0.,-1.538461508876));
#2762 = PCURVE('',#2763,#2768);
#2763 = B_SPLINE_SURFACE_WITH_KNOTS('',1,1,(
    (#2764,#2765)
    ,(#2766,#2767
    )),.UNSPECIFIED.,.F.,.F.,.F.,(2,2),(2,2),(-4.6,0.4),(-4.8,0.4),
  .PIECEWISE_BEZIER_KNOTS.);
#2764 = CARTESIAN_POINT('',(-1.59649122807,0.,-1.538461508876));
#2765 = CARTESIAN_POINT('',(1.59649122807,0.,-1.538461508876));
#2766 = CARTESIAN_POINT('',(-1.59649122807,0.,1.538461508876));
#2767 = CARTESIAN_POINT('',(1.59649122807,0.,1.538461508876));
#2768 = DEFINITIONAL_REPRESENTATION('',(#2769),#2772);
#2769 = B_SPLINE_CURVE_WITH_KNOTS('',1,(#2770,#2771),.UNSPECIFIED.,.F.,
  .F.,(2,2),(-4.4,-1.33226762955E-15),.PIECEWISE_BEZIER_KNOTS.);
#2770 = CARTESIAN_POINT('',(-4.6,-4.4));
#2771 = CARTESIAN_POINT('',(-4.6,-1.7763568394E-15));
#2772 = ( GEOMETRIC_REPRESENTATION_CONTEXT(2) 
PARAMETRIC_REPRESENTATION_CONTEXT() REPRESENTATION_CONTEXT('2D SPACE',''
  ) );
#2773 = PCURVE('',#2410,#2774);
#2774 = DEFINITIONAL_REPRESENTATION('',(#2775),#2779);
#2775 = B_SPLINE_CURVE_WITH_KNOTS('',2,(#2776,#2777,#2778),
  .UNSPECIFIED.,.F.,.F.,(3,3),(-4.4,-1.33226762955E-15),
  .PIECEWISE_BEZIER_KNOTS.);
#2776 = CARTESIAN_POINT('',(4.712388980385,4.4));
#2777 = CARTESIAN_POINT('',(4.712388980385,2.2));
#2778 = CARTESIAN_POINT('',(4.712388980385,4.440892098501E-16));
#2779 = ( GEOMETRIC_REPRESENTATION_CONTEXT(2) 
PARAMETRIC_REPRESENTATION_CONTEXT() REPRESENTATION_CONTEXT('2D SPACE',''
  ) );
#2780 = ORIENTED_EDGE('',*,*,#2781,.T.);
#2781 = EDGE_CURVE('',#2756,#2782,#2784,.T.);
#2782 = VERTEX_POINT('',#2783);
#2783 = CARTESIAN_POINT('',(1.59649122807,0.,-1.292307667456));
#2784 = SURFACE_CURVE('',#2785,(#2789,#2796),.PCURVE_S1.);
#2785 = ( BOUNDED_CURVE() B_SPLINE_CURVE(2,(#2786,#2787,#2788),
.UNSPECIFIED.,.F.,.F.) B_SPLINE_CURVE_WITH_KNOTS((3,3),(3.14159265359,
4.712388980385),.PIECEWISE_BEZIER_KNOTS.) CURVE() 
GEOMETRIC_REPRESENTATION_ITEM() RATIONAL_B_SPLINE_CURVE((1.,
0.707106781187,1.)) REPRESENTATION_ITEM('') );
#2786 = CARTESIAN_POINT('',(1.350877192982,0.,-1.538461508876));
#2787 = CARTESIAN_POINT('',(1.59649122807,0.,-1.538461508876));
#2788 = CARTESIAN_POINT('',(1.59649122807,0.,-1.292307667456));
#2789 = PCURVE('',#2763,#2790);
#2790 = DEFINITIONAL_REPRESENTATION('',(#2791),#2795);
#2791 = ( BOUNDED_CURVE() B_SPLINE_CURVE(2,(#2792,#2793,#2794),
.UNSPECIFIED.,.F.,.F.) B_SPLINE_CURVE_WITH_KNOTS((3,3),(3.14159265359,
4.712388980385),.PIECEWISE_BEZIER_KNOTS.) CURVE() 
GEOMETRIC_REPRESENTATION_ITEM() RATIONAL_B_SPLINE_CURVE((1.,
0.707106781187,1.)) REPRESENTATION_ITEM('') );
#2792 = CARTESIAN_POINT('',(-4.6,-1.7763568394E-15));
#2793 = CARTESIAN_POINT('',(-4.6,0.4));
#2794 = CARTESIAN_POINT('',(-4.2,0.4));
#2795 = ( GEOMETRIC_REPRESENTATION_CONTEXT(2) 
PARAMETRIC_REPRESENTATION_CONTEXT() REPRESENTATION_CONTEXT('2D SPACE',''
  ) );
#2796 = PCURVE('',#2321,#2797);
#2797 = DEFINITIONAL_REPRESENTATION('',(#2798),#2802);
#2798 = B_SPLINE_CURVE_WITH_KNOTS('',2,(#2799,#2800,#2801),
  .UNSPECIFIED.,.F.,.F.,(3,3),(3.14159265359,4.712388980385),
  .PIECEWISE_BEZIER_KNOTS.);
#2799 = CARTESIAN_POINT('',(3.14159265359,4.712388980385));
#2800 = CARTESIAN_POINT('',(2.356194490192,4.712388980385));
#2801 = CARTESIAN_POINT('',(1.570796326795,4.712388980385));
#2802 = ( GEOMETRIC_REPRESENTATION_CONTEXT(2) 
PARAMETRIC_REPRESENTATION_CONTEXT() REPRESENTATION_CONTEXT('2D SPACE',''
  ) );
#2803 = ORIENTED_EDGE('',*,*,#2804,.T.);
#2804 = EDGE_CURVE('',#2782,#2805,#2807,.T.);
#2805 = VERTEX_POINT('',#2806);
#2806 = CARTESIAN_POINT('',(1.59649122807,0.,1.292307667456));
#2807 = SURFACE_CURVE('',#2808,(#2811,#2817),.PCURVE_S1.);
#2808 = B_SPLINE_CURVE_WITH_KNOTS('',1,(#2809,#2810),.UNSPECIFIED.,.F.,
  .F.,(2,2),(-4.2,9.171094973273E-32),.PIECEWISE_BEZIER_KNOTS.);
#2809 = CARTESIAN_POINT('',(1.59649122807,0.,-1.292307667456));
#2810 = CARTESIAN_POINT('',(1.59649122807,0.,1.292307667456));
#2811 = PCURVE('',#2763,#2812);
#2812 = DEFINITIONAL_REPRESENTATION('',(#2813),#2816);
#2813 = B_SPLINE_CURVE_WITH_KNOTS('',1,(#2814,#2815),.UNSPECIFIED.,.F.,
  .F.,(2,2),(-4.2,9.171094973273E-32),.PIECEWISE_BEZIER_KNOTS.);
#2814 = CARTESIAN_POINT('',(-4.2,0.4));
#2815 = CARTESIAN_POINT('',(0.,0.4));
#2816 = ( GEOMETRIC_REPRESENTATION_CONTEXT(2) 
PARAMETRIC_REPRESENTATION_CONTEXT() REPRESENTATION_CONTEXT('2D SPACE',''
  ) );
#2817 = PCURVE('',#2230,#2818);
#2818 = DEFINITIONAL_REPRESENTATION('',(#2819),#2823);
#2819 = B_SPLINE_CURVE_WITH_KNOTS('',2,(#2820,#2821,#2822),
  .UNSPECIFIED.,.F.,.F.,(3,3),(-4.2,9.171094973273E-32),
  .PIECEWISE_BEZIER_KNOTS.);
#2820 = CARTESIAN_POINT('',(4.712388980385,4.2));
#2821 = CARTESIAN_POINT('',(4.712388980385,2.1));
#2822 = CARTESIAN_POINT('',(4.712388980385,-9.171094973273E-32));
#2823 = ( GEOMETRIC_REPRESENTATION_CONTEXT(2) 
PARAMETRIC_REPRESENTATION_CONTEXT() REPRESENTATION_CONTEXT('2D SPACE',''
  ) );
#2824 = ORIENTED_EDGE('',*,*,#2825,.T.);
#2825 = EDGE_CURVE('',#2805,#2826,#2828,.T.);
#2826 = VERTEX_POINT('',#2827);
#2827 = CARTESIAN_POINT('',(1.350877192982,0.,1.538461508876));
#2828 = SURFACE_CURVE('',#2829,(#2833,#2840),.PCURVE_S1.);
#2829 = ( BOUNDED_CURVE() B_SPLINE_CURVE(2,(#2830,#2831,#2832),
.UNSPECIFIED.,.F.,.F.) B_SPLINE_CURVE_WITH_KNOTS((3,3),(4.712388980385,
6.28318530718),.PIECEWISE_BEZIER_KNOTS.) CURVE() 
GEOMETRIC_REPRESENTATION_ITEM() RATIONAL_B_SPLINE_CURVE((1.,
0.707106781187,1.)) REPRESENTATION_ITEM('') );
#2830 = CARTESIAN_POINT('',(1.59649122807,0.,1.292307667456));
#2831 = CARTESIAN_POINT('',(1.59649122807,0.,1.538461508876));
#2832 = CARTESIAN_POINT('',(1.350877192982,0.,1.538461508876));
#2833 = PCURVE('',#2763,#2834);
#2834 = DEFINITIONAL_REPRESENTATION('',(#2835),#2839);
#2835 = ( BOUNDED_CURVE() B_SPLINE_CURVE(2,(#2836,#2837,#2838),
.UNSPECIFIED.,.F.,.F.) B_SPLINE_CURVE_WITH_KNOTS((3,3),(4.712388980385,
6.28318530718),.PIECEWISE_BEZIER_KNOTS.) CURVE() 
GEOMETRIC_REPRESENTATION_ITEM() RATIONAL_B_SPLINE_CURVE((1.,
0.707106781187,1.)) REPRESENTATION_ITEM('') );
#2836 = CARTESIAN_POINT('',(0.,0.4));
#2837 = CARTESIAN_POINT('',(0.4,0.4));
#2838 = CARTESIAN_POINT('',(0.4,0.));
#2839 = ( GEOMETRIC_REPRESENTATION_CONTEXT(2) 
PARAMETRIC_REPRESENTATION_CONTEXT() REPRESENTATION_CONTEXT('2D SPACE',''
  ) );
#2840 = PCURVE('',#2141,#2841);
#2841 = DEFINITIONAL_REPRESENTATION('',(#2842),#2846);
#2842 = B_SPLINE_CURVE_WITH_KNOTS('',2,(#2843,#2844,#2845),
  .UNSPECIFIED.,.F.,.F.,(3,3),(4.712388980385,6.28318530718),
  .PIECEWISE_BEZIER_KNOTS.);
#2843 = CARTESIAN_POINT('',(1.570796326795,4.712388980385));
#2844 = CARTESIAN_POINT('',(0.785398163397,4.712388980385));
#2845 = CARTESIAN_POINT('',(0.,4.712388980385));
#2846 = ( GEOMETRIC_REPRESENTATION_CONTEXT(2) 
PARAMETRIC_REPRESENTATION_CONTEXT() REPRESENTATION_CONTEXT('2D SPACE',''
  ) );
#2847 = ORIENTED_EDGE('',*,*,#2848,.T.);
#2848 = EDGE_CURVE('',#2826,#2849,#2851,.T.);
#2849 = VERTEX_POINT('',#2850);
#2850 = CARTESIAN_POINT('',(-1.350877192982,0.,1.538461508876));
#2851 = SURFACE_CURVE('',#2852,(#2855,#2861),.PCURVE_S1.);
#2852 = B_SPLINE_CURVE_WITH_KNOTS('',1,(#2853,#2854),.UNSPECIFIED.,.F.,
  .F.,(2,2),(0.,4.4),.PIECEWISE_BEZIER_KNOTS.);
#2853 = CARTESIAN_POINT('',(1.350877192982,0.,1.538461508876));
#2854 = CARTESIAN_POINT('',(-1.350877192982,0.,1.538461508876));
#2855 = PCURVE('',#2763,#2856);
#2856 = DEFINITIONAL_REPRESENTATION('',(#2857),#2860);
#2857 = B_SPLINE_CURVE_WITH_KNOTS('',1,(#2858,#2859),.UNSPECIFIED.,.F.,
  .F.,(2,2),(0.,4.4),.PIECEWISE_BEZIER_KNOTS.);
#2858 = CARTESIAN_POINT('',(0.4,0.));
#2859 = CARTESIAN_POINT('',(0.4,-4.4));
#2860 = ( GEOMETRIC_REPRESENTATION_CONTEXT(2) 
PARAMETRIC_REPRESENTATION_CONTEXT() REPRESENTATION_CONTEXT('2D SPACE',''
  ) );
#2861 = PCURVE('',#2736,#2862);
#2862 = DEFINITIONAL_REPRESENTATION('',(#2863),#2867);
#2863 = B_SPLINE_CURVE_WITH_KNOTS('',2,(#2864,#2865,#2866),
  .UNSPECIFIED.,.F.,.F.,(3,3),(0.,4.4),.PIECEWISE_BEZIER_KNOTS.);
#2864 = CARTESIAN_POINT('',(4.712388980385,0.));
#2865 = CARTESIAN_POINT('',(4.712388980385,-2.2));
#2866 = CARTESIAN_POINT('',(4.712388980385,-4.4));
#2867 = ( GEOMETRIC_REPRESENTATION_CONTEXT(2) 
PARAMETRIC_REPRESENTATION_CONTEXT() REPRESENTATION_CONTEXT('2D SPACE',''
  ) );
#2868 = ORIENTED_EDGE('',*,*,#2869,.T.);
#2869 = EDGE_CURVE('',#2849,#2870,#2872,.T.);
#2870 = VERTEX_POINT('',#2871);
#2871 = CARTESIAN_POINT('',(-1.59649122807,0.,1.292307667456));
#2872 = SURFACE_CURVE('',#2873,(#2877,#2884),.PCURVE_S1.);
#2873 = ( BOUNDED_CURVE() B_SPLINE_CURVE(2,(#2874,#2875,#2876),
.UNSPECIFIED.,.F.,.F.) B_SPLINE_CURVE_WITH_KNOTS((3,3),(0.,
1.570796326795),.PIECEWISE_BEZIER_KNOTS.) CURVE() 
GEOMETRIC_REPRESENTATION_ITEM() RATIONAL_B_SPLINE_CURVE((1.,
0.707106781187,1.)) REPRESENTATION_ITEM('') );
#2874 = CARTESIAN_POINT('',(-1.350877192982,0.,1.538461508876));
#2875 = CARTESIAN_POINT('',(-1.59649122807,0.,1.538461508876));
#2876 = CARTESIAN_POINT('',(-1.59649122807,0.,1.292307667456));
#2877 = PCURVE('',#2763,#2878);
#2878 = DEFINITIONAL_REPRESENTATION('',(#2879),#2883);
#2879 = ( BOUNDED_CURVE() B_SPLINE_CURVE(2,(#2880,#2881,#2882),
.UNSPECIFIED.,.F.,.F.) B_SPLINE_CURVE_WITH_KNOTS((3,3),(0.,
1.570796326795),.PIECEWISE_BEZIER_KNOTS.) CURVE() 
GEOMETRIC_REPRESENTATION_ITEM() RATIONAL_B_SPLINE_CURVE((1.,
0.707106781187,1.)) REPRESENTATION_ITEM('') );
#2880 = CARTESIAN_POINT('',(0.4,-4.4));
#2881 = CARTESIAN_POINT('',(0.4,-4.8));
#2882 = CARTESIAN_POINT('',(4.440892098501E-16,-4.8));
#2883 = ( GEOMETRIC_REPRESENTATION_CONTEXT(2) 
PARAMETRIC_REPRESENTATION_CONTEXT() REPRESENTATION_CONTEXT('2D SPACE',''
  ) );
#2884 = PCURVE('',#2676,#2885);
#2885 = DEFINITIONAL_REPRESENTATION('',(#2886),#2890);
#2886 = B_SPLINE_CURVE_WITH_KNOTS('',2,(#2887,#2888,#2889),
  .UNSPECIFIED.,.F.,.F.,(3,3),(0.,1.570796326795),
  .PIECEWISE_BEZIER_KNOTS.);
#2887 = CARTESIAN_POINT('',(6.28318530718,4.712388980385));
#2888 = CARTESIAN_POINT('',(5.497787143782,4.712388980385));
#2889 = CARTESIAN_POINT('',(4.712388980385,4.712388980385));
#2890 = ( GEOMETRIC_REPRESENTATION_CONTEXT(2) 
PARAMETRIC_REPRESENTATION_CONTEXT() REPRESENTATION_CONTEXT('2D SPACE',''
  ) );
#2891 = ORIENTED_EDGE('',*,*,#2892,.T.);
#2892 = EDGE_CURVE('',#2870,#2893,#2895,.T.);
#2893 = VERTEX_POINT('',#2894);
#2894 = CARTESIAN_POINT('',(-1.59649122807,0.,-1.292307667456));
#2895 = SURFACE_CURVE('',#2896,(#2899,#2905),.PCURVE_S1.);
#2896 = B_SPLINE_CURVE_WITH_KNOTS('',1,(#2897,#2898),.UNSPECIFIED.,.F.,
  .F.,(2,2),(0.,4.2),.PIECEWISE_BEZIER_KNOTS.);
#2897 = CARTESIAN_POINT('',(-1.59649122807,0.,1.292307667456));
#2898 = CARTESIAN_POINT('',(-1.59649122807,0.,-1.292307667456));
#2899 = PCURVE('',#2763,#2900);
#2900 = DEFINITIONAL_REPRESENTATION('',(#2901),#2904);
#2901 = B_SPLINE_CURVE_WITH_KNOTS('',1,(#2902,#2903),.UNSPECIFIED.,.F.,
  .F.,(2,2),(0.,4.2),.PIECEWISE_BEZIER_KNOTS.);
#2902 = CARTESIAN_POINT('',(4.440892098501E-16,-4.8));
#2903 = CARTESIAN_POINT('',(-4.2,-4.8));
#2904 = ( GEOMETRIC_REPRESENTATION_CONTEXT(2) 
PARAMETRIC_REPRESENTATION_CONTEXT() REPRESENTATION_CONTEXT('2D SPACE',''
  ) );
#2905 = PCURVE('',#2590,#2906);
#2906 = DEFINITIONAL_REPRESENTATION('',(#2907),#2911);
#2907 = B_SPLINE_CURVE_WITH_KNOTS('',2,(#2908,#2909,#2910),
  .UNSPECIFIED.,.F.,.F.,(3,3),(0.,4.2),.PIECEWISE_BEZIER_KNOTS.);
#2908 = CARTESIAN_POINT('',(4.712388980385,0.));
#2909 = CARTESIAN_POINT('',(4.712388980385,-2.1));
#2910 = CARTESIAN_POINT('',(4.712388980385,-4.2));
#2911 = ( GEOMETRIC_REPRESENTATION_CONTEXT(2) 
PARAMETRIC_REPRESENTATION_CONTEXT() REPRESENTATION_CONTEXT('2D SPACE',''
  ) );
#2912 = ORIENTED_EDGE('',*,*,#2913,.T.);
#2913 = EDGE_CURVE('',#2893,#2754,#2914,.T.);
#2914 = SURFACE_CURVE('',#2915,(#2919,#2926),.PCURVE_S1.);
#2915 = ( BOUNDED_CURVE() B_SPLINE_CURVE(2,(#2916,#2917,#2918),
.UNSPECIFIED.,.F.,.F.) B_SPLINE_CURVE_WITH_KNOTS((3,3),(1.570796326795,
3.14159265359),.PIECEWISE_BEZIER_KNOTS.) CURVE() 
GEOMETRIC_REPRESENTATION_ITEM() RATIONAL_B_SPLINE_CURVE((1.,
0.707106781187,1.)) REPRESENTATION_ITEM('') );
#2916 = CARTESIAN_POINT('',(-1.59649122807,0.,-1.292307667456));
#2917 = CARTESIAN_POINT('',(-1.59649122807,0.,-1.538461508876));
#2918 = CARTESIAN_POINT('',(-1.350877192982,0.,-1.538461508876));
#2919 = PCURVE('',#2763,#2920);
#2920 = DEFINITIONAL_REPRESENTATION('',(#2921),#2925);
#2921 = ( BOUNDED_CURVE() B_SPLINE_CURVE(2,(#2922,#2923,#2924),
.UNSPECIFIED.,.F.,.F.) B_SPLINE_CURVE_WITH_KNOTS((3,3),(1.570796326795,
3.14159265359),.PIECEWISE_BEZIER_KNOTS.) CURVE() 
GEOMETRIC_REPRESENTATION_ITEM() RATIONAL_B_SPLINE_CURVE((1.,
0.707106781187,1.)) REPRESENTATION_ITEM('') );
#2922 = CARTESIAN_POINT('',(-4.2,-4.8));
#2923 = CARTESIAN_POINT('',(-4.6,-4.8));
#2924 = CARTESIAN_POINT('',(-4.6,-4.4));
#2925 = ( GEOMETRIC_REPRESENTATION_CONTEXT(2) 
PARAMETRIC_REPRESENTATION_CONTEXT() REPRESENTATION_CONTEXT('2D SPACE',''
  ) );
#2926 = PCURVE('',#2501,#2927);
#2927 = DEFINITIONAL_REPRESENTATION('',(#2928),#2932);
#2928 = B_SPLINE_CURVE_WITH_KNOTS('',2,(#2929,#2930,#2931),
  .UNSPECIFIED.,.F.,.F.,(3,3),(1.570796326795,3.14159265359),
  .PIECEWISE_BEZIER_KNOTS.);
#2929 = CARTESIAN_POINT('',(4.712388980385,4.712388980385));
#2930 = CARTESIAN_POINT('',(3.926990816987,4.712388980385));
#2931 = CARTESIAN_POINT('',(3.14159265359,4.712388980385));
#2932 = ( GEOMETRIC_REPRESENTATION_CONTEXT(2) 
PARAMETRIC_REPRESENTATION_CONTEXT() REPRESENTATION_CONTEXT('2D SPACE',''
  ) );
#2933 = ADVANCED_FACE('',(#2934,#3117),#2947,.T.);
#2934 = FACE_BOUND('',#2935,.T.);
#2935 = EDGE_LOOP('',(#2936,#2964,#2987,#3008,#3031,#3052,#3075,#3096));
#2936 = ORIENTED_EDGE('',*,*,#2937,.T.);
#2937 = EDGE_CURVE('',#2938,#2940,#2942,.T.);
#2938 = VERTEX_POINT('',#2939);
#2939 = CARTESIAN_POINT('',(1.59649122807,1.62,1.292307667456));
#2940 = VERTEX_POINT('',#2941);
#2941 = CARTESIAN_POINT('',(1.59649122807,1.62,-1.292307667456));
#2942 = SURFACE_CURVE('',#2943,(#2946,#2957),.PCURVE_S1.);
#2943 = B_SPLINE_CURVE_WITH_KNOTS('',1,(#2944,#2945),.UNSPECIFIED.,.F.,
  .F.,(2,2),(-4.2,-4.440892098501E-16),.PIECEWISE_BEZIER_KNOTS.);
#2944 = CARTESIAN_POINT('',(1.59649122807,1.62,1.292307667456));
#2945 = CARTESIAN_POINT('',(1.59649122807,1.62,-1.292307667456));
#2946 = PCURVE('',#2947,#2952);
#2947 = B_SPLINE_SURFACE_WITH_KNOTS('',1,1,(
    (#2948,#2949)
    ,(#2950,#2951
    )),.UNSPECIFIED.,.F.,.F.,.F.,(2,2),(2,2),(-4.6,0.4),(-4.8,0.4),
  .PIECEWISE_BEZIER_KNOTS.);
#2948 = CARTESIAN_POINT('',(-1.59649122807,1.62,-1.538461508876));
#2949 = CARTESIAN_POINT('',(1.59649122807,1.62,-1.538461508876));
#2950 = CARTESIAN_POINT('',(-1.59649122807,1.62,1.538461508876));
#2951 = CARTESIAN_POINT('',(1.59649122807,1.62,1.538461508876));
#2952 = DEFINITIONAL_REPRESENTATION('',(#2953),#2956);
#2953 = B_SPLINE_CURVE_WITH_KNOTS('',1,(#2954,#2955),.UNSPECIFIED.,.F.,
  .F.,(2,2),(-4.2,-4.440892098501E-16),.PIECEWISE_BEZIER_KNOTS.);
#2954 = CARTESIAN_POINT('',(4.440892098501E-16,0.4));
#2955 = CARTESIAN_POINT('',(-4.2,0.4));
#2956 = ( GEOMETRIC_REPRESENTATION_CONTEXT(2) 
PARAMETRIC_REPRESENTATION_CONTEXT() REPRESENTATION_CONTEXT('2D SPACE',''
  ) );
#2957 = PCURVE('',#2203,#2958);
#2958 = DEFINITIONAL_REPRESENTATION('',(#2959),#2963);
#2959 = B_SPLINE_CURVE_WITH_KNOTS('',2,(#2960,#2961,#2962),
  .UNSPECIFIED.,.F.,.F.,(3,3),(-4.2,-4.440892098501E-16),
  .PIECEWISE_BEZIER_KNOTS.);
#2960 = CARTESIAN_POINT('',(1.570796326795,4.440892098501E-16));
#2961 = CARTESIAN_POINT('',(1.570796326795,-2.1));
#2962 = CARTESIAN_POINT('',(1.570796326795,-4.2));
#2963 = ( GEOMETRIC_REPRESENTATION_CONTEXT(2) 
PARAMETRIC_REPRESENTATION_CONTEXT() REPRESENTATION_CONTEXT('2D SPACE',''
  ) );
#2964 = ORIENTED_EDGE('',*,*,#2965,.T.);
#2965 = EDGE_CURVE('',#2940,#2966,#2968,.T.);
#2966 = VERTEX_POINT('',#2967);
#2967 = CARTESIAN_POINT('',(1.350877192982,1.62,-1.538461508876));
#2968 = SURFACE_CURVE('',#2969,(#2973,#2980),.PCURVE_S1.);
#2969 = ( BOUNDED_CURVE() B_SPLINE_CURVE(2,(#2970,#2971,#2972),
.UNSPECIFIED.,.F.,.F.) B_SPLINE_CURVE_WITH_KNOTS((3,3),(1.570796326795,
3.14159265359),.PIECEWISE_BEZIER_KNOTS.) CURVE() 
GEOMETRIC_REPRESENTATION_ITEM() RATIONAL_B_SPLINE_CURVE((1.,
0.707106781187,1.)) REPRESENTATION_ITEM('') );
#2970 = CARTESIAN_POINT('',(1.59649122807,1.62,-1.292307667456));
#2971 = CARTESIAN_POINT('',(1.59649122807,1.62,-1.538461508876));
#2972 = CARTESIAN_POINT('',(1.350877192982,1.62,-1.538461508876));
#2973 = PCURVE('',#2947,#2974);
#2974 = DEFINITIONAL_REPRESENTATION('',(#2975),#2979);
#2975 = ( BOUNDED_CURVE() B_SPLINE_CURVE(2,(#2976,#2977,#2978),
.UNSPECIFIED.,.F.,.F.) B_SPLINE_CURVE_WITH_KNOTS((3,3),(1.570796326795,
3.14159265359),.PIECEWISE_BEZIER_KNOTS.) CURVE() 
GEOMETRIC_REPRESENTATION_ITEM() RATIONAL_B_SPLINE_CURVE((1.,
0.707106781187,1.)) REPRESENTATION_ITEM('') );
#2976 = CARTESIAN_POINT('',(-4.2,0.4));
#2977 = CARTESIAN_POINT('',(-4.6,0.4));
#2978 = CARTESIAN_POINT('',(-4.6,-1.7763568394E-15));
#2979 = ( GEOMETRIC_REPRESENTATION_CONTEXT(2) 
PARAMETRIC_REPRESENTATION_CONTEXT() REPRESENTATION_CONTEXT('2D SPACE',''
  ) );
#2980 = PCURVE('',#2289,#2981);
#2981 = DEFINITIONAL_REPRESENTATION('',(#2982),#2986);
#2982 = B_SPLINE_CURVE_WITH_KNOTS('',2,(#2983,#2984,#2985),
  .UNSPECIFIED.,.F.,.F.,(3,3),(1.570796326795,3.14159265359),
  .PIECEWISE_BEZIER_KNOTS.);
#2983 = CARTESIAN_POINT('',(1.570796326795,1.570796326795));
#2984 = CARTESIAN_POINT('',(2.356194490192,1.570796326795));
#2985 = CARTESIAN_POINT('',(3.14159265359,1.570796326795));
#2986 = ( GEOMETRIC_REPRESENTATION_CONTEXT(2) 
PARAMETRIC_REPRESENTATION_CONTEXT() REPRESENTATION_CONTEXT('2D SPACE',''
  ) );
#2987 = ORIENTED_EDGE('',*,*,#2988,.T.);
#2988 = EDGE_CURVE('',#2966,#2989,#2991,.T.);
#2989 = VERTEX_POINT('',#2990);
#2990 = CARTESIAN_POINT('',(-1.350877192982,1.62,-1.538461508876));
#2991 = SURFACE_CURVE('',#2992,(#2995,#3001),.PCURVE_S1.);
#2992 = B_SPLINE_CURVE_WITH_KNOTS('',1,(#2993,#2994),.UNSPECIFIED.,.F.,
  .F.,(2,2),(-4.4,4.440892098501E-16),.PIECEWISE_BEZIER_KNOTS.);
#2993 = CARTESIAN_POINT('',(1.350877192982,1.62,-1.538461508876));
#2994 = CARTESIAN_POINT('',(-1.350877192982,1.62,-1.538461508876));
#2995 = PCURVE('',#2947,#2996);
#2996 = DEFINITIONAL_REPRESENTATION('',(#2997),#3000);
#2997 = B_SPLINE_CURVE_WITH_KNOTS('',1,(#2998,#2999),.UNSPECIFIED.,.F.,
  .F.,(2,2),(-4.4,4.440892098501E-16),.PIECEWISE_BEZIER_KNOTS.);
#2998 = CARTESIAN_POINT('',(-4.6,-1.33226762955E-15));
#2999 = CARTESIAN_POINT('',(-4.6,-4.4));
#3000 = ( GEOMETRIC_REPRESENTATION_CONTEXT(2) 
PARAMETRIC_REPRESENTATION_CONTEXT() REPRESENTATION_CONTEXT('2D SPACE',''
  ) );
#3001 = PCURVE('',#2383,#3002);
#3002 = DEFINITIONAL_REPRESENTATION('',(#3003),#3007);
#3003 = B_SPLINE_CURVE_WITH_KNOTS('',2,(#3004,#3005,#3006),
  .UNSPECIFIED.,.F.,.F.,(3,3),(-4.4,4.440892098501E-16),
  .PIECEWISE_BEZIER_KNOTS.);
#3004 = CARTESIAN_POINT('',(1.570796326795,-1.33226762955E-15));
#3005 = CARTESIAN_POINT('',(1.570796326795,-2.2));
#3006 = CARTESIAN_POINT('',(1.570796326795,-4.4));
#3007 = ( GEOMETRIC_REPRESENTATION_CONTEXT(2) 
PARAMETRIC_REPRESENTATION_CONTEXT() REPRESENTATION_CONTEXT('2D SPACE',''
  ) );
#3008 = ORIENTED_EDGE('',*,*,#3009,.T.);
#3009 = EDGE_CURVE('',#2989,#3010,#3012,.T.);
#3010 = VERTEX_POINT('',#3011);
#3011 = CARTESIAN_POINT('',(-1.59649122807,1.62,-1.292307667456));
#3012 = SURFACE_CURVE('',#3013,(#3017,#3024),.PCURVE_S1.);
#3013 = ( BOUNDED_CURVE() B_SPLINE_CURVE(2,(#3014,#3015,#3016),
.UNSPECIFIED.,.F.,.F.) B_SPLINE_CURVE_WITH_KNOTS((3,3),(3.14159265359,
4.712388980385),.PIECEWISE_BEZIER_KNOTS.) CURVE() 
GEOMETRIC_REPRESENTATION_ITEM() RATIONAL_B_SPLINE_CURVE((1.,
0.707106781187,1.)) REPRESENTATION_ITEM('') );
#3014 = CARTESIAN_POINT('',(-1.350877192982,1.62,-1.538461508876));
#3015 = CARTESIAN_POINT('',(-1.59649122807,1.62,-1.538461508876));
#3016 = CARTESIAN_POINT('',(-1.59649122807,1.62,-1.292307667456));
#3017 = PCURVE('',#2947,#3018);
#3018 = DEFINITIONAL_REPRESENTATION('',(#3019),#3023);
#3019 = ( BOUNDED_CURVE() B_SPLINE_CURVE(2,(#3020,#3021,#3022),
.UNSPECIFIED.,.F.,.F.) B_SPLINE_CURVE_WITH_KNOTS((3,3),(3.14159265359,
4.712388980385),.PIECEWISE_BEZIER_KNOTS.) CURVE() 
GEOMETRIC_REPRESENTATION_ITEM() RATIONAL_B_SPLINE_CURVE((1.,
0.707106781187,1.)) REPRESENTATION_ITEM('') );
#3020 = CARTESIAN_POINT('',(-4.6,-4.4));
#3021 = CARTESIAN_POINT('',(-4.6,-4.8));
#3022 = CARTESIAN_POINT('',(-4.2,-4.8));
#3023 = ( GEOMETRIC_REPRESENTATION_CONTEXT(2) 
PARAMETRIC_REPRESENTATION_CONTEXT() REPRESENTATION_CONTEXT('2D SPACE',''
  ) );
#3024 = PCURVE('',#2469,#3025);
#3025 = DEFINITIONAL_REPRESENTATION('',(#3026),#3030);
#3026 = B_SPLINE_CURVE_WITH_KNOTS('',2,(#3027,#3028,#3029),
  .UNSPECIFIED.,.F.,.F.,(3,3),(3.14159265359,4.712388980385),
  .PIECEWISE_BEZIER_KNOTS.);
#3027 = CARTESIAN_POINT('',(3.14159265359,1.570796326795));
#3028 = CARTESIAN_POINT('',(3.926990816987,1.570796326795));
#3029 = CARTESIAN_POINT('',(4.712388980385,1.570796326795));
#3030 = ( GEOMETRIC_REPRESENTATION_CONTEXT(2) 
PARAMETRIC_REPRESENTATION_CONTEXT() REPRESENTATION_CONTEXT('2D SPACE',''
  ) );
#3031 = ORIENTED_EDGE('',*,*,#3032,.T.);
#3032 = EDGE_CURVE('',#3010,#3033,#3035,.T.);
#3033 = VERTEX_POINT('',#3034);
#3034 = CARTESIAN_POINT('',(-1.59649122807,1.62,1.292307667456));
#3035 = SURFACE_CURVE('',#3036,(#3039,#3045),.PCURVE_S1.);
#3036 = B_SPLINE_CURVE_WITH_KNOTS('',1,(#3037,#3038),.UNSPECIFIED.,.F.,
  .F.,(2,2),(-4.2,0.),.PIECEWISE_BEZIER_KNOTS.);
#3037 = CARTESIAN_POINT('',(-1.59649122807,1.62,-1.292307667456));
#3038 = CARTESIAN_POINT('',(-1.59649122807,1.62,1.292307667456));
#3039 = PCURVE('',#2947,#3040);
#3040 = DEFINITIONAL_REPRESENTATION('',(#3041),#3044);
#3041 = B_SPLINE_CURVE_WITH_KNOTS('',1,(#3042,#3043),.UNSPECIFIED.,.F.,
  .F.,(2,2),(-4.2,0.),.PIECEWISE_BEZIER_KNOTS.);
#3042 = CARTESIAN_POINT('',(-4.2,-4.8));
#3043 = CARTESIAN_POINT('',(4.440892098501E-16,-4.8));
#3044 = ( GEOMETRIC_REPRESENTATION_CONTEXT(2) 
PARAMETRIC_REPRESENTATION_CONTEXT() REPRESENTATION_CONTEXT('2D SPACE',''
  ) );
#3045 = PCURVE('',#2563,#3046);
#3046 = DEFINITIONAL_REPRESENTATION('',(#3047),#3051);
#3047 = B_SPLINE_CURVE_WITH_KNOTS('',2,(#3048,#3049,#3050),
  .UNSPECIFIED.,.F.,.F.,(3,3),(-4.2,0.),.PIECEWISE_BEZIER_KNOTS.);
#3048 = CARTESIAN_POINT('',(1.570796326795,4.2));
#3049 = CARTESIAN_POINT('',(1.570796326795,2.1));
#3050 = CARTESIAN_POINT('',(1.570796326795,0.));
#3051 = ( GEOMETRIC_REPRESENTATION_CONTEXT(2) 
PARAMETRIC_REPRESENTATION_CONTEXT() REPRESENTATION_CONTEXT('2D SPACE',''
  ) );
#3052 = ORIENTED_EDGE('',*,*,#3053,.T.);
#3053 = EDGE_CURVE('',#3033,#3054,#3056,.T.);
#3054 = VERTEX_POINT('',#3055);
#3055 = CARTESIAN_POINT('',(-1.350877192982,1.62,1.538461508876));
#3056 = SURFACE_CURVE('',#3057,(#3061,#3068),.PCURVE_S1.);
#3057 = ( BOUNDED_CURVE() B_SPLINE_CURVE(2,(#3058,#3059,#3060),
.UNSPECIFIED.,.F.,.F.) B_SPLINE_CURVE_WITH_KNOTS((3,3),(4.712388980385,
6.28318530718),.PIECEWISE_BEZIER_KNOTS.) CURVE() 
GEOMETRIC_REPRESENTATION_ITEM() RATIONAL_B_SPLINE_CURVE((1.,
0.707106781187,1.)) REPRESENTATION_ITEM('') );
#3058 = CARTESIAN_POINT('',(-1.59649122807,1.62,1.292307667456));
#3059 = CARTESIAN_POINT('',(-1.59649122807,1.62,1.538461508876));
#3060 = CARTESIAN_POINT('',(-1.350877192982,1.62,1.538461508876));
#3061 = PCURVE('',#2947,#3062);
#3062 = DEFINITIONAL_REPRESENTATION('',(#3063),#3067);
#3063 = ( BOUNDED_CURVE() B_SPLINE_CURVE(2,(#3064,#3065,#3066),
.UNSPECIFIED.,.F.,.F.) B_SPLINE_CURVE_WITH_KNOTS((3,3),(4.712388980385,
6.28318530718),.PIECEWISE_BEZIER_KNOTS.) CURVE() 
GEOMETRIC_REPRESENTATION_ITEM() RATIONAL_B_SPLINE_CURVE((1.,
0.707106781187,1.)) REPRESENTATION_ITEM('') );
#3064 = CARTESIAN_POINT('',(4.440892098501E-16,-4.8));
#3065 = CARTESIAN_POINT('',(0.4,-4.8));
#3066 = CARTESIAN_POINT('',(0.4,-4.4));
#3067 = ( GEOMETRIC_REPRESENTATION_CONTEXT(2) 
PARAMETRIC_REPRESENTATION_CONTEXT() REPRESENTATION_CONTEXT('2D SPACE',''
  ) );
#3068 = PCURVE('',#2644,#3069);
#3069 = DEFINITIONAL_REPRESENTATION('',(#3070),#3074);
#3070 = B_SPLINE_CURVE_WITH_KNOTS('',2,(#3071,#3072,#3073),
  .UNSPECIFIED.,.F.,.F.,(3,3),(4.712388980385,6.28318530718),
  .PIECEWISE_BEZIER_KNOTS.);
#3071 = CARTESIAN_POINT('',(4.712388980385,1.570796326795));
#3072 = CARTESIAN_POINT('',(5.497787143782,1.570796326795));
#3073 = CARTESIAN_POINT('',(6.28318530718,1.570796326795));
#3074 = ( GEOMETRIC_REPRESENTATION_CONTEXT(2) 
PARAMETRIC_REPRESENTATION_CONTEXT() REPRESENTATION_CONTEXT('2D SPACE',''
  ) );
#3075 = ORIENTED_EDGE('',*,*,#3076,.T.);
#3076 = EDGE_CURVE('',#3054,#3077,#3079,.T.);
#3077 = VERTEX_POINT('',#3078);
#3078 = CARTESIAN_POINT('',(1.350877192982,1.62,1.538461508876));
#3079 = SURFACE_CURVE('',#3080,(#3083,#3089),.PCURVE_S1.);
#3080 = B_SPLINE_CURVE_WITH_KNOTS('',1,(#3081,#3082),.UNSPECIFIED.,.F.,
  .F.,(2,2),(-4.4,0.),.PIECEWISE_BEZIER_KNOTS.);
#3081 = CARTESIAN_POINT('',(-1.350877192982,1.62,1.538461508876));
#3082 = CARTESIAN_POINT('',(1.350877192982,1.62,1.538461508876));
#3083 = PCURVE('',#2947,#3084);
#3084 = DEFINITIONAL_REPRESENTATION('',(#3085),#3088);
#3085 = B_SPLINE_CURVE_WITH_KNOTS('',1,(#3086,#3087),.UNSPECIFIED.,.F.,
  .F.,(2,2),(-4.4,0.),.PIECEWISE_BEZIER_KNOTS.);
#3086 = CARTESIAN_POINT('',(0.4,-4.4));
#3087 = CARTESIAN_POINT('',(0.4,0.));
#3088 = ( GEOMETRIC_REPRESENTATION_CONTEXT(2) 
PARAMETRIC_REPRESENTATION_CONTEXT() REPRESENTATION_CONTEXT('2D SPACE',''
  ) );
#3089 = PCURVE('',#2709,#3090);
#3090 = DEFINITIONAL_REPRESENTATION('',(#3091),#3095);
#3091 = B_SPLINE_CURVE_WITH_KNOTS('',2,(#3092,#3093,#3094),
  .UNSPECIFIED.,.F.,.F.,(3,3),(-4.4,0.),.PIECEWISE_BEZIER_KNOTS.);
#3092 = CARTESIAN_POINT('',(1.570796326795,4.4));
#3093 = CARTESIAN_POINT('',(1.570796326795,2.2));
#3094 = CARTESIAN_POINT('',(1.570796326795,0.));
#3095 = ( GEOMETRIC_REPRESENTATION_CONTEXT(2) 
PARAMETRIC_REPRESENTATION_CONTEXT() REPRESENTATION_CONTEXT('2D SPACE',''
  ) );
#3096 = ORIENTED_EDGE('',*,*,#3097,.T.);
#3097 = EDGE_CURVE('',#3077,#2938,#3098,.T.);
#3098 = SURFACE_CURVE('',#3099,(#3103,#3110),.PCURVE_S1.);
#3099 = ( BOUNDED_CURVE() B_SPLINE_CURVE(2,(#3100,#3101,#3102),
.UNSPECIFIED.,.F.,.F.) B_SPLINE_CURVE_WITH_KNOTS((3,3),(0.,
1.570796326795),.PIECEWISE_BEZIER_KNOTS.) CURVE() 
GEOMETRIC_REPRESENTATION_ITEM() RATIONAL_B_SPLINE_CURVE((1.,
0.707106781187,1.)) REPRESENTATION_ITEM('') );
#3100 = CARTESIAN_POINT('',(1.350877192982,1.62,1.538461508876));
#3101 = CARTESIAN_POINT('',(1.59649122807,1.62,1.538461508876));
#3102 = CARTESIAN_POINT('',(1.59649122807,1.62,1.292307667456));
#3103 = PCURVE('',#2947,#3104);
#3104 = DEFINITIONAL_REPRESENTATION('',(#3105),#3109);
#3105 = ( BOUNDED_CURVE() B_SPLINE_CURVE(2,(#3106,#3107,#3108),
.UNSPECIFIED.,.F.,.F.) B_SPLINE_CURVE_WITH_KNOTS((3,3),(0.,
1.570796326795),.PIECEWISE_BEZIER_KNOTS.) CURVE() 
GEOMETRIC_REPRESENTATION_ITEM() RATIONAL_B_SPLINE_CURVE((1.,
0.707106781187,1.)) REPRESENTATION_ITEM('') );
#3106 = CARTESIAN_POINT('',(0.4,0.));
#3107 = CARTESIAN_POINT('',(0.4,0.4));
#3108 = CARTESIAN_POINT('',(0.,0.4));
#3109 = ( GEOMETRIC_REPRESENTATION_CONTEXT(2) 
PARAMETRIC_REPRESENTATION_CONTEXT() REPRESENTATION_CONTEXT('2D SPACE',''
  ) );
#3110 = PCURVE('',#2084,#3111);
#3111 = DEFINITIONAL_REPRESENTATION('',(#3112),#3116);
#3112 = B_SPLINE_CURVE_WITH_KNOTS('',2,(#3113,#3114,#3115),
  .UNSPECIFIED.,.F.,.F.,(3,3),(0.,1.570796326795),
  .PIECEWISE_BEZIER_KNOTS.);
#3113 = CARTESIAN_POINT('',(0.,1.570796326795));
#3114 = CARTESIAN_POINT('',(0.785398163397,1.570796326795));
#3115 = CARTESIAN_POINT('',(1.570796326795,1.570796326795));
#3116 = ( GEOMETRIC_REPRESENTATION_CONTEXT(2) 
PARAMETRIC_REPRESENTATION_CONTEXT() REPRESENTATION_CONTEXT('2D SPACE',''
  ) );
#3117 = FACE_BOUND('',#3118,.T.);
#3118 = EDGE_LOOP('',(#3119,#3146,#3176,#3201,#3231,#3256,#3286,#3311));
#3119 = ORIENTED_EDGE('',*,*,#3120,.F.);
#3120 = EDGE_CURVE('',#3121,#3123,#3125,.T.);
#3121 = VERTEX_POINT('',#3122);
#3122 = CARTESIAN_POINT('',(-1.197368421053,1.62,1.37543857004));
#3123 = VERTEX_POINT('',#3124);
#3124 = CARTESIAN_POINT('',(1.197368421053,1.62,1.37543857004));
#3125 = SURFACE_CURVE('',#3126,(#3129,#3135),.PCURVE_S1.);
#3126 = B_SPLINE_CURVE_WITH_KNOTS('',1,(#3127,#3128),.UNSPECIFIED.,.F.,
  .F.,(2,2),(-3.9,0.),.PIECEWISE_BEZIER_KNOTS.);
#3127 = CARTESIAN_POINT('',(-1.197368421053,1.62,1.37543857004));
#3128 = CARTESIAN_POINT('',(1.197368421053,1.62,1.37543857004));
#3129 = PCURVE('',#2947,#3130);
#3130 = DEFINITIONAL_REPRESENTATION('',(#3131),#3134);
#3131 = B_SPLINE_CURVE_WITH_KNOTS('',1,(#3132,#3133),.UNSPECIFIED.,.F.,
  .F.,(2,2),(-3.9,0.),.PIECEWISE_BEZIER_KNOTS.);
#3132 = CARTESIAN_POINT('',(0.135087719298,-4.15));
#3133 = CARTESIAN_POINT('',(0.135087719298,-0.25));
#3134 = ( GEOMETRIC_REPRESENTATION_CONTEXT(2) 
PARAMETRIC_REPRESENTATION_CONTEXT() REPRESENTATION_CONTEXT('2D SPACE',''
  ) );
#3135 = PCURVE('',#3136,#3141);
#3136 = B_SPLINE_SURFACE_WITH_KNOTS('',1,1,(
    (#3137,#3138)
    ,(#3139,#3140
  )),.UNSPECIFIED.,.F.,.F.,.F.,(2,2),(2,2),(-4.15,-0.25),(0.,
    0.146190220008),.PIECEWISE_BEZIER_KNOTS.);
#3137 = CARTESIAN_POINT('',(-1.197368421053,1.665,1.290900804914));
#3138 = CARTESIAN_POINT('',(-1.197368421053,1.62,1.37543857004));
#3139 = CARTESIAN_POINT('',(1.197368421053,1.665,1.290900804914));
#3140 = CARTESIAN_POINT('',(1.197368421053,1.62,1.37543857004));
#3141 = DEFINITIONAL_REPRESENTATION('',(#3142),#3145);
#3142 = B_SPLINE_CURVE_WITH_KNOTS('',1,(#3143,#3144),.UNSPECIFIED.,.F.,
  .F.,(2,2),(-3.9,0.),.PIECEWISE_BEZIER_KNOTS.);
#3143 = CARTESIAN_POINT('',(-4.15,0.146190220008));
#3144 = CARTESIAN_POINT('',(-0.25,0.146190220008));
#3145 = ( GEOMETRIC_REPRESENTATION_CONTEXT(2) 
PARAMETRIC_REPRESENTATION_CONTEXT() REPRESENTATION_CONTEXT('2D SPACE',''
  ) );
#3146 = ORIENTED_EDGE('',*,*,#3147,.F.);
#3147 = EDGE_CURVE('',#3148,#3121,#3150,.T.);
#3148 = VERTEX_POINT('',#3149);
#3149 = CARTESIAN_POINT('',(-1.504385964912,1.62,1.067746268265));
#3150 = SURFACE_CURVE('',#3151,(#3155,#3162),.PCURVE_S1.);
#3151 = ( BOUNDED_CURVE() B_SPLINE_CURVE(2,(#3152,#3153,#3154),
.UNSPECIFIED.,.F.,.F.) B_SPLINE_CURVE_WITH_KNOTS((3,3),(1.570796326795,
3.14159265359),.PIECEWISE_BEZIER_KNOTS.) CURVE() 
GEOMETRIC_REPRESENTATION_ITEM() RATIONAL_B_SPLINE_CURVE((1.,
0.707106781187,1.)) REPRESENTATION_ITEM('') );
#3152 = CARTESIAN_POINT('',(-1.504385964912,1.62,1.067746268265));
#3153 = CARTESIAN_POINT('',(-1.504385964912,1.62,1.37543857004));
#3154 = CARTESIAN_POINT('',(-1.197368421053,1.62,1.37543857004));
#3155 = PCURVE('',#2947,#3156);
#3156 = DEFINITIONAL_REPRESENTATION('',(#3157),#3161);
#3157 = ( BOUNDED_CURVE() B_SPLINE_CURVE(2,(#3158,#3159,#3160),
.UNSPECIFIED.,.F.,.F.) B_SPLINE_CURVE_WITH_KNOTS((3,3),(1.570796326795,
3.14159265359),.PIECEWISE_BEZIER_KNOTS.) CURVE() 
GEOMETRIC_REPRESENTATION_ITEM() RATIONAL_B_SPLINE_CURVE((1.,
0.707106781187,1.)) REPRESENTATION_ITEM('') );
#3158 = CARTESIAN_POINT('',(-0.364912280702,-4.65));
#3159 = CARTESIAN_POINT('',(0.135087719298,-4.65));
#3160 = CARTESIAN_POINT('',(0.135087719298,-4.15));
#3161 = ( GEOMETRIC_REPRESENTATION_CONTEXT(2) 
PARAMETRIC_REPRESENTATION_CONTEXT() REPRESENTATION_CONTEXT('2D SPACE',''
  ) );
#3162 = PCURVE('',#3163,#3170);
#3163 = ( BOUNDED_SURFACE() B_SPLINE_SURFACE(2,1,(
    (#3164,#3165)
    ,(#3166,#3167)
    ,(#3168,#3169
)),.UNSPECIFIED.,.F.,.F.,.F.) B_SPLINE_SURFACE_WITH_KNOTS((3,3),(2,2),(
    3.14159265359,4.712388980385),(-1.665334536938E-16,0.146190220008),
.PIECEWISE_BEZIER_KNOTS.) GEOMETRIC_REPRESENTATION_ITEM() 
RATIONAL_B_SPLINE_SURFACE((
    (1.,1.)
    ,(0.707106781187,0.707106781187)
,(1.,1.))) REPRESENTATION_ITEM('') SURFACE() );
#3164 = CARTESIAN_POINT('',(-1.197368421053,1.665,1.290900804914));
#3165 = CARTESIAN_POINT('',(-1.197368421053,1.62,1.37543857004));
#3166 = CARTESIAN_POINT('',(-1.420033587999,1.665,1.290900804914));
#3167 = CARTESIAN_POINT('',(-1.504385964912,1.62,1.37543857004));
#3168 = CARTESIAN_POINT('',(-1.420033587999,1.665,1.067746268265));
#3169 = CARTESIAN_POINT('',(-1.504385964912,1.62,1.067746268265));
#3170 = DEFINITIONAL_REPRESENTATION('',(#3171),#3175);
#3171 = B_SPLINE_CURVE_WITH_KNOTS('',2,(#3172,#3173,#3174),
  .UNSPECIFIED.,.F.,.F.,(3,3),(1.570796326795,3.14159265359),
  .PIECEWISE_BEZIER_KNOTS.);
#3172 = CARTESIAN_POINT('',(4.712388980385,0.146190220008));
#3173 = CARTESIAN_POINT('',(3.926990816987,0.146190220008));
#3174 = CARTESIAN_POINT('',(3.14159265359,0.146190220008));
#3175 = ( GEOMETRIC_REPRESENTATION_CONTEXT(2) 
PARAMETRIC_REPRESENTATION_CONTEXT() REPRESENTATION_CONTEXT('2D SPACE',''
  ) );
#3176 = ORIENTED_EDGE('',*,*,#3177,.F.);
#3177 = EDGE_CURVE('',#3178,#3148,#3180,.T.);
#3178 = VERTEX_POINT('',#3179);
#3179 = CARTESIAN_POINT('',(-1.504385964912,1.62,-1.067746268265));
#3180 = SURFACE_CURVE('',#3181,(#3184,#3190),.PCURVE_S1.);
#3181 = B_SPLINE_CURVE_WITH_KNOTS('',1,(#3182,#3183),.UNSPECIFIED.,.F.,
  .F.,(2,2),(-3.470175438596,0.),.PIECEWISE_BEZIER_KNOTS.);
#3182 = CARTESIAN_POINT('',(-1.504385964912,1.62,-1.067746268265));
#3183 = CARTESIAN_POINT('',(-1.504385964912,1.62,1.067746268265));
#3184 = PCURVE('',#2947,#3185);
#3185 = DEFINITIONAL_REPRESENTATION('',(#3186),#3189);
#3186 = B_SPLINE_CURVE_WITH_KNOTS('',1,(#3187,#3188),.UNSPECIFIED.,.F.,
  .F.,(2,2),(-3.470175438596,0.),.PIECEWISE_BEZIER_KNOTS.);
#3187 = CARTESIAN_POINT('',(-3.835087719298,-4.65));
#3188 = CARTESIAN_POINT('',(-0.364912280702,-4.65));
#3189 = ( GEOMETRIC_REPRESENTATION_CONTEXT(2) 
PARAMETRIC_REPRESENTATION_CONTEXT() REPRESENTATION_CONTEXT('2D SPACE',''
  ) );
#3190 = PCURVE('',#3191,#3196);
#3191 = B_SPLINE_SURFACE_WITH_KNOTS('',1,1,(
    (#3192,#3193)
    ,(#3194,#3195
    )),.UNSPECIFIED.,.F.,.F.,.F.,(2,2),(2,2),(-3.835087719298,
    -0.364912280702),(0.,0.146190220008),.PIECEWISE_BEZIER_KNOTS.);
#3192 = CARTESIAN_POINT('',(-1.420033587999,1.665,-1.067746268265));
#3193 = CARTESIAN_POINT('',(-1.504385964912,1.62,-1.067746268265));
#3194 = CARTESIAN_POINT('',(-1.420033587999,1.665,1.067746268265));
#3195 = CARTESIAN_POINT('',(-1.504385964912,1.62,1.067746268265));
#3196 = DEFINITIONAL_REPRESENTATION('',(#3197),#3200);
#3197 = B_SPLINE_CURVE_WITH_KNOTS('',1,(#3198,#3199),.UNSPECIFIED.,.F.,
  .F.,(2,2),(-3.470175438596,0.),.PIECEWISE_BEZIER_KNOTS.);
#3198 = CARTESIAN_POINT('',(-3.835087719298,0.146190220008));
#3199 = CARTESIAN_POINT('',(-0.364912280702,0.146190220008));
#3200 = ( GEOMETRIC_REPRESENTATION_CONTEXT(2) 
PARAMETRIC_REPRESENTATION_CONTEXT() REPRESENTATION_CONTEXT('2D SPACE',''
  ) );
#3201 = ORIENTED_EDGE('',*,*,#3202,.F.);
#3202 = EDGE_CURVE('',#3203,#3178,#3205,.T.);
#3203 = VERTEX_POINT('',#3204);
#3204 = CARTESIAN_POINT('',(-1.197368421053,1.62,-1.37543857004));
#3205 = SURFACE_CURVE('',#3206,(#3210,#3217),.PCURVE_S1.);
#3206 = ( BOUNDED_CURVE() B_SPLINE_CURVE(2,(#3207,#3208,#3209),
.UNSPECIFIED.,.F.,.F.) B_SPLINE_CURVE_WITH_KNOTS((3,3),(3.14159265359,
4.712388980385),.PIECEWISE_BEZIER_KNOTS.) CURVE() 
GEOMETRIC_REPRESENTATION_ITEM() RATIONAL_B_SPLINE_CURVE((1.,
0.707106781187,1.)) REPRESENTATION_ITEM('') );
#3207 = CARTESIAN_POINT('',(-1.197368421053,1.62,-1.37543857004));
#3208 = CARTESIAN_POINT('',(-1.504385964912,1.62,-1.37543857004));
#3209 = CARTESIAN_POINT('',(-1.504385964912,1.62,-1.067746268265));
#3210 = PCURVE('',#2947,#3211);
#3211 = DEFINITIONAL_REPRESENTATION('',(#3212),#3216);
#3212 = ( BOUNDED_CURVE() B_SPLINE_CURVE(2,(#3213,#3214,#3215),
.UNSPECIFIED.,.F.,.F.) B_SPLINE_CURVE_WITH_KNOTS((3,3),(3.14159265359,
4.712388980385),.PIECEWISE_BEZIER_KNOTS.) CURVE() 
GEOMETRIC_REPRESENTATION_ITEM() RATIONAL_B_SPLINE_CURVE((1.,
0.707106781187,1.)) REPRESENTATION_ITEM('') );
#3213 = CARTESIAN_POINT('',(-4.335087719298,-4.15));
#3214 = CARTESIAN_POINT('',(-4.335087719298,-4.65));
#3215 = CARTESIAN_POINT('',(-3.835087719298,-4.65));
#3216 = ( GEOMETRIC_REPRESENTATION_CONTEXT(2) 
PARAMETRIC_REPRESENTATION_CONTEXT() REPRESENTATION_CONTEXT('2D SPACE',''
  ) );
#3217 = PCURVE('',#3218,#3225);
#3218 = ( BOUNDED_SURFACE() B_SPLINE_SURFACE(2,1,(
    (#3219,#3220)
    ,(#3221,#3222)
    ,(#3223,#3224
)),.UNSPECIFIED.,.F.,.F.,.F.) B_SPLINE_SURFACE_WITH_KNOTS((3,3),(2,2),(
    4.712388980385,6.28318530718),(-1.665334536938E-16,0.146190220008),
.PIECEWISE_BEZIER_KNOTS.) GEOMETRIC_REPRESENTATION_ITEM() 
RATIONAL_B_SPLINE_SURFACE((
    (1.,1.)
    ,(0.707106781187,0.707106781187)
,(1.,1.))) REPRESENTATION_ITEM('') SURFACE() );
#3219 = CARTESIAN_POINT('',(-1.420033587999,1.665,-1.067746268265));
#3220 = CARTESIAN_POINT('',(-1.504385964912,1.62,-1.067746268265));
#3221 = CARTESIAN_POINT('',(-1.420033587999,1.665,-1.290900804914));
#3222 = CARTESIAN_POINT('',(-1.504385964912,1.62,-1.37543857004));
#3223 = CARTESIAN_POINT('',(-1.197368421053,1.665,-1.290900804914));
#3224 = CARTESIAN_POINT('',(-1.197368421053,1.62,-1.37543857004));
#3225 = DEFINITIONAL_REPRESENTATION('',(#3226),#3230);
#3226 = B_SPLINE_CURVE_WITH_KNOTS('',2,(#3227,#3228,#3229),
  .UNSPECIFIED.,.F.,.F.,(3,3),(3.14159265359,4.712388980385),
  .PIECEWISE_BEZIER_KNOTS.);
#3227 = CARTESIAN_POINT('',(6.28318530718,0.146190220008));
#3228 = CARTESIAN_POINT('',(5.497787143782,0.146190220008));
#3229 = CARTESIAN_POINT('',(4.712388980385,0.146190220008));
#3230 = ( GEOMETRIC_REPRESENTATION_CONTEXT(2) 
PARAMETRIC_REPRESENTATION_CONTEXT() REPRESENTATION_CONTEXT('2D SPACE',''
  ) );
#3231 = ORIENTED_EDGE('',*,*,#3232,.F.);
#3232 = EDGE_CURVE('',#3233,#3203,#3235,.T.);
#3233 = VERTEX_POINT('',#3234);
#3234 = CARTESIAN_POINT('',(1.197368421053,1.62,-1.37543857004));
#3235 = SURFACE_CURVE('',#3236,(#3239,#3245),.PCURVE_S1.);
#3236 = B_SPLINE_CURVE_WITH_KNOTS('',1,(#3237,#3238),.UNSPECIFIED.,.F.,
  .F.,(2,2),(0.,3.9),.PIECEWISE_BEZIER_KNOTS.);
#3237 = CARTESIAN_POINT('',(1.197368421053,1.62,-1.37543857004));
#3238 = CARTESIAN_POINT('',(-1.197368421053,1.62,-1.37543857004));
#3239 = PCURVE('',#2947,#3240);
#3240 = DEFINITIONAL_REPRESENTATION('',(#3241),#3244);
#3241 = B_SPLINE_CURVE_WITH_KNOTS('',1,(#3242,#3243),.UNSPECIFIED.,.F.,
  .F.,(2,2),(0.,3.9),.PIECEWISE_BEZIER_KNOTS.);
#3242 = CARTESIAN_POINT('',(-4.335087719298,-0.25));
#3243 = CARTESIAN_POINT('',(-4.335087719298,-4.15));
#3244 = ( GEOMETRIC_REPRESENTATION_CONTEXT(2) 
PARAMETRIC_REPRESENTATION_CONTEXT() REPRESENTATION_CONTEXT('2D SPACE',''
  ) );
#3245 = PCURVE('',#3246,#3251);
#3246 = B_SPLINE_SURFACE_WITH_KNOTS('',1,1,(
    (#3247,#3248)
    ,(#3249,#3250
    )),.UNSPECIFIED.,.F.,.F.,.F.,(2,2),(2,2),(0.25,4.15),(0.,
    0.146190220008),.PIECEWISE_BEZIER_KNOTS.);
#3247 = CARTESIAN_POINT('',(1.197368421053,1.665,-1.290900804914));
#3248 = CARTESIAN_POINT('',(1.197368421053,1.62,-1.37543857004));
#3249 = CARTESIAN_POINT('',(-1.197368421053,1.665,-1.290900804914));
#3250 = CARTESIAN_POINT('',(-1.197368421053,1.62,-1.37543857004));
#3251 = DEFINITIONAL_REPRESENTATION('',(#3252),#3255);
#3252 = B_SPLINE_CURVE_WITH_KNOTS('',1,(#3253,#3254),.UNSPECIFIED.,.F.,
  .F.,(2,2),(0.,3.9),.PIECEWISE_BEZIER_KNOTS.);
#3253 = CARTESIAN_POINT('',(0.25,0.146190220008));
#3254 = CARTESIAN_POINT('',(4.15,0.146190220008));
#3255 = ( GEOMETRIC_REPRESENTATION_CONTEXT(2) 
PARAMETRIC_REPRESENTATION_CONTEXT() REPRESENTATION_CONTEXT('2D SPACE',''
  ) );
#3256 = ORIENTED_EDGE('',*,*,#3257,.F.);
#3257 = EDGE_CURVE('',#3258,#3233,#3260,.T.);
#3258 = VERTEX_POINT('',#3259);
#3259 = CARTESIAN_POINT('',(1.504385964912,1.62,-1.067746268265));
#3260 = SURFACE_CURVE('',#3261,(#3265,#3272),.PCURVE_S1.);
#3261 = ( BOUNDED_CURVE() B_SPLINE_CURVE(2,(#3262,#3263,#3264),
.UNSPECIFIED.,.F.,.F.) B_SPLINE_CURVE_WITH_KNOTS((3,3),(1.570796326795,
3.14159265359),.PIECEWISE_BEZIER_KNOTS.) CURVE() 
GEOMETRIC_REPRESENTATION_ITEM() RATIONAL_B_SPLINE_CURVE((1.,
0.707106781187,1.)) REPRESENTATION_ITEM('') );
#3262 = CARTESIAN_POINT('',(1.504385964912,1.62,-1.067746268265));
#3263 = CARTESIAN_POINT('',(1.504385964912,1.62,-1.37543857004));
#3264 = CARTESIAN_POINT('',(1.197368421053,1.62,-1.37543857004));
#3265 = PCURVE('',#2947,#3266);
#3266 = DEFINITIONAL_REPRESENTATION('',(#3267),#3271);
#3267 = ( BOUNDED_CURVE() B_SPLINE_CURVE(2,(#3268,#3269,#3270),
.UNSPECIFIED.,.F.,.F.) B_SPLINE_CURVE_WITH_KNOTS((3,3),(1.570796326795,
3.14159265359),.PIECEWISE_BEZIER_KNOTS.) CURVE() 
GEOMETRIC_REPRESENTATION_ITEM() RATIONAL_B_SPLINE_CURVE((1.,
0.707106781187,1.)) REPRESENTATION_ITEM('') );
#3268 = CARTESIAN_POINT('',(-3.835087719298,0.25));
#3269 = CARTESIAN_POINT('',(-4.335087719298,0.25));
#3270 = CARTESIAN_POINT('',(-4.335087719298,-0.25));
#3271 = ( GEOMETRIC_REPRESENTATION_CONTEXT(2) 
PARAMETRIC_REPRESENTATION_CONTEXT() REPRESENTATION_CONTEXT('2D SPACE',''
  ) );
#3272 = PCURVE('',#3273,#3280);
#3273 = ( BOUNDED_SURFACE() B_SPLINE_SURFACE(2,1,(
    (#3274,#3275)
    ,(#3276,#3277)
    ,(#3278,#3279
)),.UNSPECIFIED.,.F.,.F.,.F.) B_SPLINE_SURFACE_WITH_KNOTS((3,3),(2,2),(
    0.,1.570796326795),(-1.5649025755E-16,0.146190220008),
.PIECEWISE_BEZIER_KNOTS.) GEOMETRIC_REPRESENTATION_ITEM() 
RATIONAL_B_SPLINE_SURFACE((
    (1.,1.)
    ,(0.707106781187,0.707106781187)
,(1.,1.))) REPRESENTATION_ITEM('') SURFACE() );
#3274 = CARTESIAN_POINT('',(1.197368421053,1.665,-1.290900804914));
#3275 = CARTESIAN_POINT('',(1.197368421053,1.62,-1.37543857004));
#3276 = CARTESIAN_POINT('',(1.420033587999,1.665,-1.290900804914));
#3277 = CARTESIAN_POINT('',(1.504385964912,1.62,-1.37543857004));
#3278 = CARTESIAN_POINT('',(1.420033587999,1.665,-1.067746268265));
#3279 = CARTESIAN_POINT('',(1.504385964912,1.62,-1.067746268265));
#3280 = DEFINITIONAL_REPRESENTATION('',(#3281),#3285);
#3281 = B_SPLINE_CURVE_WITH_KNOTS('',2,(#3282,#3283,#3284),
  .UNSPECIFIED.,.F.,.F.,(3,3),(1.570796326795,3.14159265359),
  .PIECEWISE_BEZIER_KNOTS.);
#3282 = CARTESIAN_POINT('',(1.570796326795,0.146190220008));
#3283 = CARTESIAN_POINT('',(0.785398163397,0.146190220008));
#3284 = CARTESIAN_POINT('',(4.932590933658E-16,0.146190220008));
#3285 = ( GEOMETRIC_REPRESENTATION_CONTEXT(2) 
PARAMETRIC_REPRESENTATION_CONTEXT() REPRESENTATION_CONTEXT('2D SPACE',''
  ) );
#3286 = ORIENTED_EDGE('',*,*,#3287,.F.);
#3287 = EDGE_CURVE('',#3288,#3258,#3290,.T.);
#3288 = VERTEX_POINT('',#3289);
#3289 = CARTESIAN_POINT('',(1.504385964912,1.62,1.067746268265));
#3290 = SURFACE_CURVE('',#3291,(#3294,#3300),.PCURVE_S1.);
#3291 = B_SPLINE_CURVE_WITH_KNOTS('',1,(#3292,#3293),.UNSPECIFIED.,.F.,
  .F.,(2,2),(0.,3.470175438596),.PIECEWISE_BEZIER_KNOTS.);
#3292 = CARTESIAN_POINT('',(1.504385964912,1.62,1.067746268265));
#3293 = CARTESIAN_POINT('',(1.504385964912,1.62,-1.067746268265));
#3294 = PCURVE('',#2947,#3295);
#3295 = DEFINITIONAL_REPRESENTATION('',(#3296),#3299);
#3296 = B_SPLINE_CURVE_WITH_KNOTS('',1,(#3297,#3298),.UNSPECIFIED.,.F.,
  .F.,(2,2),(0.,3.470175438596),.PIECEWISE_BEZIER_KNOTS.);
#3297 = CARTESIAN_POINT('',(-0.364912280702,0.25));
#3298 = CARTESIAN_POINT('',(-3.835087719298,0.25));
#3299 = ( GEOMETRIC_REPRESENTATION_CONTEXT(2) 
PARAMETRIC_REPRESENTATION_CONTEXT() REPRESENTATION_CONTEXT('2D SPACE',''
  ) );
#3300 = PCURVE('',#3301,#3306);
#3301 = B_SPLINE_SURFACE_WITH_KNOTS('',1,1,(
    (#3302,#3303)
    ,(#3304,#3305
    )),.UNSPECIFIED.,.F.,.F.,.F.,(2,2),(2,2),(0.364912280702,
    3.835087719298),(0.,0.146190220008),.PIECEWISE_BEZIER_KNOTS.);
#3302 = CARTESIAN_POINT('',(1.420033587999,1.665,1.067746268265));
#3303 = CARTESIAN_POINT('',(1.504385964912,1.62,1.067746268265));
#3304 = CARTESIAN_POINT('',(1.420033587999,1.665,-1.067746268265));
#3305 = CARTESIAN_POINT('',(1.504385964912,1.62,-1.067746268265));
#3306 = DEFINITIONAL_REPRESENTATION('',(#3307),#3310);
#3307 = B_SPLINE_CURVE_WITH_KNOTS('',1,(#3308,#3309),.UNSPECIFIED.,.F.,
  .F.,(2,2),(0.,3.470175438596),.PIECEWISE_BEZIER_KNOTS.);
#3308 = CARTESIAN_POINT('',(0.364912280702,0.146190220008));
#3309 = CARTESIAN_POINT('',(3.835087719298,0.146190220008));
#3310 = ( GEOMETRIC_REPRESENTATION_CONTEXT(2) 
PARAMETRIC_REPRESENTATION_CONTEXT() REPRESENTATION_CONTEXT('2D SPACE',''
  ) );
#3311 = ORIENTED_EDGE('',*,*,#3312,.F.);
#3312 = EDGE_CURVE('',#3123,#3288,#3313,.T.);
#3313 = SURFACE_CURVE('',#3314,(#3318,#3325),.PCURVE_S1.);
#3314 = ( BOUNDED_CURVE() B_SPLINE_CURVE(2,(#3315,#3316,#3317),
.UNSPECIFIED.,.F.,.F.) B_SPLINE_CURVE_WITH_KNOTS((3,3),(0.,
1.570796326795),.PIECEWISE_BEZIER_KNOTS.) CURVE() 
GEOMETRIC_REPRESENTATION_ITEM() RATIONAL_B_SPLINE_CURVE((1.,
0.707106781187,1.)) REPRESENTATION_ITEM('') );
#3315 = CARTESIAN_POINT('',(1.197368421053,1.62,1.37543857004));
#3316 = CARTESIAN_POINT('',(1.504385964912,1.62,1.37543857004));
#3317 = CARTESIAN_POINT('',(1.504385964912,1.62,1.067746268265));
#3318 = PCURVE('',#2947,#3319);
#3319 = DEFINITIONAL_REPRESENTATION('',(#3320),#3324);
#3320 = ( BOUNDED_CURVE() B_SPLINE_CURVE(2,(#3321,#3322,#3323),
.UNSPECIFIED.,.F.,.F.) B_SPLINE_CURVE_WITH_KNOTS((3,3),(0.,
1.570796326795),.PIECEWISE_BEZIER_KNOTS.) CURVE() 
GEOMETRIC_REPRESENTATION_ITEM() RATIONAL_B_SPLINE_CURVE((1.,
0.707106781187,1.)) REPRESENTATION_ITEM('') );
#3321 = CARTESIAN_POINT('',(0.135087719298,-0.25));
#3322 = CARTESIAN_POINT('',(0.135087719298,0.25));
#3323 = CARTESIAN_POINT('',(-0.364912280702,0.25));
#3324 = ( GEOMETRIC_REPRESENTATION_CONTEXT(2) 
PARAMETRIC_REPRESENTATION_CONTEXT() REPRESENTATION_CONTEXT('2D SPACE',''
  ) );
#3325 = PCURVE('',#3326,#3333);
#3326 = ( BOUNDED_SURFACE() B_SPLINE_SURFACE(2,1,(
    (#3327,#3328)
    ,(#3329,#3330)
    ,(#3331,#3332
)),.UNSPECIFIED.,.F.,.F.,.F.) B_SPLINE_SURFACE_WITH_KNOTS((3,3),(2,2),(
    1.570796326795,3.14159265359),(-1.5649025755E-16,0.146190220008),
.PIECEWISE_BEZIER_KNOTS.) GEOMETRIC_REPRESENTATION_ITEM() 
RATIONAL_B_SPLINE_SURFACE((
    (1.,1.)
    ,(0.707106781187,0.707106781187)
,(1.,1.))) REPRESENTATION_ITEM('') SURFACE() );
#3327 = CARTESIAN_POINT('',(1.420033587999,1.665,1.067746268265));
#3328 = CARTESIAN_POINT('',(1.504385964912,1.62,1.067746268265));
#3329 = CARTESIAN_POINT('',(1.420033587999,1.665,1.290900804914));
#3330 = CARTESIAN_POINT('',(1.504385964912,1.62,1.37543857004));
#3331 = CARTESIAN_POINT('',(1.197368421053,1.665,1.290900804914));
#3332 = CARTESIAN_POINT('',(1.197368421053,1.62,1.37543857004));
#3333 = DEFINITIONAL_REPRESENTATION('',(#3334),#3338);
#3334 = B_SPLINE_CURVE_WITH_KNOTS('',2,(#3335,#3336,#3337),
  .UNSPECIFIED.,.F.,.F.,(3,3),(0.,1.570796326795),
  .PIECEWISE_BEZIER_KNOTS.);
#3335 = CARTESIAN_POINT('',(3.14159265359,0.146190220008));
#3336 = CARTESIAN_POINT('',(2.356194490192,0.146190220008));
#3337 = CARTESIAN_POINT('',(1.570796326795,0.146190220008));
#3338 = ( GEOMETRIC_REPRESENTATION_CONTEXT(2) 
PARAMETRIC_REPRESENTATION_CONTEXT() REPRESENTATION_CONTEXT('2D SPACE',''
  ) );
#3339 = ADVANCED_FACE('',(#3340),#3353,.T.);
#3340 = FACE_BOUND('',#3341,.T.);
#3341 = EDGE_LOOP('',(#3342,#3369,#3392,#3412,#3435,#3455,#3478,#3498));
#3342 = ORIENTED_EDGE('',*,*,#3343,.T.);
#3343 = EDGE_CURVE('',#3344,#3346,#3348,.T.);
#3344 = VERTEX_POINT('',#3345);
#3345 = CARTESIAN_POINT('',(1.420033587999,1.665,1.067746268265));
#3346 = VERTEX_POINT('',#3347);
#3347 = CARTESIAN_POINT('',(1.420033587999,1.665,-1.067746268265));
#3348 = SURFACE_CURVE('',#3349,(#3352,#3363),.PCURVE_S1.);
#3349 = B_SPLINE_CURVE_WITH_KNOTS('',1,(#3350,#3351),.UNSPECIFIED.,.F.,
  .F.,(2,2),(0.364912280702,3.835087719298),.PIECEWISE_BEZIER_KNOTS.);
#3350 = CARTESIAN_POINT('',(1.420033587999,1.665,1.067746268265));
#3351 = CARTESIAN_POINT('',(1.420033587999,1.665,-1.067746268265));
#3352 = PCURVE('',#3353,#3358);
#3353 = B_SPLINE_SURFACE_WITH_KNOTS('',1,1,(
    (#3354,#3355)
    ,(#3356,#3357
    )),.UNSPECIFIED.,.F.,.F.,.F.,(2,2),(2,2),(-4.197713848326,
    -2.286151674486E-03),(-4.512626129027,0.112626129027),
  .PIECEWISE_BEZIER_KNOTS.);
#3354 = CARTESIAN_POINT('',(-1.420033587999,1.665,-1.290900804914));
#3355 = CARTESIAN_POINT('',(1.420033587999,1.665,-1.290900804914));
#3356 = CARTESIAN_POINT('',(-1.420033587999,1.665,1.290900804914));
#3357 = CARTESIAN_POINT('',(1.420033587999,1.665,1.290900804914));
#3358 = DEFINITIONAL_REPRESENTATION('',(#3359),#3362);
#3359 = B_SPLINE_CURVE_WITH_KNOTS('',1,(#3360,#3361),.UNSPECIFIED.,.F.,
  .F.,(2,2),(0.364912280702,3.835087719298),.PIECEWISE_BEZIER_KNOTS.);
#3360 = CARTESIAN_POINT('',(-0.364912280702,0.112626129027));
#3361 = CARTESIAN_POINT('',(-3.835087719298,0.112626129027));
#3362 = ( GEOMETRIC_REPRESENTATION_CONTEXT(2) 
PARAMETRIC_REPRESENTATION_CONTEXT() REPRESENTATION_CONTEXT('2D SPACE',''
  ) );
#3363 = PCURVE('',#3301,#3364);
#3364 = DEFINITIONAL_REPRESENTATION('',(#3365),#3368);
#3365 = B_SPLINE_CURVE_WITH_KNOTS('',1,(#3366,#3367),.UNSPECIFIED.,.F.,
  .F.,(2,2),(0.364912280702,3.835087719298),.PIECEWISE_BEZIER_KNOTS.);
#3366 = CARTESIAN_POINT('',(0.364912280702,0.));
#3367 = CARTESIAN_POINT('',(3.835087719298,0.));
#3368 = ( GEOMETRIC_REPRESENTATION_CONTEXT(2) 
PARAMETRIC_REPRESENTATION_CONTEXT() REPRESENTATION_CONTEXT('2D SPACE',''
  ) );
#3369 = ORIENTED_EDGE('',*,*,#3370,.T.);
#3370 = EDGE_CURVE('',#3346,#3371,#3373,.T.);
#3371 = VERTEX_POINT('',#3372);
#3372 = CARTESIAN_POINT('',(1.197368421053,1.665,-1.290900804914));
#3373 = SURFACE_CURVE('',#3374,(#3378,#3385),.PCURVE_S1.);
#3374 = ( BOUNDED_CURVE() B_SPLINE_CURVE(2,(#3375,#3376,#3377),
.UNSPECIFIED.,.F.,.F.) B_SPLINE_CURVE_WITH_KNOTS((3,3),(1.570796326795,
3.14159265359),.PIECEWISE_BEZIER_KNOTS.) CURVE() 
GEOMETRIC_REPRESENTATION_ITEM() RATIONAL_B_SPLINE_CURVE((1.,
0.707106781187,1.)) REPRESENTATION_ITEM('') );
#3375 = CARTESIAN_POINT('',(1.420033587999,1.665,-1.067746268265));
#3376 = CARTESIAN_POINT('',(1.420033587999,1.665,-1.290900804914));
#3377 = CARTESIAN_POINT('',(1.197368421053,1.665,-1.290900804914));
#3378 = PCURVE('',#3353,#3379);
#3379 = DEFINITIONAL_REPRESENTATION('',(#3380),#3384);
#3380 = ( BOUNDED_CURVE() B_SPLINE_CURVE(2,(#3381,#3382,#3383),
.UNSPECIFIED.,.F.,.F.) B_SPLINE_CURVE_WITH_KNOTS((3,3),(1.570796326795,
3.14159265359),.PIECEWISE_BEZIER_KNOTS.) CURVE() 
GEOMETRIC_REPRESENTATION_ITEM() RATIONAL_B_SPLINE_CURVE((1.,
0.707106781187,1.)) REPRESENTATION_ITEM('') );
#3381 = CARTESIAN_POINT('',(-3.835087719298,0.112626129027));
#3382 = CARTESIAN_POINT('',(-4.197713848326,0.112626129027));
#3383 = CARTESIAN_POINT('',(-4.197713848326,-0.25));
#3384 = ( GEOMETRIC_REPRESENTATION_CONTEXT(2) 
PARAMETRIC_REPRESENTATION_CONTEXT() REPRESENTATION_CONTEXT('2D SPACE',''
  ) );
#3385 = PCURVE('',#3273,#3386);
#3386 = DEFINITIONAL_REPRESENTATION('',(#3387),#3391);
#3387 = B_SPLINE_CURVE_WITH_KNOTS('',2,(#3388,#3389,#3390),
  .UNSPECIFIED.,.F.,.F.,(3,3),(1.570796326795,3.14159265359),
  .PIECEWISE_BEZIER_KNOTS.);
#3388 = CARTESIAN_POINT('',(1.570796326795,-1.5649025755E-16));
#3389 = CARTESIAN_POINT('',(0.785398163397,2.035471182004E-16));
#3390 = CARTESIAN_POINT('',(6.801207274954E-16,-5.737976110168E-16));
#3391 = ( GEOMETRIC_REPRESENTATION_CONTEXT(2) 
PARAMETRIC_REPRESENTATION_CONTEXT() REPRESENTATION_CONTEXT('2D SPACE',''
  ) );
#3392 = ORIENTED_EDGE('',*,*,#3393,.T.);
#3393 = EDGE_CURVE('',#3371,#3394,#3396,.T.);
#3394 = VERTEX_POINT('',#3395);
#3395 = CARTESIAN_POINT('',(-1.197368421053,1.665,-1.290900804914));
#3396 = SURFACE_CURVE('',#3397,(#3400,#3406),.PCURVE_S1.);
#3397 = B_SPLINE_CURVE_WITH_KNOTS('',1,(#3398,#3399),.UNSPECIFIED.,.F.,
  .F.,(2,2),(0.25,4.15),.PIECEWISE_BEZIER_KNOTS.);
#3398 = CARTESIAN_POINT('',(1.197368421053,1.665,-1.290900804914));
#3399 = CARTESIAN_POINT('',(-1.197368421053,1.665,-1.290900804914));
#3400 = PCURVE('',#3353,#3401);
#3401 = DEFINITIONAL_REPRESENTATION('',(#3402),#3405);
#3402 = B_SPLINE_CURVE_WITH_KNOTS('',1,(#3403,#3404),.UNSPECIFIED.,.F.,
  .F.,(2,2),(0.25,4.15),.PIECEWISE_BEZIER_KNOTS.);
#3403 = CARTESIAN_POINT('',(-4.197713848326,-0.25));
#3404 = CARTESIAN_POINT('',(-4.197713848326,-4.15));
#3405 = ( GEOMETRIC_REPRESENTATION_CONTEXT(2) 
PARAMETRIC_REPRESENTATION_CONTEXT() REPRESENTATION_CONTEXT('2D SPACE',''
  ) );
#3406 = PCURVE('',#3246,#3407);
#3407 = DEFINITIONAL_REPRESENTATION('',(#3408),#3411);
#3408 = B_SPLINE_CURVE_WITH_KNOTS('',1,(#3409,#3410),.UNSPECIFIED.,.F.,
  .F.,(2,2),(0.25,4.15),.PIECEWISE_BEZIER_KNOTS.);
#3409 = CARTESIAN_POINT('',(0.25,0.));
#3410 = CARTESIAN_POINT('',(4.15,0.));
#3411 = ( GEOMETRIC_REPRESENTATION_CONTEXT(2) 
PARAMETRIC_REPRESENTATION_CONTEXT() REPRESENTATION_CONTEXT('2D SPACE',''
  ) );
#3412 = ORIENTED_EDGE('',*,*,#3413,.T.);
#3413 = EDGE_CURVE('',#3394,#3414,#3416,.T.);
#3414 = VERTEX_POINT('',#3415);
#3415 = CARTESIAN_POINT('',(-1.420033587999,1.665,-1.067746268265));
#3416 = SURFACE_CURVE('',#3417,(#3421,#3428),.PCURVE_S1.);
#3417 = ( BOUNDED_CURVE() B_SPLINE_CURVE(2,(#3418,#3419,#3420),
.UNSPECIFIED.,.F.,.F.) B_SPLINE_CURVE_WITH_KNOTS((3,3),(3.14159265359,
4.712388980385),.PIECEWISE_BEZIER_KNOTS.) CURVE() 
GEOMETRIC_REPRESENTATION_ITEM() RATIONAL_B_SPLINE_CURVE((1.,
0.707106781187,1.)) REPRESENTATION_ITEM('') );
#3418 = CARTESIAN_POINT('',(-1.197368421053,1.665,-1.290900804914));
#3419 = CARTESIAN_POINT('',(-1.420033587999,1.665,-1.290900804914));
#3420 = CARTESIAN_POINT('',(-1.420033587999,1.665,-1.067746268265));
#3421 = PCURVE('',#3353,#3422);
#3422 = DEFINITIONAL_REPRESENTATION('',(#3423),#3427);
#3423 = ( BOUNDED_CURVE() B_SPLINE_CURVE(2,(#3424,#3425,#3426),
.UNSPECIFIED.,.F.,.F.) B_SPLINE_CURVE_WITH_KNOTS((3,3),(3.14159265359,
4.712388980385),.PIECEWISE_BEZIER_KNOTS.) CURVE() 
GEOMETRIC_REPRESENTATION_ITEM() RATIONAL_B_SPLINE_CURVE((1.,
0.707106781187,1.)) REPRESENTATION_ITEM('') );
#3424 = CARTESIAN_POINT('',(-4.197713848326,-4.15));
#3425 = CARTESIAN_POINT('',(-4.197713848326,-4.512626129027));
#3426 = CARTESIAN_POINT('',(-3.835087719298,-4.512626129027));
#3427 = ( GEOMETRIC_REPRESENTATION_CONTEXT(2) 
PARAMETRIC_REPRESENTATION_CONTEXT() REPRESENTATION_CONTEXT('2D SPACE',''
  ) );
#3428 = PCURVE('',#3218,#3429);
#3429 = DEFINITIONAL_REPRESENTATION('',(#3430),#3434);
#3430 = B_SPLINE_CURVE_WITH_KNOTS('',2,(#3431,#3432,#3433),
  .UNSPECIFIED.,.F.,.F.,(3,3),(3.14159265359,4.712388980385),
  .PIECEWISE_BEZIER_KNOTS.);
#3431 = CARTESIAN_POINT('',(6.28318530718,-5.737976110168E-16));
#3432 = CARTESIAN_POINT('',(5.497787143782,4.750109054139E-16));
#3433 = CARTESIAN_POINT('',(4.712388980385,-1.5649025755E-16));
#3434 = ( GEOMETRIC_REPRESENTATION_CONTEXT(2) 
PARAMETRIC_REPRESENTATION_CONTEXT() REPRESENTATION_CONTEXT('2D SPACE',''
  ) );
#3435 = ORIENTED_EDGE('',*,*,#3436,.T.);
#3436 = EDGE_CURVE('',#3414,#3437,#3439,.T.);
#3437 = VERTEX_POINT('',#3438);
#3438 = CARTESIAN_POINT('',(-1.420033587999,1.665,1.067746268265));
#3439 = SURFACE_CURVE('',#3440,(#3443,#3449),.PCURVE_S1.);
#3440 = B_SPLINE_CURVE_WITH_KNOTS('',1,(#3441,#3442),.UNSPECIFIED.,.F.,
  .F.,(2,2),(-3.835087719298,-0.364912280702),.PIECEWISE_BEZIER_KNOTS.);
#3441 = CARTESIAN_POINT('',(-1.420033587999,1.665,-1.067746268265));
#3442 = CARTESIAN_POINT('',(-1.420033587999,1.665,1.067746268265));
#3443 = PCURVE('',#3353,#3444);
#3444 = DEFINITIONAL_REPRESENTATION('',(#3445),#3448);
#3445 = B_SPLINE_CURVE_WITH_KNOTS('',1,(#3446,#3447),.UNSPECIFIED.,.F.,
  .F.,(2,2),(-3.835087719298,-0.364912280702),.PIECEWISE_BEZIER_KNOTS.);
#3446 = CARTESIAN_POINT('',(-3.835087719298,-4.512626129027));
#3447 = CARTESIAN_POINT('',(-0.364912280702,-4.512626129027));
#3448 = ( GEOMETRIC_REPRESENTATION_CONTEXT(2) 
PARAMETRIC_REPRESENTATION_CONTEXT() REPRESENTATION_CONTEXT('2D SPACE',''
  ) );
#3449 = PCURVE('',#3191,#3450);
#3450 = DEFINITIONAL_REPRESENTATION('',(#3451),#3454);
#3451 = B_SPLINE_CURVE_WITH_KNOTS('',1,(#3452,#3453),.UNSPECIFIED.,.F.,
  .F.,(2,2),(-3.835087719298,-0.364912280702),.PIECEWISE_BEZIER_KNOTS.);
#3452 = CARTESIAN_POINT('',(-3.835087719298,0.));
#3453 = CARTESIAN_POINT('',(-0.364912280702,0.));
#3454 = ( GEOMETRIC_REPRESENTATION_CONTEXT(2) 
PARAMETRIC_REPRESENTATION_CONTEXT() REPRESENTATION_CONTEXT('2D SPACE',''
  ) );
#3455 = ORIENTED_EDGE('',*,*,#3456,.T.);
#3456 = EDGE_CURVE('',#3437,#3457,#3459,.T.);
#3457 = VERTEX_POINT('',#3458);
#3458 = CARTESIAN_POINT('',(-1.197368421053,1.665,1.290900804914));
#3459 = SURFACE_CURVE('',#3460,(#3464,#3471),.PCURVE_S1.);
#3460 = ( BOUNDED_CURVE() B_SPLINE_CURVE(2,(#3461,#3462,#3463),
.UNSPECIFIED.,.F.,.F.) B_SPLINE_CURVE_WITH_KNOTS((3,3),(4.712388980385,
6.28318530718),.PIECEWISE_BEZIER_KNOTS.) CURVE() 
GEOMETRIC_REPRESENTATION_ITEM() RATIONAL_B_SPLINE_CURVE((1.,
0.707106781187,1.)) REPRESENTATION_ITEM('') );
#3461 = CARTESIAN_POINT('',(-1.420033587999,1.665,1.067746268265));
#3462 = CARTESIAN_POINT('',(-1.420033587999,1.665,1.290900804914));
#3463 = CARTESIAN_POINT('',(-1.197368421053,1.665,1.290900804914));
#3464 = PCURVE('',#3353,#3465);
#3465 = DEFINITIONAL_REPRESENTATION('',(#3466),#3470);
#3466 = ( BOUNDED_CURVE() B_SPLINE_CURVE(2,(#3467,#3468,#3469),
.UNSPECIFIED.,.F.,.F.) B_SPLINE_CURVE_WITH_KNOTS((3,3),(4.712388980385,
6.28318530718),.PIECEWISE_BEZIER_KNOTS.) CURVE() 
GEOMETRIC_REPRESENTATION_ITEM() RATIONAL_B_SPLINE_CURVE((1.,
0.707106781187,1.)) REPRESENTATION_ITEM('') );
#3467 = CARTESIAN_POINT('',(-0.364912280702,-4.512626129027));
#3468 = CARTESIAN_POINT('',(-2.286151674486E-03,-4.512626129027));
#3469 = CARTESIAN_POINT('',(-2.286151674486E-03,-4.15));
#3470 = ( GEOMETRIC_REPRESENTATION_CONTEXT(2) 
PARAMETRIC_REPRESENTATION_CONTEXT() REPRESENTATION_CONTEXT('2D SPACE',''
  ) );
#3471 = PCURVE('',#3163,#3472);
#3472 = DEFINITIONAL_REPRESENTATION('',(#3473),#3477);
#3473 = B_SPLINE_CURVE_WITH_KNOTS('',2,(#3474,#3475,#3476),
  .UNSPECIFIED.,.F.,.F.,(3,3),(4.712388980385,6.28318530718),
  .PIECEWISE_BEZIER_KNOTS.);
#3474 = CARTESIAN_POINT('',(4.712388980385,-1.5649025755E-16));
#3475 = CARTESIAN_POINT('',(3.926990816987,5.997641637976E-16));
#3476 = CARTESIAN_POINT('',(3.14159265359,-5.737976110168E-16));
#3477 = ( GEOMETRIC_REPRESENTATION_CONTEXT(2) 
PARAMETRIC_REPRESENTATION_CONTEXT() REPRESENTATION_CONTEXT('2D SPACE',''
  ) );
#3478 = ORIENTED_EDGE('',*,*,#3479,.T.);
#3479 = EDGE_CURVE('',#3457,#3480,#3482,.T.);
#3480 = VERTEX_POINT('',#3481);
#3481 = CARTESIAN_POINT('',(1.197368421053,1.665,1.290900804914));
#3482 = SURFACE_CURVE('',#3483,(#3486,#3492),.PCURVE_S1.);
#3483 = B_SPLINE_CURVE_WITH_KNOTS('',1,(#3484,#3485),.UNSPECIFIED.,.F.,
  .F.,(2,2),(-4.15,-0.25),.PIECEWISE_BEZIER_KNOTS.);
#3484 = CARTESIAN_POINT('',(-1.197368421053,1.665,1.290900804914));
#3485 = CARTESIAN_POINT('',(1.197368421053,1.665,1.290900804914));
#3486 = PCURVE('',#3353,#3487);
#3487 = DEFINITIONAL_REPRESENTATION('',(#3488),#3491);
#3488 = B_SPLINE_CURVE_WITH_KNOTS('',1,(#3489,#3490),.UNSPECIFIED.,.F.,
  .F.,(2,2),(-4.15,-0.25),.PIECEWISE_BEZIER_KNOTS.);
#3489 = CARTESIAN_POINT('',(-2.286151674486E-03,-4.15));
#3490 = CARTESIAN_POINT('',(-2.286151674486E-03,-0.25));
#3491 = ( GEOMETRIC_REPRESENTATION_CONTEXT(2) 
PARAMETRIC_REPRESENTATION_CONTEXT() REPRESENTATION_CONTEXT('2D SPACE',''
  ) );
#3492 = PCURVE('',#3136,#3493);
#3493 = DEFINITIONAL_REPRESENTATION('',(#3494),#3497);
#3494 = B_SPLINE_CURVE_WITH_KNOTS('',1,(#3495,#3496),.UNSPECIFIED.,.F.,
  .F.,(2,2),(-4.15,-0.25),.PIECEWISE_BEZIER_KNOTS.);
#3495 = CARTESIAN_POINT('',(-4.15,0.));
#3496 = CARTESIAN_POINT('',(-0.25,0.));
#3497 = ( GEOMETRIC_REPRESENTATION_CONTEXT(2) 
PARAMETRIC_REPRESENTATION_CONTEXT() REPRESENTATION_CONTEXT('2D SPACE',''
  ) );
#3498 = ORIENTED_EDGE('',*,*,#3499,.T.);
#3499 = EDGE_CURVE('',#3480,#3344,#3500,.T.);
#3500 = SURFACE_CURVE('',#3501,(#3505,#3512),.PCURVE_S1.);
#3501 = ( BOUNDED_CURVE() B_SPLINE_CURVE(2,(#3502,#3503,#3504),
.UNSPECIFIED.,.F.,.F.) B_SPLINE_CURVE_WITH_KNOTS((3,3),(0.,
1.570796326795),.PIECEWISE_BEZIER_KNOTS.) CURVE() 
GEOMETRIC_REPRESENTATION_ITEM() RATIONAL_B_SPLINE_CURVE((1.,
0.707106781187,1.)) REPRESENTATION_ITEM('') );
#3502 = CARTESIAN_POINT('',(1.197368421053,1.665,1.290900804914));
#3503 = CARTESIAN_POINT('',(1.420033587999,1.665,1.290900804914));
#3504 = CARTESIAN_POINT('',(1.420033587999,1.665,1.067746268265));
#3505 = PCURVE('',#3353,#3506);
#3506 = DEFINITIONAL_REPRESENTATION('',(#3507),#3511);
#3507 = ( BOUNDED_CURVE() B_SPLINE_CURVE(2,(#3508,#3509,#3510),
.UNSPECIFIED.,.F.,.F.) B_SPLINE_CURVE_WITH_KNOTS((3,3),(0.,
1.570796326795),.PIECEWISE_BEZIER_KNOTS.) CURVE() 
GEOMETRIC_REPRESENTATION_ITEM() RATIONAL_B_SPLINE_CURVE((1.,
0.707106781187,1.)) REPRESENTATION_ITEM('') );
#3508 = CARTESIAN_POINT('',(-2.286151674486E-03,-0.25));
#3509 = CARTESIAN_POINT('',(-2.286151674486E-03,0.112626129027));
#3510 = CARTESIAN_POINT('',(-0.364912280702,0.112626129027));
#3511 = ( GEOMETRIC_REPRESENTATION_CONTEXT(2) 
PARAMETRIC_REPRESENTATION_CONTEXT() REPRESENTATION_CONTEXT('2D SPACE',''
  ) );
#3512 = PCURVE('',#3326,#3513);
#3513 = DEFINITIONAL_REPRESENTATION('',(#3514),#3518);
#3514 = B_SPLINE_CURVE_WITH_KNOTS('',2,(#3515,#3516,#3517),
  .UNSPECIFIED.,.F.,.F.,(3,3),(0.,1.570796326795),
  .PIECEWISE_BEZIER_KNOTS.);
#3515 = CARTESIAN_POINT('',(3.14159265359,-5.737976110168E-16));
#3516 = CARTESIAN_POINT('',(2.356194490192,1.140883242083E-16));
#3517 = CARTESIAN_POINT('',(1.570796326795,-1.5649025755E-16));
#3518 = ( GEOMETRIC_REPRESENTATION_CONTEXT(2) 
PARAMETRIC_REPRESENTATION_CONTEXT() REPRESENTATION_CONTEXT('2D SPACE',''
  ) );
#3519 = ADVANCED_FACE('',(#3520),#3163,.T.);
#3520 = FACE_BOUND('',#3521,.T.);
#3521 = EDGE_LOOP('',(#3522,#3541,#3542,#3561));
#3522 = ORIENTED_EDGE('',*,*,#3523,.F.);
#3523 = EDGE_CURVE('',#3148,#3437,#3524,.T.);
#3524 = SURFACE_CURVE('',#3525,(#3528,#3535),.PCURVE_S1.);
#3525 = B_SPLINE_CURVE_WITH_KNOTS('',1,(#3526,#3527),.UNSPECIFIED.,.F.,
  .F.,(2,2),(0.,0.146190220008),.PIECEWISE_BEZIER_KNOTS.);
#3526 = CARTESIAN_POINT('',(-1.504385964912,1.62,1.067746268265));
#3527 = CARTESIAN_POINT('',(-1.420033587999,1.665,1.067746268265));
#3528 = PCURVE('',#3163,#3529);
#3529 = DEFINITIONAL_REPRESENTATION('',(#3530),#3534);
#3530 = B_SPLINE_CURVE_WITH_KNOTS('',2,(#3531,#3532,#3533),
  .UNSPECIFIED.,.F.,.F.,(3,3),(0.,0.146190220008),
  .PIECEWISE_BEZIER_KNOTS.);
#3531 = CARTESIAN_POINT('',(4.712388980385,0.146190220008));
#3532 = CARTESIAN_POINT('',(4.712388980385,7.309511000408E-02));
#3533 = CARTESIAN_POINT('',(4.712388980385,-1.665334536938E-16));
#3534 = ( GEOMETRIC_REPRESENTATION_CONTEXT(2) 
PARAMETRIC_REPRESENTATION_CONTEXT() REPRESENTATION_CONTEXT('2D SPACE',''
  ) );
#3535 = PCURVE('',#3191,#3536);
#3536 = DEFINITIONAL_REPRESENTATION('',(#3537),#3540);
#3537 = B_SPLINE_CURVE_WITH_KNOTS('',1,(#3538,#3539),.UNSPECIFIED.,.F.,
  .F.,(2,2),(0.,0.146190220008),.PIECEWISE_BEZIER_KNOTS.);
#3538 = CARTESIAN_POINT('',(-0.364912280702,0.146190220008));
#3539 = CARTESIAN_POINT('',(-0.364912280702,0.));
#3540 = ( GEOMETRIC_REPRESENTATION_CONTEXT(2) 
PARAMETRIC_REPRESENTATION_CONTEXT() REPRESENTATION_CONTEXT('2D SPACE',''
  ) );
#3541 = ORIENTED_EDGE('',*,*,#3147,.T.);
#3542 = ORIENTED_EDGE('',*,*,#3543,.F.);
#3543 = EDGE_CURVE('',#3457,#3121,#3544,.T.);
#3544 = SURFACE_CURVE('',#3545,(#3548,#3555),.PCURVE_S1.);
#3545 = B_SPLINE_CURVE_WITH_KNOTS('',1,(#3546,#3547),.UNSPECIFIED.,.F.,
  .F.,(2,2),(0.,0.146190220008),.PIECEWISE_BEZIER_KNOTS.);
#3546 = CARTESIAN_POINT('',(-1.197368421053,1.665,1.290900804914));
#3547 = CARTESIAN_POINT('',(-1.197368421053,1.62,1.37543857004));
#3548 = PCURVE('',#3163,#3549);
#3549 = DEFINITIONAL_REPRESENTATION('',(#3550),#3554);
#3550 = B_SPLINE_CURVE_WITH_KNOTS('',2,(#3551,#3552,#3553),
  .UNSPECIFIED.,.F.,.F.,(3,3),(0.,0.146190220008),
  .PIECEWISE_BEZIER_KNOTS.);
#3551 = CARTESIAN_POINT('',(3.14159265359,-5.737976110168E-16));
#3552 = CARTESIAN_POINT('',(3.14159265359,7.309511000408E-02));
#3553 = CARTESIAN_POINT('',(3.14159265359,0.146190220008));
#3554 = ( GEOMETRIC_REPRESENTATION_CONTEXT(2) 
PARAMETRIC_REPRESENTATION_CONTEXT() REPRESENTATION_CONTEXT('2D SPACE',''
  ) );
#3555 = PCURVE('',#3136,#3556);
#3556 = DEFINITIONAL_REPRESENTATION('',(#3557),#3560);
#3557 = B_SPLINE_CURVE_WITH_KNOTS('',1,(#3558,#3559),.UNSPECIFIED.,.F.,
  .F.,(2,2),(0.,0.146190220008),.PIECEWISE_BEZIER_KNOTS.);
#3558 = CARTESIAN_POINT('',(-4.15,0.));
#3559 = CARTESIAN_POINT('',(-4.15,0.146190220008));
#3560 = ( GEOMETRIC_REPRESENTATION_CONTEXT(2) 
PARAMETRIC_REPRESENTATION_CONTEXT() REPRESENTATION_CONTEXT('2D SPACE',''
  ) );
#3561 = ORIENTED_EDGE('',*,*,#3456,.F.);
#3562 = ADVANCED_FACE('',(#3563),#3136,.F.);
#3563 = FACE_BOUND('',#3564,.T.);
#3564 = EDGE_LOOP('',(#3565,#3566,#3567,#3586));
#3565 = ORIENTED_EDGE('',*,*,#3543,.T.);
#3566 = ORIENTED_EDGE('',*,*,#3120,.T.);
#3567 = ORIENTED_EDGE('',*,*,#3568,.F.);
#3568 = EDGE_CURVE('',#3480,#3123,#3569,.T.);
#3569 = SURFACE_CURVE('',#3570,(#3573,#3579),.PCURVE_S1.);
#3570 = B_SPLINE_CURVE_WITH_KNOTS('',1,(#3571,#3572),.UNSPECIFIED.,.F.,
  .F.,(2,2),(0.,0.146190220008),.PIECEWISE_BEZIER_KNOTS.);
#3571 = CARTESIAN_POINT('',(1.197368421053,1.665,1.290900804914));
#3572 = CARTESIAN_POINT('',(1.197368421053,1.62,1.37543857004));
#3573 = PCURVE('',#3136,#3574);
#3574 = DEFINITIONAL_REPRESENTATION('',(#3575),#3578);
#3575 = B_SPLINE_CURVE_WITH_KNOTS('',1,(#3576,#3577),.UNSPECIFIED.,.F.,
  .F.,(2,2),(0.,0.146190220008),.PIECEWISE_BEZIER_KNOTS.);
#3576 = CARTESIAN_POINT('',(-0.25,0.));
#3577 = CARTESIAN_POINT('',(-0.25,0.146190220008));
#3578 = ( GEOMETRIC_REPRESENTATION_CONTEXT(2) 
PARAMETRIC_REPRESENTATION_CONTEXT() REPRESENTATION_CONTEXT('2D SPACE',''
  ) );
#3579 = PCURVE('',#3326,#3580);
#3580 = DEFINITIONAL_REPRESENTATION('',(#3581),#3585);
#3581 = B_SPLINE_CURVE_WITH_KNOTS('',2,(#3582,#3583,#3584),
  .UNSPECIFIED.,.F.,.F.,(3,3),(0.,0.146190220008),
  .PIECEWISE_BEZIER_KNOTS.);
#3582 = CARTESIAN_POINT('',(3.14159265359,-5.737976110168E-16));
#3583 = CARTESIAN_POINT('',(3.14159265359,7.309511000408E-02));
#3584 = CARTESIAN_POINT('',(3.14159265359,0.146190220008));
#3585 = ( GEOMETRIC_REPRESENTATION_CONTEXT(2) 
PARAMETRIC_REPRESENTATION_CONTEXT() REPRESENTATION_CONTEXT('2D SPACE',''
  ) );
#3586 = ORIENTED_EDGE('',*,*,#3479,.F.);
#3587 = ADVANCED_FACE('',(#3588),#3191,.F.);
#3588 = FACE_BOUND('',#3589,.T.);
#3589 = EDGE_LOOP('',(#3590,#3591,#3592,#3611));
#3590 = ORIENTED_EDGE('',*,*,#3523,.T.);
#3591 = ORIENTED_EDGE('',*,*,#3436,.F.);
#3592 = ORIENTED_EDGE('',*,*,#3593,.F.);
#3593 = EDGE_CURVE('',#3178,#3414,#3594,.T.);
#3594 = SURFACE_CURVE('',#3595,(#3598,#3604),.PCURVE_S1.);
#3595 = B_SPLINE_CURVE_WITH_KNOTS('',1,(#3596,#3597),.UNSPECIFIED.,.F.,
  .F.,(2,2),(0.,0.146190220008),.PIECEWISE_BEZIER_KNOTS.);
#3596 = CARTESIAN_POINT('',(-1.504385964912,1.62,-1.067746268265));
#3597 = CARTESIAN_POINT('',(-1.420033587999,1.665,-1.067746268265));
#3598 = PCURVE('',#3191,#3599);
#3599 = DEFINITIONAL_REPRESENTATION('',(#3600),#3603);
#3600 = B_SPLINE_CURVE_WITH_KNOTS('',1,(#3601,#3602),.UNSPECIFIED.,.F.,
  .F.,(2,2),(0.,0.146190220008),.PIECEWISE_BEZIER_KNOTS.);
#3601 = CARTESIAN_POINT('',(-3.835087719298,0.146190220008));
#3602 = CARTESIAN_POINT('',(-3.835087719298,0.));
#3603 = ( GEOMETRIC_REPRESENTATION_CONTEXT(2) 
PARAMETRIC_REPRESENTATION_CONTEXT() REPRESENTATION_CONTEXT('2D SPACE',''
  ) );
#3604 = PCURVE('',#3218,#3605);
#3605 = DEFINITIONAL_REPRESENTATION('',(#3606),#3610);
#3606 = B_SPLINE_CURVE_WITH_KNOTS('',2,(#3607,#3608,#3609),
  .UNSPECIFIED.,.F.,.F.,(3,3),(0.,0.146190220008),
  .PIECEWISE_BEZIER_KNOTS.);
#3607 = CARTESIAN_POINT('',(4.712388980385,0.146190220008));
#3608 = CARTESIAN_POINT('',(4.712388980385,7.309511000408E-02));
#3609 = CARTESIAN_POINT('',(4.712388980385,-1.665334536938E-16));
#3610 = ( GEOMETRIC_REPRESENTATION_CONTEXT(2) 
PARAMETRIC_REPRESENTATION_CONTEXT() REPRESENTATION_CONTEXT('2D SPACE',''
  ) );
#3611 = ORIENTED_EDGE('',*,*,#3177,.T.);
#3612 = ADVANCED_FACE('',(#3613),#3326,.T.);
#3613 = FACE_BOUND('',#3614,.T.);
#3614 = EDGE_LOOP('',(#3615,#3616,#3617,#3636));
#3615 = ORIENTED_EDGE('',*,*,#3568,.T.);
#3616 = ORIENTED_EDGE('',*,*,#3312,.T.);
#3617 = ORIENTED_EDGE('',*,*,#3618,.F.);
#3618 = EDGE_CURVE('',#3344,#3288,#3619,.T.);
#3619 = SURFACE_CURVE('',#3620,(#3623,#3630),.PCURVE_S1.);
#3620 = B_SPLINE_CURVE_WITH_KNOTS('',1,(#3621,#3622),.UNSPECIFIED.,.F.,
  .F.,(2,2),(0.,0.146190220008),.PIECEWISE_BEZIER_KNOTS.);
#3621 = CARTESIAN_POINT('',(1.420033587999,1.665,1.067746268265));
#3622 = CARTESIAN_POINT('',(1.504385964912,1.62,1.067746268265));
#3623 = PCURVE('',#3326,#3624);
#3624 = DEFINITIONAL_REPRESENTATION('',(#3625),#3629);
#3625 = B_SPLINE_CURVE_WITH_KNOTS('',2,(#3626,#3627,#3628),
  .UNSPECIFIED.,.F.,.F.,(3,3),(0.,0.146190220008),
  .PIECEWISE_BEZIER_KNOTS.);
#3626 = CARTESIAN_POINT('',(1.570796326795,-1.5649025755E-16));
#3627 = CARTESIAN_POINT('',(1.570796326795,7.309511000408E-02));
#3628 = CARTESIAN_POINT('',(1.570796326795,0.146190220008));
#3629 = ( GEOMETRIC_REPRESENTATION_CONTEXT(2) 
PARAMETRIC_REPRESENTATION_CONTEXT() REPRESENTATION_CONTEXT('2D SPACE',''
  ) );
#3630 = PCURVE('',#3301,#3631);
#3631 = DEFINITIONAL_REPRESENTATION('',(#3632),#3635);
#3632 = B_SPLINE_CURVE_WITH_KNOTS('',1,(#3633,#3634),.UNSPECIFIED.,.F.,
  .F.,(2,2),(0.,0.146190220008),.PIECEWISE_BEZIER_KNOTS.);
#3633 = CARTESIAN_POINT('',(0.364912280702,0.));
#3634 = CARTESIAN_POINT('',(0.364912280702,0.146190220008));
#3635 = ( GEOMETRIC_REPRESENTATION_CONTEXT(2) 
PARAMETRIC_REPRESENTATION_CONTEXT() REPRESENTATION_CONTEXT('2D SPACE',''
  ) );
#3636 = ORIENTED_EDGE('',*,*,#3499,.F.);
#3637 = ADVANCED_FACE('',(#3638),#3218,.T.);
#3638 = FACE_BOUND('',#3639,.T.);
#3639 = EDGE_LOOP('',(#3640,#3641,#3642,#3661));
#3640 = ORIENTED_EDGE('',*,*,#3593,.T.);
#3641 = ORIENTED_EDGE('',*,*,#3413,.F.);
#3642 = ORIENTED_EDGE('',*,*,#3643,.F.);
#3643 = EDGE_CURVE('',#3203,#3394,#3644,.T.);
#3644 = SURFACE_CURVE('',#3645,(#3648,#3655),.PCURVE_S1.);
#3645 = B_SPLINE_CURVE_WITH_KNOTS('',1,(#3646,#3647),.UNSPECIFIED.,.F.,
  .F.,(2,2),(0.,0.146190220008),.PIECEWISE_BEZIER_KNOTS.);
#3646 = CARTESIAN_POINT('',(-1.197368421053,1.62,-1.37543857004));
#3647 = CARTESIAN_POINT('',(-1.197368421053,1.665,-1.290900804914));
#3648 = PCURVE('',#3218,#3649);
#3649 = DEFINITIONAL_REPRESENTATION('',(#3650),#3654);
#3650 = B_SPLINE_CURVE_WITH_KNOTS('',2,(#3651,#3652,#3653),
  .UNSPECIFIED.,.F.,.F.,(3,3),(0.,0.146190220008),
  .PIECEWISE_BEZIER_KNOTS.);
#3651 = CARTESIAN_POINT('',(6.28318530718,0.146190220008));
#3652 = CARTESIAN_POINT('',(6.28318530718,7.309511000408E-02));
#3653 = CARTESIAN_POINT('',(6.28318530718,-6.32028959146E-16));
#3654 = ( GEOMETRIC_REPRESENTATION_CONTEXT(2) 
PARAMETRIC_REPRESENTATION_CONTEXT() REPRESENTATION_CONTEXT('2D SPACE',''
  ) );
#3655 = PCURVE('',#3246,#3656);
#3656 = DEFINITIONAL_REPRESENTATION('',(#3657),#3660);
#3657 = B_SPLINE_CURVE_WITH_KNOTS('',1,(#3658,#3659),.UNSPECIFIED.,.F.,
  .F.,(2,2),(0.,0.146190220008),.PIECEWISE_BEZIER_KNOTS.);
#3658 = CARTESIAN_POINT('',(4.15,0.146190220008));
#3659 = CARTESIAN_POINT('',(4.15,0.));
#3660 = ( GEOMETRIC_REPRESENTATION_CONTEXT(2) 
PARAMETRIC_REPRESENTATION_CONTEXT() REPRESENTATION_CONTEXT('2D SPACE',''
  ) );
#3661 = ORIENTED_EDGE('',*,*,#3202,.T.);
#3662 = ADVANCED_FACE('',(#3663),#3301,.F.);
#3663 = FACE_BOUND('',#3664,.T.);
#3664 = EDGE_LOOP('',(#3665,#3666,#3667,#3686));
#3665 = ORIENTED_EDGE('',*,*,#3618,.T.);
#3666 = ORIENTED_EDGE('',*,*,#3287,.T.);
#3667 = ORIENTED_EDGE('',*,*,#3668,.F.);
#3668 = EDGE_CURVE('',#3346,#3258,#3669,.T.);
#3669 = SURFACE_CURVE('',#3670,(#3673,#3679),.PCURVE_S1.);
#3670 = B_SPLINE_CURVE_WITH_KNOTS('',1,(#3671,#3672),.UNSPECIFIED.,.F.,
  .F.,(2,2),(0.,0.146190220008),.PIECEWISE_BEZIER_KNOTS.);
#3671 = CARTESIAN_POINT('',(1.420033587999,1.665,-1.067746268265));
#3672 = CARTESIAN_POINT('',(1.504385964912,1.62,-1.067746268265));
#3673 = PCURVE('',#3301,#3674);
#3674 = DEFINITIONAL_REPRESENTATION('',(#3675),#3678);
#3675 = B_SPLINE_CURVE_WITH_KNOTS('',1,(#3676,#3677),.UNSPECIFIED.,.F.,
  .F.,(2,2),(0.,0.146190220008),.PIECEWISE_BEZIER_KNOTS.);
#3676 = CARTESIAN_POINT('',(3.835087719298,0.));
#3677 = CARTESIAN_POINT('',(3.835087719298,0.146190220008));
#3678 = ( GEOMETRIC_REPRESENTATION_CONTEXT(2) 
PARAMETRIC_REPRESENTATION_CONTEXT() REPRESENTATION_CONTEXT('2D SPACE',''
  ) );
#3679 = PCURVE('',#3273,#3680);
#3680 = DEFINITIONAL_REPRESENTATION('',(#3681),#3685);
#3681 = B_SPLINE_CURVE_WITH_KNOTS('',2,(#3682,#3683,#3684),
  .UNSPECIFIED.,.F.,.F.,(3,3),(0.,0.146190220008),
  .PIECEWISE_BEZIER_KNOTS.);
#3682 = CARTESIAN_POINT('',(1.570796326795,-1.5649025755E-16));
#3683 = CARTESIAN_POINT('',(1.570796326795,7.309511000408E-02));
#3684 = CARTESIAN_POINT('',(1.570796326795,0.146190220008));
#3685 = ( GEOMETRIC_REPRESENTATION_CONTEXT(2) 
PARAMETRIC_REPRESENTATION_CONTEXT() REPRESENTATION_CONTEXT('2D SPACE',''
  ) );
#3686 = ORIENTED_EDGE('',*,*,#3343,.F.);
#3687 = ADVANCED_FACE('',(#3688),#3246,.F.);
#3688 = FACE_BOUND('',#3689,.T.);
#3689 = EDGE_LOOP('',(#3690,#3691,#3692,#3711));
#3690 = ORIENTED_EDGE('',*,*,#3643,.T.);
#3691 = ORIENTED_EDGE('',*,*,#3393,.F.);
#3692 = ORIENTED_EDGE('',*,*,#3693,.F.);
#3693 = EDGE_CURVE('',#3233,#3371,#3694,.T.);
#3694 = SURFACE_CURVE('',#3695,(#3698,#3704),.PCURVE_S1.);
#3695 = B_SPLINE_CURVE_WITH_KNOTS('',1,(#3696,#3697),.UNSPECIFIED.,.F.,
  .F.,(2,2),(0.,0.146190220008),.PIECEWISE_BEZIER_KNOTS.);
#3696 = CARTESIAN_POINT('',(1.197368421053,1.62,-1.37543857004));
#3697 = CARTESIAN_POINT('',(1.197368421053,1.665,-1.290900804914));
#3698 = PCURVE('',#3246,#3699);
#3699 = DEFINITIONAL_REPRESENTATION('',(#3700),#3703);
#3700 = B_SPLINE_CURVE_WITH_KNOTS('',1,(#3701,#3702),.UNSPECIFIED.,.F.,
  .F.,(2,2),(0.,0.146190220008),.PIECEWISE_BEZIER_KNOTS.);
#3701 = CARTESIAN_POINT('',(0.25,0.146190220008));
#3702 = CARTESIAN_POINT('',(0.25,0.));
#3703 = ( GEOMETRIC_REPRESENTATION_CONTEXT(2) 
PARAMETRIC_REPRESENTATION_CONTEXT() REPRESENTATION_CONTEXT('2D SPACE',''
  ) );
#3704 = PCURVE('',#3273,#3705);
#3705 = DEFINITIONAL_REPRESENTATION('',(#3706),#3710);
#3706 = B_SPLINE_CURVE_WITH_KNOTS('',2,(#3707,#3708,#3709),
  .UNSPECIFIED.,.F.,.F.,(3,3),(0.,0.146190220008),
  .PIECEWISE_BEZIER_KNOTS.);
#3707 = CARTESIAN_POINT('',(0.,0.146190220008));
#3708 = CARTESIAN_POINT('',(-5.565776553485E-17,7.309511000408E-02));
#3709 = CARTESIAN_POINT('',(6.801207274954E-16,-6.32028959146E-16));
#3710 = ( GEOMETRIC_REPRESENTATION_CONTEXT(2) 
PARAMETRIC_REPRESENTATION_CONTEXT() REPRESENTATION_CONTEXT('2D SPACE',''
  ) );
#3711 = ORIENTED_EDGE('',*,*,#3232,.T.);
#3712 = ADVANCED_FACE('',(#3713),#3273,.T.);
#3713 = FACE_BOUND('',#3714,.T.);
#3714 = EDGE_LOOP('',(#3715,#3716,#3717,#3718));
#3715 = ORIENTED_EDGE('',*,*,#3668,.T.);
#3716 = ORIENTED_EDGE('',*,*,#3257,.T.);
#3717 = ORIENTED_EDGE('',*,*,#3693,.T.);
#3718 = ORIENTED_EDGE('',*,*,#3370,.F.);
#3719 = ADVANCED_FACE('',(#3720),#2644,.T.);
#3720 = FACE_BOUND('',#3721,.T.);
#3721 = EDGE_LOOP('',(#3722,#3743,#3744,#3765));
#3722 = ORIENTED_EDGE('',*,*,#3723,.F.);
#3723 = EDGE_CURVE('',#2522,#3033,#3724,.T.);
#3724 = SURFACE_CURVE('',#3725,(#3729,#3736),.PCURVE_S1.);
#3725 = ( BOUNDED_CURVE() B_SPLINE_CURVE(2,(#3726,#3727,#3728),
.UNSPECIFIED.,.F.,.F.) B_SPLINE_CURVE_WITH_KNOTS((3,3),(0.,
1.570796326795),.PIECEWISE_BEZIER_KNOTS.) CURVE() 
GEOMETRIC_REPRESENTATION_ITEM() RATIONAL_B_SPLINE_CURVE((1.,
0.707106781187,1.)) REPRESENTATION_ITEM('') );
#3726 = CARTESIAN_POINT('',(-1.657894736842,1.53,1.292307667456));
#3727 = CARTESIAN_POINT('',(-1.657894736842,1.62,1.292307667456));
#3728 = CARTESIAN_POINT('',(-1.59649122807,1.62,1.292307667456));
#3729 = PCURVE('',#2644,#3730);
#3730 = DEFINITIONAL_REPRESENTATION('',(#3731),#3735);
#3731 = B_SPLINE_CURVE_WITH_KNOTS('',2,(#3732,#3733,#3734),
  .UNSPECIFIED.,.F.,.F.,(3,3),(0.,1.570796326795),
  .PIECEWISE_BEZIER_KNOTS.);
#3732 = CARTESIAN_POINT('',(4.712388980385,-2.466295466829E-15));
#3733 = CARTESIAN_POINT('',(4.712388980385,0.785398163397));
#3734 = CARTESIAN_POINT('',(4.712388980385,1.570796326795));
#3735 = ( GEOMETRIC_REPRESENTATION_CONTEXT(2) 
PARAMETRIC_REPRESENTATION_CONTEXT() REPRESENTATION_CONTEXT('2D SPACE',''
  ) );
#3736 = PCURVE('',#2563,#3737);
#3737 = DEFINITIONAL_REPRESENTATION('',(#3738),#3742);
#3738 = B_SPLINE_CURVE_WITH_KNOTS('',2,(#3739,#3740,#3741),
  .UNSPECIFIED.,.F.,.F.,(3,3),(0.,1.570796326795),
  .PIECEWISE_BEZIER_KNOTS.);
#3739 = CARTESIAN_POINT('',(0.,0.));
#3740 = CARTESIAN_POINT('',(0.785398163397,0.));
#3741 = CARTESIAN_POINT('',(1.570796326795,0.));
#3742 = ( GEOMETRIC_REPRESENTATION_CONTEXT(2) 
PARAMETRIC_REPRESENTATION_CONTEXT() REPRESENTATION_CONTEXT('2D SPACE',''
  ) );
#3743 = ORIENTED_EDGE('',*,*,#2630,.F.);
#3744 = ORIENTED_EDGE('',*,*,#3745,.F.);
#3745 = EDGE_CURVE('',#3054,#2608,#3746,.T.);
#3746 = SURFACE_CURVE('',#3747,(#3751,#3758),.PCURVE_S1.);
#3747 = ( BOUNDED_CURVE() B_SPLINE_CURVE(2,(#3748,#3749,#3750),
.UNSPECIFIED.,.F.,.F.) B_SPLINE_CURVE_WITH_KNOTS((3,3),(1.570796326795,
3.14159265359),.PIECEWISE_BEZIER_KNOTS.) CURVE() 
GEOMETRIC_REPRESENTATION_ITEM() RATIONAL_B_SPLINE_CURVE((1.,
0.707106781187,1.)) REPRESENTATION_ITEM('') );
#3748 = CARTESIAN_POINT('',(-1.350877192982,1.62,1.538461508876));
#3749 = CARTESIAN_POINT('',(-1.350877192982,1.62,1.599999969231));
#3750 = CARTESIAN_POINT('',(-1.350877192982,1.53,1.599999969231));
#3751 = PCURVE('',#2644,#3752);
#3752 = DEFINITIONAL_REPRESENTATION('',(#3753),#3757);
#3753 = B_SPLINE_CURVE_WITH_KNOTS('',2,(#3754,#3755,#3756),
  .UNSPECIFIED.,.F.,.F.,(3,3),(1.570796326795,3.14159265359),
  .PIECEWISE_BEZIER_KNOTS.);
#3754 = CARTESIAN_POINT('',(6.28318530718,1.570796326795));
#3755 = CARTESIAN_POINT('',(6.28318530718,0.785398163397));
#3756 = CARTESIAN_POINT('',(6.28318530718,-3.552713678801E-15));
#3757 = ( GEOMETRIC_REPRESENTATION_CONTEXT(2) 
PARAMETRIC_REPRESENTATION_CONTEXT() REPRESENTATION_CONTEXT('2D SPACE',''
  ) );
#3758 = PCURVE('',#2709,#3759);
#3759 = DEFINITIONAL_REPRESENTATION('',(#3760),#3764);
#3760 = B_SPLINE_CURVE_WITH_KNOTS('',2,(#3761,#3762,#3763),
  .UNSPECIFIED.,.F.,.F.,(3,3),(1.570796326795,3.14159265359),
  .PIECEWISE_BEZIER_KNOTS.);
#3761 = CARTESIAN_POINT('',(1.570796326795,4.4));
#3762 = CARTESIAN_POINT('',(0.785398163397,4.4));
#3763 = CARTESIAN_POINT('',(0.,4.4));
#3764 = ( GEOMETRIC_REPRESENTATION_CONTEXT(2) 
PARAMETRIC_REPRESENTATION_CONTEXT() REPRESENTATION_CONTEXT('2D SPACE',''
  ) );
#3765 = ORIENTED_EDGE('',*,*,#3053,.F.);
#3766 = ADVANCED_FACE('',(#3767),#2709,.T.);
#3767 = FACE_BOUND('',#3768,.T.);
#3768 = EDGE_LOOP('',(#3769,#3770,#3771,#3792));
#3769 = ORIENTED_EDGE('',*,*,#3745,.T.);
#3770 = ORIENTED_EDGE('',*,*,#2697,.F.);
#3771 = ORIENTED_EDGE('',*,*,#3772,.F.);
#3772 = EDGE_CURVE('',#3077,#2069,#3773,.T.);
#3773 = SURFACE_CURVE('',#3774,(#3778,#3785),.PCURVE_S1.);
#3774 = ( BOUNDED_CURVE() B_SPLINE_CURVE(2,(#3775,#3776,#3777),
.UNSPECIFIED.,.F.,.F.) B_SPLINE_CURVE_WITH_KNOTS((3,3),(1.570796326795,
3.14159265359),.PIECEWISE_BEZIER_KNOTS.) CURVE() 
GEOMETRIC_REPRESENTATION_ITEM() RATIONAL_B_SPLINE_CURVE((1.,
0.707106781187,1.)) REPRESENTATION_ITEM('') );
#3775 = CARTESIAN_POINT('',(1.350877192982,1.62,1.538461508876));
#3776 = CARTESIAN_POINT('',(1.350877192982,1.62,1.599999969231));
#3777 = CARTESIAN_POINT('',(1.350877192982,1.53,1.599999969231));
#3778 = PCURVE('',#2709,#3779);
#3779 = DEFINITIONAL_REPRESENTATION('',(#3780),#3784);
#3780 = B_SPLINE_CURVE_WITH_KNOTS('',2,(#3781,#3782,#3783),
  .UNSPECIFIED.,.F.,.F.,(3,3),(1.570796326795,3.14159265359),
  .PIECEWISE_BEZIER_KNOTS.);
#3781 = CARTESIAN_POINT('',(1.570796326795,0.));
#3782 = CARTESIAN_POINT('',(0.785398163397,-4.302243447306E-16));
#3783 = CARTESIAN_POINT('',(0.,0.));
#3784 = ( GEOMETRIC_REPRESENTATION_CONTEXT(2) 
PARAMETRIC_REPRESENTATION_CONTEXT() REPRESENTATION_CONTEXT('2D SPACE',''
  ) );
#3785 = PCURVE('',#2084,#3786);
#3786 = DEFINITIONAL_REPRESENTATION('',(#3787),#3791);
#3787 = B_SPLINE_CURVE_WITH_KNOTS('',2,(#3788,#3789,#3790),
  .UNSPECIFIED.,.F.,.F.,(3,3),(1.570796326795,3.14159265359),
  .PIECEWISE_BEZIER_KNOTS.);
#3788 = CARTESIAN_POINT('',(0.,1.570796326795));
#3789 = CARTESIAN_POINT('',(7.832749557912E-16,0.785398163397));
#3790 = CARTESIAN_POINT('',(0.,-3.552713678801E-15));
#3791 = ( GEOMETRIC_REPRESENTATION_CONTEXT(2) 
PARAMETRIC_REPRESENTATION_CONTEXT() REPRESENTATION_CONTEXT('2D SPACE',''
  ) );
#3792 = ORIENTED_EDGE('',*,*,#3076,.F.);
#3793 = ADVANCED_FACE('',(#3794),#2563,.T.);
#3794 = FACE_BOUND('',#3795,.T.);
#3795 = EDGE_LOOP('',(#3796,#3797,#3798,#3819));
#3796 = ORIENTED_EDGE('',*,*,#3723,.T.);
#3797 = ORIENTED_EDGE('',*,*,#3032,.F.);
#3798 = ORIENTED_EDGE('',*,*,#3799,.F.);
#3799 = EDGE_CURVE('',#2428,#3010,#3800,.T.);
#3800 = SURFACE_CURVE('',#3801,(#3805,#3812),.PCURVE_S1.);
#3801 = ( BOUNDED_CURVE() B_SPLINE_CURVE(2,(#3802,#3803,#3804),
.UNSPECIFIED.,.F.,.F.) B_SPLINE_CURVE_WITH_KNOTS((3,3),(0.,
1.570796326795),.PIECEWISE_BEZIER_KNOTS.) CURVE() 
GEOMETRIC_REPRESENTATION_ITEM() RATIONAL_B_SPLINE_CURVE((1.,
0.707106781187,1.)) REPRESENTATION_ITEM('') );
#3802 = CARTESIAN_POINT('',(-1.657894736842,1.53,-1.292307667456));
#3803 = CARTESIAN_POINT('',(-1.657894736842,1.62,-1.292307667456));
#3804 = CARTESIAN_POINT('',(-1.59649122807,1.62,-1.292307667456));
#3805 = PCURVE('',#2563,#3806);
#3806 = DEFINITIONAL_REPRESENTATION('',(#3807),#3811);
#3807 = B_SPLINE_CURVE_WITH_KNOTS('',2,(#3808,#3809,#3810),
  .UNSPECIFIED.,.F.,.F.,(3,3),(0.,1.570796326795),
  .PIECEWISE_BEZIER_KNOTS.);
#3808 = CARTESIAN_POINT('',(0.,4.2));
#3809 = CARTESIAN_POINT('',(0.785398163397,4.2));
#3810 = CARTESIAN_POINT('',(1.570796326795,4.2));
#3811 = ( GEOMETRIC_REPRESENTATION_CONTEXT(2) 
PARAMETRIC_REPRESENTATION_CONTEXT() REPRESENTATION_CONTEXT('2D SPACE',''
  ) );
#3812 = PCURVE('',#2469,#3813);
#3813 = DEFINITIONAL_REPRESENTATION('',(#3814),#3818);
#3814 = B_SPLINE_CURVE_WITH_KNOTS('',2,(#3815,#3816,#3817),
  .UNSPECIFIED.,.F.,.F.,(3,3),(0.,1.570796326795),
  .PIECEWISE_BEZIER_KNOTS.);
#3815 = CARTESIAN_POINT('',(4.712388980385,-4.932590933658E-15));
#3816 = CARTESIAN_POINT('',(4.712388980385,0.785398163397));
#3817 = CARTESIAN_POINT('',(4.712388980385,1.570796326795));
#3818 = ( GEOMETRIC_REPRESENTATION_CONTEXT(2) 
PARAMETRIC_REPRESENTATION_CONTEXT() REPRESENTATION_CONTEXT('2D SPACE',''
  ) );
#3819 = ORIENTED_EDGE('',*,*,#2551,.F.);
#3820 = ADVANCED_FACE('',(#3821),#2084,.T.);
#3821 = FACE_BOUND('',#3822,.T.);
#3822 = EDGE_LOOP('',(#3823,#3824,#3825,#3846));
#3823 = ORIENTED_EDGE('',*,*,#3772,.T.);
#3824 = ORIENTED_EDGE('',*,*,#2068,.F.);
#3825 = ORIENTED_EDGE('',*,*,#3826,.F.);
#3826 = EDGE_CURVE('',#2938,#2034,#3827,.T.);
#3827 = SURFACE_CURVE('',#3828,(#3832,#3839),.PCURVE_S1.);
#3828 = ( BOUNDED_CURVE() B_SPLINE_CURVE(2,(#3829,#3830,#3831),
.UNSPECIFIED.,.F.,.F.) B_SPLINE_CURVE_WITH_KNOTS((3,3),(1.570796326795,
3.14159265359),.PIECEWISE_BEZIER_KNOTS.) CURVE() 
GEOMETRIC_REPRESENTATION_ITEM() RATIONAL_B_SPLINE_CURVE((1.,
0.707106781187,1.)) REPRESENTATION_ITEM('') );
#3829 = CARTESIAN_POINT('',(1.59649122807,1.62,1.292307667456));
#3830 = CARTESIAN_POINT('',(1.657894736842,1.62,1.292307667456));
#3831 = CARTESIAN_POINT('',(1.657894736842,1.53,1.292307667456));
#3832 = PCURVE('',#2084,#3833);
#3833 = DEFINITIONAL_REPRESENTATION('',(#3834),#3838);
#3834 = B_SPLINE_CURVE_WITH_KNOTS('',2,(#3835,#3836,#3837),
  .UNSPECIFIED.,.F.,.F.,(3,3),(1.570796326795,3.14159265359),
  .PIECEWISE_BEZIER_KNOTS.);
#3835 = CARTESIAN_POINT('',(1.570796326795,1.570796326795));
#3836 = CARTESIAN_POINT('',(1.570796326795,0.785398163397));
#3837 = CARTESIAN_POINT('',(1.570796326795,-4.044412513958E-15));
#3838 = ( GEOMETRIC_REPRESENTATION_CONTEXT(2) 
PARAMETRIC_REPRESENTATION_CONTEXT() REPRESENTATION_CONTEXT('2D SPACE',''
  ) );
#3839 = PCURVE('',#2203,#3840);
#3840 = DEFINITIONAL_REPRESENTATION('',(#3841),#3845);
#3841 = B_SPLINE_CURVE_WITH_KNOTS('',2,(#3842,#3843,#3844),
  .UNSPECIFIED.,.F.,.F.,(3,3),(1.570796326795,3.14159265359),
  .PIECEWISE_BEZIER_KNOTS.);
#3842 = CARTESIAN_POINT('',(1.570796326795,0.));
#3843 = CARTESIAN_POINT('',(0.785398163397,1.712051905347E-16));
#3844 = CARTESIAN_POINT('',(-4.440892098501E-15,0.));
#3845 = ( GEOMETRIC_REPRESENTATION_CONTEXT(2) 
PARAMETRIC_REPRESENTATION_CONTEXT() REPRESENTATION_CONTEXT('2D SPACE',''
  ) );
#3846 = ORIENTED_EDGE('',*,*,#3097,.F.);
#3847 = ADVANCED_FACE('',(#3848),#2469,.T.);
#3848 = FACE_BOUND('',#3849,.T.);
#3849 = EDGE_LOOP('',(#3850,#3851,#3852,#3873));
#3850 = ORIENTED_EDGE('',*,*,#3799,.T.);
#3851 = ORIENTED_EDGE('',*,*,#3009,.F.);
#3852 = ORIENTED_EDGE('',*,*,#3853,.F.);
#3853 = EDGE_CURVE('',#2342,#2989,#3854,.T.);
#3854 = SURFACE_CURVE('',#3855,(#3859,#3866),.PCURVE_S1.);
#3855 = ( BOUNDED_CURVE() B_SPLINE_CURVE(2,(#3856,#3857,#3858),
.UNSPECIFIED.,.F.,.F.) B_SPLINE_CURVE_WITH_KNOTS((3,3),(0.,
1.570796326795),.PIECEWISE_BEZIER_KNOTS.) CURVE() 
GEOMETRIC_REPRESENTATION_ITEM() RATIONAL_B_SPLINE_CURVE((1.,
0.707106781187,1.)) REPRESENTATION_ITEM('') );
#3856 = CARTESIAN_POINT('',(-1.350877192982,1.53,-1.599999969231));
#3857 = CARTESIAN_POINT('',(-1.350877192982,1.62,-1.599999969231));
#3858 = CARTESIAN_POINT('',(-1.350877192982,1.62,-1.538461508876));
#3859 = PCURVE('',#2469,#3860);
#3860 = DEFINITIONAL_REPRESENTATION('',(#3861),#3865);
#3861 = B_SPLINE_CURVE_WITH_KNOTS('',2,(#3862,#3863,#3864),
  .UNSPECIFIED.,.F.,.F.,(3,3),(0.,1.570796326795),
  .PIECEWISE_BEZIER_KNOTS.);
#3862 = CARTESIAN_POINT('',(3.14159265359,-4.932590933658E-15));
#3863 = CARTESIAN_POINT('',(3.14159265359,0.785398163397));
#3864 = CARTESIAN_POINT('',(3.14159265359,1.570796326795));
#3865 = ( GEOMETRIC_REPRESENTATION_CONTEXT(2) 
PARAMETRIC_REPRESENTATION_CONTEXT() REPRESENTATION_CONTEXT('2D SPACE',''
  ) );
#3866 = PCURVE('',#2383,#3867);
#3867 = DEFINITIONAL_REPRESENTATION('',(#3868),#3872);
#3868 = B_SPLINE_CURVE_WITH_KNOTS('',2,(#3869,#3870,#3871),
  .UNSPECIFIED.,.F.,.F.,(3,3),(0.,1.570796326795),
  .PIECEWISE_BEZIER_KNOTS.);
#3869 = CARTESIAN_POINT('',(0.,-4.4));
#3870 = CARTESIAN_POINT('',(0.785398163397,-4.4));
#3871 = CARTESIAN_POINT('',(1.570796326795,-4.4));
#3872 = ( GEOMETRIC_REPRESENTATION_CONTEXT(2) 
PARAMETRIC_REPRESENTATION_CONTEXT() REPRESENTATION_CONTEXT('2D SPACE',''
  ) );
#3873 = ORIENTED_EDGE('',*,*,#2455,.F.);
#3874 = ADVANCED_FACE('',(#3875),#2203,.T.);
#3875 = FACE_BOUND('',#3876,.T.);
#3876 = EDGE_LOOP('',(#3877,#3878,#3879,#3900));
#3877 = ORIENTED_EDGE('',*,*,#3826,.T.);
#3878 = ORIENTED_EDGE('',*,*,#2191,.F.);
#3879 = ORIENTED_EDGE('',*,*,#3880,.F.);
#3880 = EDGE_CURVE('',#2940,#2162,#3881,.T.);
#3881 = SURFACE_CURVE('',#3882,(#3886,#3893),.PCURVE_S1.);
#3882 = ( BOUNDED_CURVE() B_SPLINE_CURVE(2,(#3883,#3884,#3885),
.UNSPECIFIED.,.F.,.F.) B_SPLINE_CURVE_WITH_KNOTS((3,3),(1.570796326795,
3.14159265359),.PIECEWISE_BEZIER_KNOTS.) CURVE() 
GEOMETRIC_REPRESENTATION_ITEM() RATIONAL_B_SPLINE_CURVE((1.,
0.707106781187,1.)) REPRESENTATION_ITEM('') );
#3883 = CARTESIAN_POINT('',(1.59649122807,1.62,-1.292307667456));
#3884 = CARTESIAN_POINT('',(1.657894736842,1.62,-1.292307667456));
#3885 = CARTESIAN_POINT('',(1.657894736842,1.53,-1.292307667456));
#3886 = PCURVE('',#2203,#3887);
#3887 = DEFINITIONAL_REPRESENTATION('',(#3888),#3892);
#3888 = B_SPLINE_CURVE_WITH_KNOTS('',2,(#3889,#3890,#3891),
  .UNSPECIFIED.,.F.,.F.,(3,3),(1.570796326795,3.14159265359),
  .PIECEWISE_BEZIER_KNOTS.);
#3889 = CARTESIAN_POINT('',(1.570796326795,-4.2));
#3890 = CARTESIAN_POINT('',(0.785398163397,-4.2));
#3891 = CARTESIAN_POINT('',(-4.440892098501E-15,-4.2));
#3892 = ( GEOMETRIC_REPRESENTATION_CONTEXT(2) 
PARAMETRIC_REPRESENTATION_CONTEXT() REPRESENTATION_CONTEXT('2D SPACE',''
  ) );
#3893 = PCURVE('',#2289,#3894);
#3894 = DEFINITIONAL_REPRESENTATION('',(#3895),#3899);
#3895 = B_SPLINE_CURVE_WITH_KNOTS('',2,(#3896,#3897,#3898),
  .UNSPECIFIED.,.F.,.F.,(3,3),(1.570796326795,3.14159265359),
  .PIECEWISE_BEZIER_KNOTS.);
#3896 = CARTESIAN_POINT('',(1.570796326795,1.570796326795));
#3897 = CARTESIAN_POINT('',(1.570796326795,0.785398163397));
#3898 = CARTESIAN_POINT('',(1.570796326795,-8.881784197001E-16));
#3899 = ( GEOMETRIC_REPRESENTATION_CONTEXT(2) 
PARAMETRIC_REPRESENTATION_CONTEXT() REPRESENTATION_CONTEXT('2D SPACE',''
  ) );
#3900 = ORIENTED_EDGE('',*,*,#2937,.F.);
#3901 = ADVANCED_FACE('',(#3902),#2383,.T.);
#3902 = FACE_BOUND('',#3903,.T.);
#3903 = EDGE_LOOP('',(#3904,#3905,#3906,#3927));
#3904 = ORIENTED_EDGE('',*,*,#3853,.T.);
#3905 = ORIENTED_EDGE('',*,*,#2988,.F.);
#3906 = ORIENTED_EDGE('',*,*,#3907,.F.);
#3907 = EDGE_CURVE('',#2248,#2966,#3908,.T.);
#3908 = SURFACE_CURVE('',#3909,(#3913,#3920),.PCURVE_S1.);
#3909 = ( BOUNDED_CURVE() B_SPLINE_CURVE(2,(#3910,#3911,#3912),
.UNSPECIFIED.,.F.,.F.) B_SPLINE_CURVE_WITH_KNOTS((3,3),(0.,
1.570796326795),.PIECEWISE_BEZIER_KNOTS.) CURVE() 
GEOMETRIC_REPRESENTATION_ITEM() RATIONAL_B_SPLINE_CURVE((1.,
0.707106781187,1.)) REPRESENTATION_ITEM('') );
#3910 = CARTESIAN_POINT('',(1.350877192982,1.53,-1.599999969231));
#3911 = CARTESIAN_POINT('',(1.350877192982,1.62,-1.599999969231));
#3912 = CARTESIAN_POINT('',(1.350877192982,1.62,-1.538461508876));
#3913 = PCURVE('',#2383,#3914);
#3914 = DEFINITIONAL_REPRESENTATION('',(#3915),#3919);
#3915 = B_SPLINE_CURVE_WITH_KNOTS('',2,(#3916,#3917,#3918),
  .UNSPECIFIED.,.F.,.F.,(3,3),(0.,1.570796326795),
  .PIECEWISE_BEZIER_KNOTS.);
#3916 = CARTESIAN_POINT('',(0.,-1.33226762955E-15));
#3917 = CARTESIAN_POINT('',(0.785398163397,-8.74246209195E-16));
#3918 = CARTESIAN_POINT('',(1.570796326795,-1.33226762955E-15));
#3919 = ( GEOMETRIC_REPRESENTATION_CONTEXT(2) 
PARAMETRIC_REPRESENTATION_CONTEXT() REPRESENTATION_CONTEXT('2D SPACE',''
  ) );
#3920 = PCURVE('',#2289,#3921);
#3921 = DEFINITIONAL_REPRESENTATION('',(#3922),#3926);
#3922 = B_SPLINE_CURVE_WITH_KNOTS('',2,(#3923,#3924,#3925),
  .UNSPECIFIED.,.F.,.F.,(3,3),(0.,1.570796326795),
  .PIECEWISE_BEZIER_KNOTS.);
#3923 = CARTESIAN_POINT('',(3.14159265359,-4.932590933658E-15));
#3924 = CARTESIAN_POINT('',(3.14159265359,0.785398163397));
#3925 = CARTESIAN_POINT('',(3.14159265359,1.570796326795));
#3926 = ( GEOMETRIC_REPRESENTATION_CONTEXT(2) 
PARAMETRIC_REPRESENTATION_CONTEXT() REPRESENTATION_CONTEXT('2D SPACE',''
  ) );
#3927 = ORIENTED_EDGE('',*,*,#2371,.F.);
#3928 = ADVANCED_FACE('',(#3929),#2289,.T.);
#3929 = FACE_BOUND('',#3930,.T.);
#3930 = EDGE_LOOP('',(#3931,#3932,#3933,#3934));
#3931 = ORIENTED_EDGE('',*,*,#3880,.T.);
#3932 = ORIENTED_EDGE('',*,*,#2275,.F.);
#3933 = ORIENTED_EDGE('',*,*,#3907,.T.);
#3934 = ORIENTED_EDGE('',*,*,#2965,.F.);
#3935 = ADVANCED_FACE('',(#3936),#2676,.T.);
#3936 = FACE_BOUND('',#3937,.T.);
#3937 = EDGE_LOOP('',(#3938,#3959,#3960,#3981));
#3938 = ORIENTED_EDGE('',*,*,#3939,.F.);
#3939 = EDGE_CURVE('',#2870,#2524,#3940,.T.);
#3940 = SURFACE_CURVE('',#3941,(#3945,#3952),.PCURVE_S1.);
#3941 = ( BOUNDED_CURVE() B_SPLINE_CURVE(2,(#3942,#3943,#3944),
.UNSPECIFIED.,.F.,.F.) B_SPLINE_CURVE_WITH_KNOTS((3,3),(4.712388980385,
6.28318530718),.PIECEWISE_BEZIER_KNOTS.) CURVE() 
GEOMETRIC_REPRESENTATION_ITEM() RATIONAL_B_SPLINE_CURVE((1.,
0.707106781187,1.)) REPRESENTATION_ITEM('') );
#3942 = CARTESIAN_POINT('',(-1.59649122807,1.623701173514E-16,
    1.292307667456));
#3943 = CARTESIAN_POINT('',(-1.657894736842,-2.997602166488E-16,
    1.292307667456));
#3944 = CARTESIAN_POINT('',(-1.657894736842,9.E-02,1.292307667456));
#3945 = PCURVE('',#2676,#3946);
#3946 = DEFINITIONAL_REPRESENTATION('',(#3947),#3951);
#3947 = B_SPLINE_CURVE_WITH_KNOTS('',2,(#3948,#3949,#3950),
  .UNSPECIFIED.,.F.,.F.,(3,3),(4.712388980385,6.28318530718),
  .PIECEWISE_BEZIER_KNOTS.);
#3948 = CARTESIAN_POINT('',(4.712388980385,4.712388980385));
#3949 = CARTESIAN_POINT('',(4.712388980385,5.497787143782));
#3950 = CARTESIAN_POINT('',(4.712388980385,6.28318530718));
#3951 = ( GEOMETRIC_REPRESENTATION_CONTEXT(2) 
PARAMETRIC_REPRESENTATION_CONTEXT() REPRESENTATION_CONTEXT('2D SPACE',''
  ) );
#3952 = PCURVE('',#2590,#3953);
#3953 = DEFINITIONAL_REPRESENTATION('',(#3954),#3958);
#3954 = B_SPLINE_CURVE_WITH_KNOTS('',2,(#3955,#3956,#3957),
  .UNSPECIFIED.,.F.,.F.,(3,3),(4.712388980385,6.28318530718),
  .PIECEWISE_BEZIER_KNOTS.);
#3955 = CARTESIAN_POINT('',(4.712388980385,0.));
#3956 = CARTESIAN_POINT('',(3.926990816987,-8.48123314498E-16));
#3957 = CARTESIAN_POINT('',(3.14159265359,0.));
#3958 = ( GEOMETRIC_REPRESENTATION_CONTEXT(2) 
PARAMETRIC_REPRESENTATION_CONTEXT() REPRESENTATION_CONTEXT('2D SPACE',''
  ) );
#3959 = ORIENTED_EDGE('',*,*,#2869,.F.);
#3960 = ORIENTED_EDGE('',*,*,#3961,.F.);
#3961 = EDGE_CURVE('',#2610,#2849,#3962,.T.);
#3962 = SURFACE_CURVE('',#3963,(#3967,#3974),.PCURVE_S1.);
#3963 = ( BOUNDED_CURVE() B_SPLINE_CURVE(2,(#3964,#3965,#3966),
.UNSPECIFIED.,.F.,.F.) B_SPLINE_CURVE_WITH_KNOTS((3,3),(3.14159265359,
4.712388980385),.PIECEWISE_BEZIER_KNOTS.) CURVE() 
GEOMETRIC_REPRESENTATION_ITEM() RATIONAL_B_SPLINE_CURVE((1.,
0.707106781187,1.)) REPRESENTATION_ITEM('') );
#3964 = CARTESIAN_POINT('',(-1.350877192982,9.E-02,1.599999969231));
#3965 = CARTESIAN_POINT('',(-1.350877192982,2.248201624866E-16,
    1.599999969231));
#3966 = CARTESIAN_POINT('',(-1.350877192982,1.998401444325E-16,
    1.538461508876));
#3967 = PCURVE('',#2676,#3968);
#3968 = DEFINITIONAL_REPRESENTATION('',(#3969),#3973);
#3969 = B_SPLINE_CURVE_WITH_KNOTS('',2,(#3970,#3971,#3972),
  .UNSPECIFIED.,.F.,.F.,(3,3),(3.14159265359,4.712388980385),
  .PIECEWISE_BEZIER_KNOTS.);
#3970 = CARTESIAN_POINT('',(6.28318530718,6.28318530718));
#3971 = CARTESIAN_POINT('',(6.28318530718,5.497787143782));
#3972 = CARTESIAN_POINT('',(6.28318530718,4.712388980385));
#3973 = ( GEOMETRIC_REPRESENTATION_CONTEXT(2) 
PARAMETRIC_REPRESENTATION_CONTEXT() REPRESENTATION_CONTEXT('2D SPACE',''
  ) );
#3974 = PCURVE('',#2736,#3975);
#3975 = DEFINITIONAL_REPRESENTATION('',(#3976),#3980);
#3976 = B_SPLINE_CURVE_WITH_KNOTS('',2,(#3977,#3978,#3979),
  .UNSPECIFIED.,.F.,.F.,(3,3),(3.14159265359,4.712388980385),
  .PIECEWISE_BEZIER_KNOTS.);
#3977 = CARTESIAN_POINT('',(3.14159265359,-4.4));
#3978 = CARTESIAN_POINT('',(3.926990816987,-4.4));
#3979 = CARTESIAN_POINT('',(4.712388980385,-4.4));
#3980 = ( GEOMETRIC_REPRESENTATION_CONTEXT(2) 
PARAMETRIC_REPRESENTATION_CONTEXT() REPRESENTATION_CONTEXT('2D SPACE',''
  ) );
#3981 = ORIENTED_EDGE('',*,*,#2662,.F.);
#3982 = ADVANCED_FACE('',(#3983),#2736,.T.);
#3983 = FACE_BOUND('',#3984,.T.);
#3984 = EDGE_LOOP('',(#3985,#3986,#3987,#4008));
#3985 = ORIENTED_EDGE('',*,*,#3961,.T.);
#3986 = ORIENTED_EDGE('',*,*,#2848,.F.);
#3987 = ORIENTED_EDGE('',*,*,#3988,.F.);
#3988 = EDGE_CURVE('',#2102,#2826,#3989,.T.);
#3989 = SURFACE_CURVE('',#3990,(#3994,#4001),.PCURVE_S1.);
#3990 = ( BOUNDED_CURVE() B_SPLINE_CURVE(2,(#3991,#3992,#3993),
.UNSPECIFIED.,.F.,.F.) B_SPLINE_CURVE_WITH_KNOTS((3,3),(3.14159265359,
4.712388980385),.PIECEWISE_BEZIER_KNOTS.) CURVE() 
GEOMETRIC_REPRESENTATION_ITEM() RATIONAL_B_SPLINE_CURVE((1.,
0.707106781187,1.)) REPRESENTATION_ITEM('') );
#3991 = CARTESIAN_POINT('',(1.350877192982,9.E-02,1.599999969231));
#3992 = CARTESIAN_POINT('',(1.350877192982,2.248201624866E-16,
    1.599999969231));
#3993 = CARTESIAN_POINT('',(1.350877192982,1.998401444325E-16,
    1.538461508876));
#3994 = PCURVE('',#2736,#3995);
#3995 = DEFINITIONAL_REPRESENTATION('',(#3996),#4000);
#3996 = B_SPLINE_CURVE_WITH_KNOTS('',2,(#3997,#3998,#3999),
  .UNSPECIFIED.,.F.,.F.,(3,3),(3.14159265359,4.712388980385),
  .PIECEWISE_BEZIER_KNOTS.);
#3997 = CARTESIAN_POINT('',(3.14159265359,0.));
#3998 = CARTESIAN_POINT('',(3.926990816987,2.868162298204E-16));
#3999 = CARTESIAN_POINT('',(4.712388980385,0.));
#4000 = ( GEOMETRIC_REPRESENTATION_CONTEXT(2) 
PARAMETRIC_REPRESENTATION_CONTEXT() REPRESENTATION_CONTEXT('2D SPACE',''
  ) );
#4001 = PCURVE('',#2141,#4002);
#4002 = DEFINITIONAL_REPRESENTATION('',(#4003),#4007);
#4003 = B_SPLINE_CURVE_WITH_KNOTS('',2,(#4004,#4005,#4006),
  .UNSPECIFIED.,.F.,.F.,(3,3),(3.14159265359,4.712388980385),
  .PIECEWISE_BEZIER_KNOTS.);
#4004 = CARTESIAN_POINT('',(0.,6.28318530718));
#4005 = CARTESIAN_POINT('',(2.754833289465E-15,5.497787143782));
#4006 = CARTESIAN_POINT('',(0.,4.712388980385));
#4007 = ( GEOMETRIC_REPRESENTATION_CONTEXT(2) 
PARAMETRIC_REPRESENTATION_CONTEXT() REPRESENTATION_CONTEXT('2D SPACE',''
  ) );
#4008 = ORIENTED_EDGE('',*,*,#2724,.F.);
#4009 = ADVANCED_FACE('',(#4010),#2590,.T.);
#4010 = FACE_BOUND('',#4011,.T.);
#4011 = EDGE_LOOP('',(#4012,#4013,#4014,#4035));
#4012 = ORIENTED_EDGE('',*,*,#3939,.T.);
#4013 = ORIENTED_EDGE('',*,*,#2578,.F.);
#4014 = ORIENTED_EDGE('',*,*,#4015,.F.);
#4015 = EDGE_CURVE('',#2893,#2430,#4016,.T.);
#4016 = SURFACE_CURVE('',#4017,(#4021,#4028),.PCURVE_S1.);
#4017 = ( BOUNDED_CURVE() B_SPLINE_CURVE(2,(#4018,#4019,#4020),
.UNSPECIFIED.,.F.,.F.) B_SPLINE_CURVE_WITH_KNOTS((3,3),(4.712388980385,
6.28318530718),.PIECEWISE_BEZIER_KNOTS.) CURVE() 
GEOMETRIC_REPRESENTATION_ITEM() RATIONAL_B_SPLINE_CURVE((1.,
0.707106781187,1.)) REPRESENTATION_ITEM('') );
#4018 = CARTESIAN_POINT('',(-1.59649122807,1.623701173514E-16,
    -1.292307667456));
#4019 = CARTESIAN_POINT('',(-1.657894736842,1.373900992974E-16,
    -1.292307667456));
#4020 = CARTESIAN_POINT('',(-1.657894736842,9.E-02,-1.292307667456));
#4021 = PCURVE('',#2590,#4022);
#4022 = DEFINITIONAL_REPRESENTATION('',(#4023),#4027);
#4023 = B_SPLINE_CURVE_WITH_KNOTS('',2,(#4024,#4025,#4026),
  .UNSPECIFIED.,.F.,.F.,(3,3),(4.712388980385,6.28318530718),
  .PIECEWISE_BEZIER_KNOTS.);
#4024 = CARTESIAN_POINT('',(4.712388980385,-4.2));
#4025 = CARTESIAN_POINT('',(3.926990816987,-4.2));
#4026 = CARTESIAN_POINT('',(3.14159265359,-4.2));
#4027 = ( GEOMETRIC_REPRESENTATION_CONTEXT(2) 
PARAMETRIC_REPRESENTATION_CONTEXT() REPRESENTATION_CONTEXT('2D SPACE',''
  ) );
#4028 = PCURVE('',#2501,#4029);
#4029 = DEFINITIONAL_REPRESENTATION('',(#4030),#4034);
#4030 = B_SPLINE_CURVE_WITH_KNOTS('',2,(#4031,#4032,#4033),
  .UNSPECIFIED.,.F.,.F.,(3,3),(4.712388980385,6.28318530718),
  .PIECEWISE_BEZIER_KNOTS.);
#4031 = CARTESIAN_POINT('',(4.712388980385,4.712388980385));
#4032 = CARTESIAN_POINT('',(4.712388980385,5.497787143782));
#4033 = CARTESIAN_POINT('',(4.712388980385,6.28318530718));
#4034 = ( GEOMETRIC_REPRESENTATION_CONTEXT(2) 
PARAMETRIC_REPRESENTATION_CONTEXT() REPRESENTATION_CONTEXT('2D SPACE',''
  ) );
#4035 = ORIENTED_EDGE('',*,*,#2892,.F.);
#4036 = ADVANCED_FACE('',(#4037),#2141,.T.);
#4037 = FACE_BOUND('',#4038,.T.);
#4038 = EDGE_LOOP('',(#4039,#4040,#4041,#4062));
#4039 = ORIENTED_EDGE('',*,*,#3988,.T.);
#4040 = ORIENTED_EDGE('',*,*,#2825,.F.);
#4041 = ORIENTED_EDGE('',*,*,#4042,.F.);
#4042 = EDGE_CURVE('',#2036,#2805,#4043,.T.);
#4043 = SURFACE_CURVE('',#4044,(#4048,#4055),.PCURVE_S1.);
#4044 = ( BOUNDED_CURVE() B_SPLINE_CURVE(2,(#4045,#4046,#4047),
.UNSPECIFIED.,.F.,.F.) B_SPLINE_CURVE_WITH_KNOTS((3,3),(3.14159265359,
4.712388980385),.PIECEWISE_BEZIER_KNOTS.) CURVE() 
GEOMETRIC_REPRESENTATION_ITEM() RATIONAL_B_SPLINE_CURVE((1.,
0.707106781187,1.)) REPRESENTATION_ITEM('') );
#4045 = CARTESIAN_POINT('',(1.657894736842,9.E-02,1.292307667456));
#4046 = CARTESIAN_POINT('',(1.657894736842,2.248201624866E-16,
    1.292307667456));
#4047 = CARTESIAN_POINT('',(1.59649122807,1.998401444325E-16,
    1.292307667456));
#4048 = PCURVE('',#2141,#4049);
#4049 = DEFINITIONAL_REPRESENTATION('',(#4050),#4054);
#4050 = B_SPLINE_CURVE_WITH_KNOTS('',2,(#4051,#4052,#4053),
  .UNSPECIFIED.,.F.,.F.,(3,3),(3.14159265359,4.712388980385),
  .PIECEWISE_BEZIER_KNOTS.);
#4051 = CARTESIAN_POINT('',(1.570796326795,6.28318530718));
#4052 = CARTESIAN_POINT('',(1.570796326795,5.497787143782));
#4053 = CARTESIAN_POINT('',(1.570796326795,4.712388980385));
#4054 = ( GEOMETRIC_REPRESENTATION_CONTEXT(2) 
PARAMETRIC_REPRESENTATION_CONTEXT() REPRESENTATION_CONTEXT('2D SPACE',''
  ) );
#4055 = PCURVE('',#2230,#4056);
#4056 = DEFINITIONAL_REPRESENTATION('',(#4057),#4061);
#4057 = B_SPLINE_CURVE_WITH_KNOTS('',2,(#4058,#4059,#4060),
  .UNSPECIFIED.,.F.,.F.,(3,3),(3.14159265359,4.712388980385),
  .PIECEWISE_BEZIER_KNOTS.);
#4058 = CARTESIAN_POINT('',(3.14159265359,0.));
#4059 = CARTESIAN_POINT('',(3.926990816987,-3.146133054449E-16));
#4060 = CARTESIAN_POINT('',(4.712388980385,0.));
#4061 = ( GEOMETRIC_REPRESENTATION_CONTEXT(2) 
PARAMETRIC_REPRESENTATION_CONTEXT() REPRESENTATION_CONTEXT('2D SPACE',''
  ) );
#4062 = ORIENTED_EDGE('',*,*,#2127,.F.);
#4063 = ADVANCED_FACE('',(#4064),#2501,.T.);
#4064 = FACE_BOUND('',#4065,.T.);
#4065 = EDGE_LOOP('',(#4066,#4067,#4068,#4089));
#4066 = ORIENTED_EDGE('',*,*,#4015,.T.);
#4067 = ORIENTED_EDGE('',*,*,#2487,.F.);
#4068 = ORIENTED_EDGE('',*,*,#4069,.F.);
#4069 = EDGE_CURVE('',#2754,#2344,#4070,.T.);
#4070 = SURFACE_CURVE('',#4071,(#4075,#4082),.PCURVE_S1.);
#4071 = ( BOUNDED_CURVE() B_SPLINE_CURVE(2,(#4072,#4073,#4074),
.UNSPECIFIED.,.F.,.F.) B_SPLINE_CURVE_WITH_KNOTS((3,3),(4.712388980385,
6.28318530718),.PIECEWISE_BEZIER_KNOTS.) CURVE() 
GEOMETRIC_REPRESENTATION_ITEM() RATIONAL_B_SPLINE_CURVE((1.,
0.707106781187,1.)) REPRESENTATION_ITEM('') );
#4072 = CARTESIAN_POINT('',(-1.350877192982,1.623701173514E-16,
    -1.538461508876));
#4073 = CARTESIAN_POINT('',(-1.350877192982,5.870304242706E-16,
    -1.599999969231));
#4074 = CARTESIAN_POINT('',(-1.350877192982,9.E-02,-1.599999969231));
#4075 = PCURVE('',#2501,#4076);
#4076 = DEFINITIONAL_REPRESENTATION('',(#4077),#4081);
#4077 = B_SPLINE_CURVE_WITH_KNOTS('',2,(#4078,#4079,#4080),
  .UNSPECIFIED.,.F.,.F.,(3,3),(4.712388980385,6.28318530718),
  .PIECEWISE_BEZIER_KNOTS.);
#4078 = CARTESIAN_POINT('',(3.14159265359,4.712388980385));
#4079 = CARTESIAN_POINT('',(3.14159265359,5.497787143782));
#4080 = CARTESIAN_POINT('',(3.14159265359,6.28318530718));
#4081 = ( GEOMETRIC_REPRESENTATION_CONTEXT(2) 
PARAMETRIC_REPRESENTATION_CONTEXT() REPRESENTATION_CONTEXT('2D SPACE',''
  ) );
#4082 = PCURVE('',#2410,#4083);
#4083 = DEFINITIONAL_REPRESENTATION('',(#4084),#4088);
#4084 = B_SPLINE_CURVE_WITH_KNOTS('',2,(#4085,#4086,#4087),
  .UNSPECIFIED.,.F.,.F.,(3,3),(4.712388980385,6.28318530718),
  .PIECEWISE_BEZIER_KNOTS.);
#4085 = CARTESIAN_POINT('',(4.712388980385,4.4));
#4086 = CARTESIAN_POINT('',(3.926990816987,4.4));
#4087 = CARTESIAN_POINT('',(3.14159265359,4.4));
#4088 = ( GEOMETRIC_REPRESENTATION_CONTEXT(2) 
PARAMETRIC_REPRESENTATION_CONTEXT() REPRESENTATION_CONTEXT('2D SPACE',''
  ) );
#4089 = ORIENTED_EDGE('',*,*,#2913,.F.);
#4090 = ADVANCED_FACE('',(#4091),#2230,.T.);
#4091 = FACE_BOUND('',#4092,.T.);
#4092 = EDGE_LOOP('',(#4093,#4094,#4095,#4116));
#4093 = ORIENTED_EDGE('',*,*,#4042,.T.);
#4094 = ORIENTED_EDGE('',*,*,#2804,.F.);
#4095 = ORIENTED_EDGE('',*,*,#4096,.F.);
#4096 = EDGE_CURVE('',#2164,#2782,#4097,.T.);
#4097 = SURFACE_CURVE('',#4098,(#4102,#4109),.PCURVE_S1.);
#4098 = ( BOUNDED_CURVE() B_SPLINE_CURVE(2,(#4099,#4100,#4101),
.UNSPECIFIED.,.F.,.F.) B_SPLINE_CURVE_WITH_KNOTS((3,3),(3.14159265359,
4.712388980385),.PIECEWISE_BEZIER_KNOTS.) CURVE() 
GEOMETRIC_REPRESENTATION_ITEM() RATIONAL_B_SPLINE_CURVE((1.,
0.707106781187,1.)) REPRESENTATION_ITEM('') );
#4099 = CARTESIAN_POINT('',(1.657894736842,9.E-02,-1.292307667456));
#4100 = CARTESIAN_POINT('',(1.657894736842,2.248201624866E-16,
    -1.292307667456));
#4101 = CARTESIAN_POINT('',(1.59649122807,1.998401444325E-16,
    -1.292307667456));
#4102 = PCURVE('',#2230,#4103);
#4103 = DEFINITIONAL_REPRESENTATION('',(#4104),#4108);
#4104 = B_SPLINE_CURVE_WITH_KNOTS('',2,(#4105,#4106,#4107),
  .UNSPECIFIED.,.F.,.F.,(3,3),(3.14159265359,4.712388980385),
  .PIECEWISE_BEZIER_KNOTS.);
#4105 = CARTESIAN_POINT('',(3.14159265359,4.2));
#4106 = CARTESIAN_POINT('',(3.926990816987,4.2));
#4107 = CARTESIAN_POINT('',(4.712388980385,4.2));
#4108 = ( GEOMETRIC_REPRESENTATION_CONTEXT(2) 
PARAMETRIC_REPRESENTATION_CONTEXT() REPRESENTATION_CONTEXT('2D SPACE',''
  ) );
#4109 = PCURVE('',#2321,#4110);
#4110 = DEFINITIONAL_REPRESENTATION('',(#4111),#4115);
#4111 = B_SPLINE_CURVE_WITH_KNOTS('',2,(#4112,#4113,#4114),
  .UNSPECIFIED.,.F.,.F.,(3,3),(3.14159265359,4.712388980385),
  .PIECEWISE_BEZIER_KNOTS.);
#4112 = CARTESIAN_POINT('',(1.570796326795,6.28318530718));
#4113 = CARTESIAN_POINT('',(1.570796326795,5.497787143782));
#4114 = CARTESIAN_POINT('',(1.570796326795,4.712388980385));
#4115 = ( GEOMETRIC_REPRESENTATION_CONTEXT(2) 
PARAMETRIC_REPRESENTATION_CONTEXT() REPRESENTATION_CONTEXT('2D SPACE',''
  ) );
#4116 = ORIENTED_EDGE('',*,*,#2218,.F.);
#4117 = ADVANCED_FACE('',(#4118),#2410,.T.);
#4118 = FACE_BOUND('',#4119,.T.);
#4119 = EDGE_LOOP('',(#4120,#4121,#4122,#4143));
#4120 = ORIENTED_EDGE('',*,*,#4069,.T.);
#4121 = ORIENTED_EDGE('',*,*,#2398,.F.);
#4122 = ORIENTED_EDGE('',*,*,#4123,.F.);
#4123 = EDGE_CURVE('',#2756,#2250,#4124,.T.);
#4124 = SURFACE_CURVE('',#4125,(#4129,#4136),.PCURVE_S1.);
#4125 = ( BOUNDED_CURVE() B_SPLINE_CURVE(2,(#4126,#4127,#4128),
.UNSPECIFIED.,.F.,.F.) B_SPLINE_CURVE_WITH_KNOTS((3,3),(4.712388980385,
6.28318530718),.PIECEWISE_BEZIER_KNOTS.) CURVE() 
GEOMETRIC_REPRESENTATION_ITEM() RATIONAL_B_SPLINE_CURVE((1.,
0.707106781187,1.)) REPRESENTATION_ITEM('') );
#4126 = CARTESIAN_POINT('',(1.350877192982,1.623701173514E-16,
    -1.538461508876));
#4127 = CARTESIAN_POINT('',(1.350877192982,1.373900992974E-16,
    -1.599999969231));
#4128 = CARTESIAN_POINT('',(1.350877192982,9.E-02,-1.599999969231));
#4129 = PCURVE('',#2410,#4130);
#4130 = DEFINITIONAL_REPRESENTATION('',(#4131),#4135);
#4131 = B_SPLINE_CURVE_WITH_KNOTS('',2,(#4132,#4133,#4134),
  .UNSPECIFIED.,.F.,.F.,(3,3),(4.712388980385,6.28318530718),
  .PIECEWISE_BEZIER_KNOTS.);
#4132 = CARTESIAN_POINT('',(4.712388980385,0.));
#4133 = CARTESIAN_POINT('',(3.926990816987,4.580214203552E-16));
#4134 = CARTESIAN_POINT('',(3.14159265359,0.));
#4135 = ( GEOMETRIC_REPRESENTATION_CONTEXT(2) 
PARAMETRIC_REPRESENTATION_CONTEXT() REPRESENTATION_CONTEXT('2D SPACE',''
  ) );
#4136 = PCURVE('',#2321,#4137);
#4137 = DEFINITIONAL_REPRESENTATION('',(#4138),#4142);
#4138 = B_SPLINE_CURVE_WITH_KNOTS('',2,(#4139,#4140,#4141),
  .UNSPECIFIED.,.F.,.F.,(3,3),(4.712388980385,6.28318530718),
  .PIECEWISE_BEZIER_KNOTS.);
#4139 = CARTESIAN_POINT('',(3.14159265359,4.712388980385));
#4140 = CARTESIAN_POINT('',(3.14159265359,5.497787143782));
#4141 = CARTESIAN_POINT('',(3.14159265359,6.28318530718));
#4142 = ( GEOMETRIC_REPRESENTATION_CONTEXT(2) 
PARAMETRIC_REPRESENTATION_CONTEXT() REPRESENTATION_CONTEXT('2D SPACE',''
  ) );
#4143 = ORIENTED_EDGE('',*,*,#2753,.F.);
#4144 = ADVANCED_FACE('',(#4145),#2321,.T.);
#4145 = FACE_BOUND('',#4146,.T.);
#4146 = EDGE_LOOP('',(#4147,#4148,#4149,#4150));
#4147 = ORIENTED_EDGE('',*,*,#4096,.T.);
#4148 = ORIENTED_EDGE('',*,*,#2781,.F.);
#4149 = ORIENTED_EDGE('',*,*,#4123,.T.);
#4150 = ORIENTED_EDGE('',*,*,#2307,.F.);
#4151 = ( GEOMETRIC_REPRESENTATION_CONTEXT(3) 
GLOBAL_UNCERTAINTY_ASSIGNED_CONTEXT((#4155)) 
GLOBAL_UNIT_ASSIGNED_CONTEXT((#4152,#4153,#4154)) REPRESENTATION_CONTEXT
('Context #1','3D Context with UNIT and UNCERTAINTY') );
#4152 = ( LENGTH_UNIT() NAMED_UNIT(*) SI_UNIT(.MILLI.,.METRE.) );
#4153 = ( NAMED_UNIT(*) PLANE_ANGLE_UNIT() SI_UNIT($,.RADIAN.) );
#4154 = ( NAMED_UNIT(*) SI_UNIT($,.STERADIAN.) SOLID_ANGLE_UNIT() );
#4155 = UNCERTAINTY_MEASURE_WITH_UNIT(LENGTH_MEASURE(1.E-07),#4152,
  'distance_accuracy_value','confusion accuracy');
#4156 = CONTEXT_DEPENDENT_SHAPE_REPRESENTATION(#4157,#4159);
#4157 = ( REPRESENTATION_RELATIONSHIP('','',#2026,#10) 
REPRESENTATION_RELATIONSHIP_WITH_TRANSFORMATION(#4158) 
SHAPE_REPRESENTATION_RELATIONSHIP() );
#4158 = ITEM_DEFINED_TRANSFORMATION('','',#11,#23);
#4159 = PRODUCT_DEFINITION_SHAPE('Placement','Placement of an item',
  #4160);
#4160 = NEXT_ASSEMBLY_USAGE_OCCURRENCE('3','','',#5,#2021,$);
#4161 = PRODUCT_RELATED_PRODUCT_CATEGORY('part',$,(#2023));
ENDSEC;
END-ISO-10303-21;
