ISO-10303-21;
HEADER;
FILE_DESCRIPTION (( 'STEP AP214' ),
    '1' );
FILE_NAME ('TSM680P06CH X0G.STEP',
    '2022-05-06T02:35:23',
    ( '' ),
    ( '' ),
    'SwSTEP 2.0',
    'SolidWorks 2017',
    '' );
FILE_SCHEMA (( 'AUTOMOTIVE_DESIGN' ));
ENDSEC;

DATA;
#1 = DIRECTION ( 'NONE',  ( 1.000000000000000000, 0.0000000000000000000, -0.0000000000000000000 ) ) ;
#2 = FILL_AREA_STYLE ('',( #1848 ) ) ;
#3 = DIRECTION ( 'NONE',  ( -0.7071067811865483500, 0.7071067811865466800, 0.0000000000000000000 ) ) ;
#4 = DIRECTION ( 'NONE',  ( 0, 0.9961946980917455, 0.08715574274765858 ) ) ;
#5 = LINE ( 'NONE', #2347, #2296 ) ;
#6 = VERTEX_POINT ( 'NONE', #2132 ) ;
#7 = LINE ( 'NONE', #1979, #1090 ) ;
#8 = FACE_OUTER_BOUND ( 'NONE', #1139, .T. ) ;
#9 = ORIENTED_EDGE ( 'NONE', *, *, #2352, .T. ) ;
#10 = CARTESIAN_POINT ( 'NONE',  ( 1.846, 0.8849999999999999, -0.5499999999999998 ) ) ;
#11 = CARTESIAN_POINT ( 'NONE',  ( 4.962, 0.8849999999999999, -1.15 ) ) ;
#12 = CARTESIAN_POINT ( 'NONE',  ( -0.02900000000000038000, 6.469999999999999800, -0.8050000000000000500 ) ) ;
#13 = ORIENTED_EDGE ( 'NONE', *, *, #649, .T. ) ;
#14 = VECTOR ( 'NONE', #289, 1000.000000000000000 ) ;
#15 = SURFACE_SIDE_STYLE ('',( #516 ) ) ;
#16 = EDGE_LOOP ( 'NONE', ( #1655, #1347, #432, #2966, #280, #251, #1080, #2378, #2684, #847, #2760, #582, #1113, #3043 ) ) ;
#17 = DIRECTION ( 'NONE',  ( -0.7071067811865461300, -0.7071067811865490200, 0.0000000000000000000 ) ) ;
#18 = STYLED_ITEM ( 'NONE', ( #2033 ), #3131 ) ;
#19 = VECTOR ( 'NONE', #2044, 1000.000000000000000 ) ;
#20 = EDGE_CURVE ( 'NONE', #2493, #2441, #1939, .T. ) ;
#21 = ORIENTED_EDGE ( 'NONE', *, *, #695, .F. ) ;
#22 = CARTESIAN_POINT ( 'NONE',  ( 2.726, 0.8849999999999999, -0.5499999999999998 ) ) ;
#23 = FACE_OUTER_BOUND ( 'NONE', #1919, .T. ) ;
#24 = DIRECTION ( 'NONE',  ( -1, 0, 0 ) ) ;
#25 = CARTESIAN_POINT ( 'NONE',  ( -0.9458698869320545400, 1.149999999999999900, 0.2649999999999999600 ) ) ;
#26 = ORIENTED_EDGE ( 'NONE', *, *, #548, .T. ) ;
#27 = ORIENTED_EDGE ( 'NONE', *, *, #1897, .F. ) ;
#28 = CARTESIAN_POINT ( 'NONE',  ( 4.182, 1.415, -0.5499999999999999 ) ) ;
#29 = ADVANCED_FACE ( 'NONE', ( #1608 ), #1155, .F. ) ;
#30 = DIRECTION ( 'NONE',  ( 0, 0, -1 ) ) ;
#31 = ORIENTED_EDGE ( 'NONE', *, *, #868, .T. ) ;
#32 = ORIENTED_EDGE ( 'NONE', *, *, #1430, .F. ) ;
#33 = CARTESIAN_POINT ( 'NONE',  ( -0.4400000000000003, 0.8849999999999999, -0.5499999999999998 ) ) ;
#34 = EDGE_CURVE ( 'NONE', #3041, #1685, #340, .T. ) ;
#35 = DIRECTION ( 'NONE',  ( -1, 0, 0 ) ) ;
#36 = DIRECTION ( 'NONE',  ( -0.9986295347545742800, 0.0000000000000000000, 0.05233595624293724300 ) ) ;
#37 = ORIENTED_EDGE ( 'NONE', *, *, #120, .T. ) ;
#38 = AXIS2_PLACEMENT_3D ( 'NONE', #359, #1093, #2061 ) ;
#39 = DIRECTION ( 'NONE',  ( 1, 0, 0 ) ) ;
#40 = CARTESIAN_POINT ( 'NONE',  ( 5.585999999999999400, 7.370000000000000100, -0.8050000000000000500 ) ) ;
#41 = PLANE ( 'NONE',  #2975 ) ;
#42 = EDGE_CURVE ( 'NONE', #2665, #1333, #2922, .T. ) ;
#43 = LINE ( 'NONE', #1924, #2503 ) ;
#44 = EDGE_CURVE ( 'NONE', #1645, #257, #2020, .T. ) ;
#45 = LINE ( 'NONE', #1222, #1280 ) ;
#46 = CARTESIAN_POINT ( 'NONE',  ( 0.3899999999999997, 1.415, -3.6 ) ) ;
#47 = FACE_OUTER_BOUND ( 'NONE', #1757, .T. ) ;
#48 = PLANE ( 'NONE',  #846 ) ;
#49 = ORIENTED_EDGE ( 'NONE', *, *, #829, .F. ) ;
#50 = DIRECTION ( 'NONE',  ( 0.0000000000000000000, 0.0000000000000000000, -1.000000000000000000 ) ) ;
#51 = DIRECTION ( 'NONE',  ( -1.000000000000000000, 0.0000000000000000000, 0.0000000000000000000 ) ) ;
#52 = VECTOR ( 'NONE', #1866, 1000.000000000000000 ) ;
#53 = DIRECTION ( 'NONE',  ( -1, 0, 0 ) ) ;
#54 = EDGE_CURVE ( 'NONE', #1680, #335, #1793, .T. ) ;
#55 =( NAMED_UNIT ( * ) SI_UNIT ( $, .STERADIAN. ) SOLID_ANGLE_UNIT ( ) );
#56 = VECTOR ( 'NONE', #2004, 1000.000000000000000 ) ;
#57 = EDGE_LOOP ( 'NONE', ( #688, #1903, #182, #2854 ) ) ;
#58 = DIRECTION ( 'NONE',  ( 0, 1, 0 ) ) ;
#59 = DIRECTION ( 'NONE',  ( 0, 0, -1 ) ) ;
#60 = EDGE_CURVE ( 'NONE', #190, #1784, #1373, .T. ) ;
#61 = LINE ( 'NONE', #407, #169 ) ;
#62 = ADVANCED_FACE ( 'NONE', ( #723 ), #1936, .F. ) ;
#63 = LINE ( 'NONE', #1791, #1206 ) ;
#64 =( NAMED_UNIT ( * ) PLANE_ANGLE_UNIT ( ) SI_UNIT ( $, .RADIAN. ) );
#65 = CARTESIAN_POINT ( 'NONE',  ( 4.182, 1.415, -3.6 ) ) ;
#66 = EDGE_LOOP ( 'NONE', ( #2925, #2139, #1244, #2882, #1257 ) ) ;
#67 = DIRECTION ( 'NONE',  ( -1, 0, 0 ) ) ;
#68 = EDGE_CURVE ( 'NONE', #665, #2055, #211, .T. ) ;
#69 = VECTOR ( 'NONE', #1499, 1000.000000000000000 ) ;
#70 = ORIENTED_EDGE ( 'NONE', *, *, #2284, .T. ) ;
#71 = CARTESIAN_POINT ( 'NONE',  ( 0.4400000000000003, 0.8849999999999999, -1.15 ) ) ;
#72 = ORIENTED_EDGE ( 'NONE', *, *, #176, .F. ) ;
#73 = ORIENTED_EDGE ( 'NONE', *, *, #590, .T. ) ;
#74 = ORIENTED_EDGE ( 'NONE', *, *, #2176, .T. ) ;
#75 = APPLICATION_CONTEXT ( 'automotive_design' ) ;
#76 = ORIENTED_EDGE ( 'NONE', *, *, #2264, .F. ) ;
#77 = VERTEX_POINT ( 'NONE', #3105 ) ;
#78 = MECHANICAL_DESIGN_GEOMETRIC_PRESENTATION_REPRESENTATION (  '', ( #1463 ), #2046 ) ;
#79 = DIRECTION ( 'NONE',  ( 0.0000000000000000000, 0.0000000000000000000, 1.000000000000000000 ) ) ;
#80 = EDGE_LOOP ( 'NONE', ( #1863, #1215, #115, #2327, #960, #867 ) ) ;
#81 = PLANE ( 'NONE',  #1724 ) ;
#82 = VECTOR ( 'NONE', #3003, 1000.000000000000200 ) ;
#83 = EDGE_CURVE ( 'NONE', #2319, #1796, #1861, .T. ) ;
#84 = VECTOR ( 'NONE', #2531, 1000.000000000000000 ) ;
#85 = CARTESIAN_POINT ( 'NONE',  ( 4.600999999999999100, 3.350000000000001400, -0.8050000000000000500 ) ) ;
#86 = ORIENTED_EDGE ( 'NONE', *, *, #1394, .F. ) ;
#87 = LINE ( 'NONE', #1560, #2156 ) ;
#88 = LINE ( 'NONE', #2410, #597 ) ;
#89 = ADVANCED_FACE ( 'NONE', ( #2589 ), #735, .F. ) ;
#90 = VECTOR ( 'NONE', #2465, 1000.000000000000000 ) ;
#91 = VECTOR ( 'NONE', #254, 1000.000000000000000 ) ;
#92 = ORIENTED_EDGE ( 'NONE', *, *, #2903, .T. ) ;
#93 = LINE ( 'NONE', #724, #1933 ) ;
#94 = DIRECTION ( 'NONE',  ( 0.9659258262890680900, -0.2588190451025212400, -0.0000000000000000000 ) ) ;
#95 = CARTESIAN_POINT ( 'NONE',  ( 1.896, 0.8849999999999999, 0 ) ) ;
#96 = ORIENTED_EDGE ( 'NONE', *, *, #2791, .T. ) ;
#97 = AXIS2_PLACEMENT_3D ( 'NONE', #2727, #2965, #1485 ) ;
#98 = ORIENTED_EDGE ( 'NONE', *, *, #944, .F. ) ;
#99 = EDGE_LOOP ( 'NONE', ( #621, #1163, #2492, #31 ) ) ;
#100 = DIRECTION ( 'NONE',  ( -0.0000000000000000000, -1.000000000000000000, -0.0000000000000000000 ) ) ;
#101 = ORIENTED_EDGE ( 'NONE', *, *, #1332, .T. ) ;
#102 = ORIENTED_EDGE ( 'NONE', *, *, #1359, .F. ) ;
#103 = EDGE_CURVE ( 'NONE', #1742, #2186, #1644, .T. ) ;
#104 = ORIENTED_EDGE ( 'NONE', *, *, #1364, .T. ) ;
#105 = ADVANCED_FACE ( 'NONE', ( #2054 ), #266, .F. ) ;
#106 = DIRECTION ( 'NONE',  ( 0, 1, 0 ) ) ;
#107 = PLANE ( 'NONE',  #1613 ) ;
#108 = ORIENTED_EDGE ( 'NONE', *, *, #585, .F. ) ;
#109 = UNCERTAINTY_MEASURE_WITH_UNIT (LENGTH_MEASURE( 1.000000000000000100E-005 ), #523, 'distance_accuracy_value', 'NONE');
#110 = VERTEX_POINT ( 'NONE', #1946 ) ;
#111 = CARTESIAN_POINT ( 'NONE',  ( 1.896, 0.8849999999999999, -0.5499999999999999 ) ) ;
#112 = EDGE_CURVE ( 'NONE', #544, #1469, #2173, .T. ) ;
#113 = AXIS2_PLACEMENT_3D ( 'NONE', #1256, #2753, #1986 ) ;
#114 = AXIS2_PLACEMENT_3D ( 'NONE', #1987, #1998, #550 ) ;
#115 = ORIENTED_EDGE ( 'NONE', *, *, #218, .T. ) ;
#116 = CARTESIAN_POINT ( 'NONE',  ( 0.3900000000000002, 0.8849999999999999, -1.15 ) ) ;
#117 = VECTOR ( 'NONE', #934, 1000.000000000000100 ) ;
#118 = ADVANCED_FACE ( 'NONE', ( #298 ), #2426, .T. ) ;
#119 = ORIENTED_EDGE ( 'NONE', *, *, #3143, .F. ) ;
#120 = EDGE_CURVE ( 'NONE', #1524, #2493, #1717, .T. ) ;
#121 = VECTOR ( 'NONE', #1350, 1000.000000000000000 ) ;
#122 = VECTOR ( 'NONE', #1957, 1000.000000000000000 ) ;
#123 = ORIENTED_EDGE ( 'NONE', *, *, #2961, .T. ) ;
#124 = CARTESIAN_POINT ( 'NONE',  ( 1.785999999999999800, 7.370000000000001000, -0.8050000000000000500 ) ) ;
#125 = LINE ( 'NONE', #941, #2302 ) ;
#126 = LINE ( 'NONE', #2210, #1057 ) ;
#127 = DIRECTION ( 'NONE',  ( -1.390002785237827100E-016, 1.000000000000000000, -0.0000000000000000000 ) ) ;
#128 = ORIENTED_EDGE ( 'NONE', *, *, #903, .F. ) ;
#129 = EDGE_CURVE ( 'NONE', #1894, #3002, #2852, .T. ) ;
#130 = CARTESIAN_POINT ( 'NONE',  ( 2.785999999999999600, 7.370000000000001000, -0.8050000000000000500 ) ) ;
#131 = CYLINDRICAL_SURFACE ( 'NONE', #1130, 0.5000000000000004400 ) ;
#132 = PLANE ( 'NONE',  #983 ) ;
#133 = ADVANCED_FACE ( 'NONE', ( #2521 ), #2969, .T. ) ;
#134 = CARTESIAN_POINT ( 'NONE',  ( 4.182, 0.8849999999999999, -0.5499999999999999 ) ) ;
#135 = SURFACE_STYLE_FILL_AREA ( #2487 ) ;
#136 = ORIENTED_EDGE ( 'NONE', *, *, #1210, .T. ) ;
#137 = ORIENTED_EDGE ( 'NONE', *, *, #2409, .T. ) ;
#138 = CARTESIAN_POINT ( 'NONE',  ( 2.785999999999999600, 6.469999999999998900, -1.335000000000000000 ) ) ;
#139 = EDGE_CURVE ( 'NONE', #2021, #368, #63, .T. ) ;
#140 = ORIENTED_EDGE ( 'NONE', *, *, #1224, .T. ) ;
#141 = PLANE ( 'NONE',  #374 ) ;
#142 = CARTESIAN_POINT ( 'NONE',  ( -0.3790000000000000000, 8.355255888325766400, -1.335000000000000000 ) ) ;
#143 = ORIENTED_EDGE ( 'NONE', *, *, #1807, .T. ) ;
#144 = DIRECTION ( 'NONE',  ( -1, 0, 0 ) ) ;
#145 = ORIENTED_EDGE ( 'NONE', *, *, #2264, .T. ) ;
#146 = VERTEX_POINT ( 'NONE', #2498 ) ;
#147 = DIRECTION ( 'NONE',  ( 0.0000000000000000000, 0.0000000000000000000, 1.000000000000000000 ) ) ;
#148 = PLANE ( 'NONE',  #2170 ) ;
#150 = ADVANCED_FACE ( 'NONE', ( #1022 ), #1055, .F. ) ;
#149 = AXIS2_PLACEMENT_3D ( 'NONE', #252, #1963, #2694 ) ;
#151 = VECTOR ( 'NONE', #1532, 1000.000000000000000 ) ;
#152 = EDGE_CURVE ( 'NONE', #2135, #2628, #1790, .T. ) ;
#153 = LINE ( 'NONE', #1657, #2261 ) ;
#154 = CARTESIAN_POINT ( 'NONE',  ( 4.30542888649592, 0.8849999999999999, -4.3 ) ) ;
#155 = ORIENTED_EDGE ( 'NONE', *, *, #722, .T. ) ;
#156 = AXIS2_PLACEMENT_3D ( 'NONE', #1459, #232, #1949 ) ;
#157 = LINE ( 'NONE', #531, #2908 ) ;
#158 = ORIENTED_EDGE ( 'NONE', *, *, #756, .F. ) ;
#159 = CARTESIAN_POINT ( 'NONE',  ( -0.5086396700030217900, 7.215145065559113400, 0.9649999999999998600 ) ) ;
#160 = VECTOR ( 'NONE', #2561, 1000.000000000000000 ) ;
#161 = CARTESIAN_POINT ( 'NONE',  ( 4.132, 0.8849999999999999, -0.5499999999999998 ) ) ;
#162 = FACE_OUTER_BOUND ( 'NONE', #1175, .T. ) ;
#163 = PLANE ( 'NONE',  #546 ) ;
#164 = DIRECTION ( 'NONE',  ( 0, 1, 0 ) ) ;
#165 = ORIENTED_EDGE ( 'NONE', *, *, #1698, .F. ) ;
#166 = CIRCLE ( 'NONE', #1468, 0.4500000000000007300 ) ;
#167 = DIRECTION ( 'NONE',  ( 0, 1, 0 ) ) ;
#168 = DIRECTION ( 'NONE',  ( 0, 0, -1 ) ) ;
#169 = VECTOR ( 'NONE', #1901, 1000.000000000000000 ) ;
#170 = EDGE_CURVE ( 'NONE', #2493, #2995, #294, .T. ) ;
#171 = ORIENTED_EDGE ( 'NONE', *, *, #210, .T. ) ;
#172 = DIRECTION ( 'NONE',  ( 0, 0, -1 ) ) ;
#173 = DIRECTION ( 'NONE',  ( 0, 0, 1 ) ) ;
#174 = VECTOR ( 'NONE', #663, 1000.000000000000000 ) ;
#175 = ORIENTED_EDGE ( 'NONE', *, *, #255, .F. ) ;
#176 = EDGE_CURVE ( 'NONE', #2323, #1457, #2588, .T. ) ;
#177 = DIRECTION ( 'NONE',  ( 0.1736481776669236, 0, 0.9848077530122092 ) ) ;
#178 = ORIENTED_EDGE ( 'NONE', *, *, #2226, .T. ) ;
#179 = DIRECTION ( 'NONE',  ( 0, 1, 0 ) ) ;
#180 = VERTEX_POINT ( 'NONE', #2255 ) ;
#181 = PLANE ( 'NONE',  #1153 ) ;
#182 = ORIENTED_EDGE ( 'NONE', *, *, #176, .T. ) ;
#183 = EDGE_CURVE ( 'NONE', #2109, #2895, #685, .T. ) ;
#184 = CARTESIAN_POINT ( 'NONE',  ( 5.601897739737475800, 6.954102260262522400, -1.338346944956739300 ) ) ;
#185 = ADVANCED_FACE ( 'NONE', ( #23 ), #608, .F. ) ;
#186 = ORIENTED_EDGE ( 'NONE', *, *, #877, .F. ) ;
#187 = VERTEX_POINT ( 'NONE', #65 ) ;
#188 = CARTESIAN_POINT ( 'NONE',  ( 2.786000000000000500, 5.419999999999999000, 0.9649999999999988600 ) ) ;
#189 = DIRECTION ( 'NONE',  ( 0.0000000000000000000, 0.0000000000000000000, -1.000000000000000000 ) ) ;
#190 = VERTEX_POINT ( 'NONE', #1346 ) ;
#191 = CARTESIAN_POINT ( 'NONE',  ( -0.3899999999999997, 0.8849999999999999, -3.6 ) ) ;
#192 = CARTESIAN_POINT ( 'NONE',  ( -1.014000000000000200, 6.969999999999998900, -1.335000000000000000 ) ) ;
#193 = CYLINDRICAL_SURFACE ( 'NONE', #2743, 0.4500000000000007300 ) ;
#194 = CARTESIAN_POINT ( 'NONE',  ( 4.600999999999999100, 6.469999999999998900, -1.335000000000000000 ) ) ;
#195 = DIRECTION ( 'NONE',  ( 0, -0.08715574274765858, 0.9961946980917455 ) ) ;
#196 = EDGE_CURVE ( 'NONE', #1125, #1115, #2552, .T. ) ;
#197 = FACE_OUTER_BOUND ( 'NONE', #614, .T. ) ;
#198 = CARTESIAN_POINT ( 'NONE',  ( 4.182, 1.415, 0.04636899166873998 ) ) ;
#199 = LINE ( 'NONE', #2241, #2540 ) ;
#200 = LINE ( 'NONE', #130, #1922 ) ;
#201 = EDGE_CURVE ( 'NONE', #854, #2024, #417, .T. ) ;
#202 = LINE ( 'NONE', #480, #3060 ) ;
#203 = VECTOR ( 'NONE', #1151, 1000.000000000000000 ) ;
#204 = ORIENTED_EDGE ( 'NONE', *, *, #555, .T. ) ;
#205 = DIRECTION ( 'NONE',  ( 1.000000000000000000, 0.0000000000000000000, -0.0000000000000000000 ) ) ;
#206 = VECTOR ( 'NONE', #1961, 1000.000000000000000 ) ;
#207 = EDGE_CURVE ( 'NONE', #1289, #3001, #575, .T. ) ;
#208 = VECTOR ( 'NONE', #1768, 1000.000000000000000 ) ;
#209 = ORIENTED_EDGE ( 'NONE', *, *, #1520, .T. ) ;
#210 = EDGE_CURVE ( 'NONE', #2836, #335, #1937, .T. ) ;
#211 = LINE ( 'NONE', #1228, #2696 ) ;
#212 = CARTESIAN_POINT ( 'NONE',  ( -0.3790000000000000000, 8.355255888325766400, -0.8050000000000000500 ) ) ;
#213 = ADVANCED_FACE ( 'NONE', ( #1296 ), #1624, .T. ) ;
#214 = DIRECTION ( 'NONE',  ( -1, 0, 0 ) ) ;
#215 = ORIENTED_EDGE ( 'NONE', *, *, #401, .T. ) ;
#216 = EDGE_LOOP ( 'NONE', ( #3081, #998, #1100, #504 ) ) ;
#217 = EDGE_LOOP ( 'NONE', ( #444, #2996, #2447, #2660 ) ) ;
#218 = EDGE_CURVE ( 'NONE', #2142, #2439, #1255, .T. ) ;
#219 = AXIS2_PLACEMENT_3D ( 'NONE', #1738, #1760, #58 ) ;
#220 = DIRECTION ( 'NONE',  ( 0.0000000000000000000, 0.0000000000000000000, -1.000000000000000000 ) ) ;
#221 = ORIENTED_EDGE ( 'NONE', *, *, #139, .F. ) ;
#222 = CARTESIAN_POINT ( 'NONE',  ( 2.676, 0.8849999999999999, -1.15 ) ) ;
#223 = ORIENTED_EDGE ( 'NONE', *, *, #2913, .T. ) ;
#224 = EDGE_CURVE ( 'NONE', #1653, #1410, #2658, .T. ) ;
#225 = CARTESIAN_POINT ( 'NONE',  ( 4.600999999999999100, 6.469999999999998900, -1.335000000000000000 ) ) ;
#226 = CARTESIAN_POINT ( 'NONE',  ( 5.585999999999999400, 7.370000000000000100, -0.8050000000000000500 ) ) ;
#227 = SURFACE_STYLE_FILL_AREA ( #2 ) ;
#228 = ORIENTED_EDGE ( 'NONE', *, *, #1402, .F. ) ;
#229 = ADVANCED_FACE ( 'NONE', ( #2016 ), #729, .T. ) ;
#230 = DIRECTION ( 'NONE',  ( 0, 0, -1 ) ) ;
#231 = VECTOR ( 'NONE', #424, 1000.000000000000000 ) ;
#232 = DIRECTION ( 'NONE',  ( -9.366757429680386100E-017, -1.000000000000000000, 0.0000000000000000000 ) ) ;
#233 = CARTESIAN_POINT ( 'NONE',  ( 2.286000000000000000, 5.419999999999999000, 0.8649999999999987700 ) ) ;
#234 = LINE ( 'NONE', #269, #927 ) ;
#235 = ORIENTED_EDGE ( 'NONE', *, *, #1210, .F. ) ;
#236 = AXIS2_PLACEMENT_3D ( 'NONE', #2749, #1300, #580 ) ;
#237 = AXIS2_PLACEMENT_3D ( 'NONE', #402, #1621, #1815 ) ;
#238 = LINE ( 'NONE', #1212, #2464 ) ;
#239 = CARTESIAN_POINT ( 'NONE',  ( 5.585999999999999400, 1.289981861641478700, -1.335000000000000000 ) ) ;
#240 = FACE_OUTER_BOUND ( 'NONE', #2025, .T. ) ;
#241 =( NAMED_UNIT ( * ) PLANE_ANGLE_UNIT ( ) SI_UNIT ( $, .RADIAN. ) );
#242 = DIRECTION ( 'NONE',  ( -9.366757429680386100E-017, -1.000000000000000000, 0.0000000000000000000 ) ) ;
#243 = AXIS2_PLACEMENT_3D ( 'NONE', #95, #1355, #2550 ) ;
#244 = VECTOR ( 'NONE', #2281, 1000.000000000000000 ) ;
#245 = ORIENTED_EDGE ( 'NONE', *, *, #2672, .T. ) ;
#246 = EDGE_CURVE ( 'NONE', #2723, #2967, #1533, .T. ) ;
#247 = CARTESIAN_POINT ( 'NONE',  ( 0.3900000000000002, 0.8849999999999999, 0 ) ) ;
#248 = LINE ( 'NONE', #1276, #1637 ) ;
#249 = CARTESIAN_POINT ( 'NONE',  ( 4.600999999999999100, 3.350000000000001400, -0.8050000000000000500 ) ) ;
#250 = VECTOR ( 'NONE', #598, 1000.000000000000000 ) ;
#251 = ORIENTED_EDGE ( 'NONE', *, *, #940, .T. ) ;
#252 = CARTESIAN_POINT ( 'NONE',  ( 4.600999999999999100, 6.469999999999998900, -0.8050000000000000500 ) ) ;
#253 = ORIENTED_EDGE ( 'NONE', *, *, #2320, .T. ) ;
#254 = DIRECTION ( 'NONE',  ( -1, 0, 0 ) ) ;
#255 = EDGE_CURVE ( 'NONE', #2206, #2401, #1450, .T. ) ;
#256 = DIRECTION ( 'NONE',  ( -0.0000000000000000000, -0.0000000000000000000, -1.000000000000000000 ) ) ;
#257 = VERTEX_POINT ( 'NONE', #1245 ) ;
#258 = ORIENTED_EDGE ( 'NONE', *, *, #2629, .F. ) ;
#259 = CARTESIAN_POINT ( 'NONE',  ( -0.9091844414339310700, 1.149999999999999900, 0.9649999999999988600 ) ) ;
#260 = EDGE_CURVE ( 'NONE', #994, #6, #1370, .T. ) ;
#261 = ORIENTED_EDGE ( 'NONE', *, *, #1067, .T. ) ;
#262 = DIRECTION ( 'NONE',  ( -1.000000000000000000, 0.0000000000000000000, 0.0000000000000000000 ) ) ;
#263 = CARTESIAN_POINT ( 'NONE',  ( 4.600999999999999100, 3.350000000000001400, -1.335000000000000000 ) ) ;
#264 = ORIENTED_EDGE ( 'NONE', *, *, #2273, .T. ) ;
#265 = ORIENTED_EDGE ( 'NONE', *, *, #1582, .F. ) ;
#266 = PLANE ( 'NONE',  #1860 ) ;
#267 = EDGE_LOOP ( 'NONE', ( #2705, #2627, #1867, #2844 ) ) ;
#268 = EDGE_CURVE ( 'NONE', #689, #656, #1135, .T. ) ;
#269 = CARTESIAN_POINT ( 'NONE',  ( 4.30542888649592, 0.8849999999999999, -4.3 ) ) ;
#270 = PLANE ( 'NONE',  #2093 ) ;
#271 = DIRECTION ( 'NONE',  ( 0, 0, -1 ) ) ;
#272 = FACE_OUTER_BOUND ( 'NONE', #1615, .T. ) ;
#273 = ORIENTED_EDGE ( 'NONE', *, *, #44, .F. ) ;
#274 = CARTESIAN_POINT ( 'NONE',  ( -1.014000000000000200, 1.149999999999999900, 0.2650000000000000100 ) ) ;
#275 = FILL_AREA_STYLE ('',( #513 ) ) ;
#276 = LINE ( 'NONE', #1040, #2039 ) ;
#277 = EDGE_CURVE ( 'NONE', #2321, #2256, #1898, .T. ) ;
#278 = VECTOR ( 'NONE', #496, 1000.000000000000200 ) ;
#279 = VECTOR ( 'NONE', #2569, 1000.000000000000000 ) ;
#280 = ORIENTED_EDGE ( 'NONE', *, *, #1310, .T. ) ;
#281 = CARTESIAN_POINT ( 'NONE',  ( 1.896, 1.415, -0.5499999999999999 ) ) ;
#282 = AXIS2_PLACEMENT_3D ( 'NONE', #2538, #364, #1338 ) ;
#283 = LINE ( 'NONE', #781, #1360 ) ;
#284 = VERTEX_POINT ( 'NONE', #2939 ) ;
#285 = SURFACE_SIDE_STYLE ('',( #1741 ) ) ;
#286 = VECTOR ( 'NONE', #1412, 1000.000000000000100 ) ;
#287 = CARTESIAN_POINT ( 'NONE',  ( -0.3900000000000002, 1.415, 0 ) ) ;
#288 = ORIENTED_EDGE ( 'NONE', *, *, #2855, .T. ) ;
#289 = DIRECTION ( 'NONE',  ( -1.390002785237827100E-016, -1.000000000000000000, 0.0000000000000000000 ) ) ;
#290 = AXIS2_PLACEMENT_3D ( 'NONE', #3009, #2259, #1571 ) ;
#291 = DIRECTION ( 'NONE',  ( 0.9848077530122092, 0, 0.1736481776669236 ) ) ;
#292 = LINE ( 'NONE', #1127, #2311 ) ;
#293 = EDGE_CURVE ( 'NONE', #2043, #761, #793, .T. ) ;
#294 = LINE ( 'NONE', #2246, #2992 ) ;
#295 = DIRECTION ( 'NONE',  ( -0.0000000000000000000, -0.0000000000000000000, -1.000000000000000000 ) ) ;
#296 = DIRECTION ( 'NONE',  ( -1.000000000000000000, 0.0000000000000000000, 0.0000000000000000000 ) ) ;
#297 = EDGE_LOOP ( 'NONE', ( #104, #3155, #637, #341 ) ) ;
#298 = FACE_OUTER_BOUND ( 'NONE', #1207, .T. ) ;
#299 = ORIENTED_EDGE ( 'NONE', *, *, #1756, .T. ) ;
#300 = DIRECTION ( 'NONE',  ( 0.0000000000000000000, 0.0000000000000000000, -1.000000000000000000 ) ) ;
#301 = DIRECTION ( 'NONE',  ( 0.0000000000000000000, 0.0000000000000000000, 1.000000000000000000 ) ) ;
#302 = DIRECTION ( 'NONE',  ( 1.000000000000000000, 0.0000000000000000000, -0.0000000000000000000 ) ) ;
#303 = EDGE_CURVE ( 'NONE', #2746, #689, #610, .T. ) ;
#304 = ORIENTED_EDGE ( 'NONE', *, *, #458, .T. ) ;
#305 = CARTESIAN_POINT ( 'NONE',  ( 5.012, 1.415, -1.15 ) ) ;
#306 = ORIENTED_EDGE ( 'NONE', *, *, #1430, .T. ) ;
#307 = CARTESIAN_POINT ( 'NONE',  ( -0.5097284719341537200, 7.216962693153764300, 0.9442244215262074500 ) ) ;
#308 = ORIENTED_EDGE ( 'NONE', *, *, #1574, .T. ) ;
#309 = DIRECTION ( 'NONE',  ( 0.0000000000000000000, -1.000000000000000000, 0.0000000000000000000 ) ) ;
#310 = CARTESIAN_POINT ( 'NONE',  ( 2.785999999999999600, 6.919999999999999900, -0.8050000000000000500 ) ) ;
#311 = ORIENTED_EDGE ( 'NONE', *, *, #2414, .T. ) ;
#312 = ORIENTED_EDGE ( 'NONE', *, *, #787, .F. ) ;
#313 = AXIS2_PLACEMENT_3D ( 'NONE', #2342, #899, #1607 ) ;
#314 = CARTESIAN_POINT ( 'NONE',  ( 4.962, 0.8849999999999999, 0 ) ) ;
#315 = DIRECTION ( 'NONE',  ( -0.1736481776669236, 0, -0.9848077530122092 ) ) ;
#316 = VECTOR ( 'NONE', #2221, 1000.000000000000000 ) ;
#317 = ORIENTED_EDGE ( 'NONE', *, *, #183, .T. ) ;
#318 = CARTESIAN_POINT ( 'NONE',  ( 0.1710000000000005700, 7.370000000000001000, -0.8050000000000000500 ) ) ;
#319 = EDGE_CURVE ( 'NONE', #1392, #187, #1823, .T. ) ;
#320 = LINE ( 'NONE', #2119, #814 ) ;
#321 = ADVANCED_FACE ( 'NONE', ( #2434 ), #454, .F. ) ;
#322 = DIRECTION ( 'NONE',  ( 0.0000000000000000000, 1.000000000000000000, 0.0000000000000000000 ) ) ;
#323 = LINE ( 'NONE', #1062, #1478 ) ;
#324 = DIRECTION ( 'NONE',  ( 1.000000000000000000, 0.0000000000000000000, -0.0000000000000000000 ) ) ;
#325 = AXIS2_PLACEMENT_3D ( 'NONE', #1225, #1, #2706 ) ;
#326 = FACE_OUTER_BOUND ( 'NONE', #1550, .T. ) ;
#327 = VECTOR ( 'NONE', #1505, 1000.000000000000000 ) ;
#328 = CARTESIAN_POINT ( 'NONE',  ( 0.3900000000000002, 1.415, -1.15 ) ) ;
#329 = VECTOR ( 'NONE', #2577, 1000.000000000000000 ) ;
#330 = ORIENTED_EDGE ( 'NONE', *, *, #787, .T. ) ;
#331 = CARTESIAN_POINT ( 'NONE',  ( 2.726, 1.415, -0.5499999999999998 ) ) ;
#332 = CARTESIAN_POINT ( 'NONE',  ( 4.182, 0.8849999999999999, 0 ) ) ;
#333 = EDGE_CURVE ( 'NONE', #423, #1605, #645, .T. ) ;
#334 = VECTOR ( 'NONE', #2181, 1000.000000000000000 ) ;
#335 = VERTEX_POINT ( 'NONE', #1059 ) ;
#336 = DIRECTION ( 'NONE',  ( 0.05154298404611869200, 0.1734173605119499200, 0.9834987238775095800 ) ) ;
#337 = VECTOR ( 'NONE', #2076, 1000.000000000000000 ) ;
#338 = DIRECTION ( 'NONE',  ( 0.9659258262890680900, -0.2588190451025212400, -0.0000000000000000000 ) ) ;
#339 = ORIENTED_EDGE ( 'NONE', *, *, #1273, .F. ) ;
#340 = LINE ( 'NONE', #2163, #2662 ) ;
#341 = ORIENTED_EDGE ( 'NONE', *, *, #42, .T. ) ;
#342 = CARTESIAN_POINT ( 'NONE',  ( 4.400999999999998900, 7.370000000000000100, -1.335000000000000000 ) ) ;
#343 = ORIENTED_EDGE ( 'NONE', *, *, #978, .T. ) ;
#344 = ORIENTED_EDGE ( 'NONE', *, *, #944, .T. ) ;
#345 = CARTESIAN_POINT ( 'NONE',  ( 2.676, 0.8849999999999999, -3.6 ) ) ;
#346 = CARTESIAN_POINT ( 'NONE',  ( -0.02899999999999994600, 3.350000000000001900, -0.8050000000000000500 ) ) ;
#347 = CARTESIAN_POINT ( 'NONE',  ( 5.585999999999999400, 7.370000000000000100, -0.8050000000000000500 ) ) ;
#348 = DIRECTION ( 'NONE',  ( 0.0000000000000000000, -1.000000000000000000, 0.0000000000000000000 ) ) ;
#349 = ORIENTED_EDGE ( 'NONE', *, *, #1104, .F. ) ;
#350 = ORIENTED_EDGE ( 'NONE', *, *, #548, .F. ) ;
#351 = DIRECTION ( 'NONE',  ( 0.0000000000000000000, 1.000000000000000000, 0.0000000000000000000 ) ) ;
#352 = EDGE_CURVE ( 'NONE', #711, #180, #721, .T. ) ;
#353 = CARTESIAN_POINT ( 'NONE',  ( -0.4400000000000003, 0.8849999999999999, -1.15 ) ) ;
#354 = CARTESIAN_POINT ( 'NONE',  ( 2.785999999999999600, 6.469999999999998900, -0.8050000000000000500 ) ) ;
#355 = EDGE_LOOP ( 'NONE', ( #3119, #498, #1107, #883 ) ) ;
#356 = AXIS2_PLACEMENT_3D ( 'NONE', #2896, #2873, #205 ) ;
#357 = DIRECTION ( 'NONE',  ( 0.0000000000000000000, 0.0000000000000000000, -1.000000000000000000 ) ) ;
#358 = ADVANCED_FACE ( 'NONE', ( #3149 ), #41, .F. ) ;
#359 = CARTESIAN_POINT ( 'NONE',  ( 1.846, 0.8849999999999999, -1.15 ) ) ;
#360 = LINE ( 'NONE', #583, #2867 ) ;
#361 = EDGE_CURVE ( 'NONE', #368, #146, #3107, .T. ) ;
#362 = FACE_OUTER_BOUND ( 'NONE', #539, .T. ) ;
#363 = ORIENTED_EDGE ( 'NONE', *, *, #268, .F. ) ;
#364 = DIRECTION ( 'NONE',  ( -0.0000000000000000000, 0.9961946980917455500, 0.08715574274765830500 ) ) ;
#365 = DIRECTION ( 'NONE',  ( 0, 1, 0 ) ) ;
#366 = LINE ( 'NONE', #281, #674 ) ;
#367 = CIRCLE ( 'NONE', #2184, 0.4500000000000007300 ) ;
#368 = VERTEX_POINT ( 'NONE', #22 ) ;
#369 = LINE ( 'NONE', #956, #2876 ) ;
#370 = DIRECTION ( 'NONE',  ( 0, -1, 0 ) ) ;
#371 = LINE ( 'NONE', #2114, #1286 ) ;
#372 = ORIENTED_EDGE ( 'NONE', *, *, #777, .F. ) ;
#373 = LINE ( 'NONE', #618, #1134 ) ;
#374 = AXIS2_PLACEMENT_3D ( 'NONE', #1841, #884, #869 ) ;
#375 = EDGE_CURVE ( 'NONE', #2746, #1541, #3069, .T. ) ;
#376 = VERTEX_POINT ( 'NONE', #1737 ) ;
#377 = MANIFOLD_SOLID_BREP ( 'Body-Move/Copy1[3]', #2106 ) ;
#378 = LINE ( 'NONE', #2769, #1529 ) ;
#379 = DIRECTION ( 'NONE',  ( -1, 0, 0 ) ) ;
#380 = ORIENTED_EDGE ( 'NONE', *, *, #1440, .T. ) ;
#381 = AXIS2_PLACEMENT_3D ( 'NONE', #3103, #30, #515 ) ;
#382 = VECTOR ( 'NONE', #1567, 1000.000000000000000 ) ;
#383 = EDGE_CURVE ( 'NONE', #2825, #2009, #2243, .T. ) ;
#384 = ORIENTED_EDGE ( 'NONE', *, *, #3147, .F. ) ;
#385 = CARTESIAN_POINT ( 'NONE',  ( 2.785999999999999600, 7.370000000000001000, -0.8050000000000000500 ) ) ;
#386 = ORIENTED_EDGE ( 'NONE', *, *, #2978, .T. ) ;
#387 = ORIENTED_EDGE ( 'NONE', *, *, #120, .F. ) ;
#388 = DIRECTION ( 'NONE',  ( 0, 0, 1 ) ) ;
#389 = CARTESIAN_POINT ( 'NONE',  ( 0.7209999999999992000, 8.650000000000002100, -0.8050000000000000500 ) ) ;
#390 = CARTESIAN_POINT ( 'NONE',  ( 0.4400000000000001, 0.8849999999999999, -0.5499999999999998 ) ) ;
#391 = EDGE_CURVE ( 'NONE', #1105, #761, #2202, .T. ) ;
#392 = EDGE_LOOP ( 'NONE', ( #961, #299, #864, #1581, #235 ) ) ;
#393 = CARTESIAN_POINT ( 'NONE',  ( 4.962, 0.8849999999999999, -1.15 ) ) ;
#394 = ORIENTED_EDGE ( 'NONE', *, *, #2010, .T. ) ;
#395 = ORIENTED_EDGE ( 'NONE', *, *, #383, .F. ) ;
#396 = DIRECTION ( 'NONE',  ( -1.000000000000000000, -1.390002785237827100E-016, 0.0000000000000000000 ) ) ;
#397 = VERTEX_POINT ( 'NONE', #1546 ) ;
#398 = EDGE_CURVE ( 'NONE', #2591, #2009, #1971, .T. ) ;
#399 = DIRECTION ( 'NONE',  ( -0.7046192927191157200, 0.7095855496894035700, 9.063609232530011400E-017 ) ) ;
#400 = DIRECTION ( 'NONE',  ( 0.1736481776669236, 0, 0.9848077530122092 ) ) ;
#401 = EDGE_CURVE ( 'NONE', #1872, #2256, #2955, .T. ) ;
#402 = CARTESIAN_POINT ( 'NONE',  ( 1.896, 0.8849999999999999, -3.6 ) ) ;
#403 = AXIS2_PLACEMENT_3D ( 'NONE', #501, #1965, #1486 ) ;
#404 = EDGE_CURVE ( 'NONE', #3073, #994, #1570, .T. ) ;
#405 = LINE ( 'NONE', #2217, #2536 ) ;
#406 = ORIENTED_EDGE ( 'NONE', *, *, #485, .F. ) ;
#407 = CARTESIAN_POINT ( 'NONE',  ( 1.846, 1.415, -1.15 ) ) ;
#408 = CYLINDRICAL_SURFACE ( 'NONE', #845, 0.4500000000000007300 ) ;
#409 = VECTOR ( 'NONE', #3161, 1000.000000000000100 ) ;
#410 = LINE ( 'NONE', #2242, #56 ) ;
#411 = ORIENTED_EDGE ( 'NONE', *, *, #2369, .F. ) ;
#412 = EDGE_CURVE ( 'NONE', #1219, #1784, #1293, .T. ) ;
#413 = CARTESIAN_POINT ( 'NONE',  ( 0.1710000000000005700, 7.370000000000001000, -1.335000000000000000 ) ) ;
#414 = CARTESIAN_POINT ( 'NONE',  ( 1.896, 0.8849999999999999, 0 ) ) ;
#415 = COLOUR_RGB ( '',0.2509803921568627400, 0.2509803921568627400, 0.2509803921568627400 ) ;
#416 = CARTESIAN_POINT ( 'NONE',  ( 0.7209999999999992000, 8.650000000000002100, -0.8050000000000000500 ) ) ;
#417 = LINE ( 'NONE', #1362, #2092 ) ;
#418 = PLANE ( 'NONE',  #2742 ) ;
#419 = EDGE_LOOP ( 'NONE', ( #977, #2028, #2445, #2314 ) ) ;
#420 = ORIENTED_EDGE ( 'NONE', *, *, #2961, .F. ) ;
#421 = EDGE_CURVE ( 'NONE', #711, #2562, #982, .T. ) ;
#422 = ORIENTED_EDGE ( 'NONE', *, *, #2088, .T. ) ;
#423 = VERTEX_POINT ( 'NONE', #2808 ) ;
#424 = DIRECTION ( 'NONE',  ( 1, 0, 0 ) ) ;
#425 = ORIENTED_EDGE ( 'NONE', *, *, #3038, .F. ) ;
#426 = ORIENTED_EDGE ( 'NONE', *, *, #712, .T. ) ;
#427 = DIRECTION ( 'NONE',  ( 0.0000000000000000000, -1.000000000000000000, -0.0000000000000000000 ) ) ;
#428 = CARTESIAN_POINT ( 'NONE',  ( 4.182, 0.8849999999999999, -1.15 ) ) ;
#429 = VERTEX_POINT ( 'NONE', #1830 ) ;
#430 = LINE ( 'NONE', #1006, #2905 ) ;
#431 = CARTESIAN_POINT ( 'NONE',  ( 0.4400000000000001, 0.8849999999999999, -0.5499999999999998 ) ) ;
#432 = ORIENTED_EDGE ( 'NONE', *, *, #2530, .T. ) ;
#433 = PLANE ( 'NONE',  #672 ) ;
#434 = VECTOR ( 'NONE', #94, 1000.000000000000100 ) ;
#435 = ORIENTED_EDGE ( 'NONE', *, *, #3143, .T. ) ;
#436 = VECTOR ( 'NONE', #322, 1000.000000000000000 ) ;
#437 = DIRECTION ( 'NONE',  ( -1.000000000000000000, -0.0000000000000000000, -0.0000000000000000000 ) ) ;
#438 = VECTOR ( 'NONE', #24, 1000.000000000000000 ) ;
#439 = ORIENTED_EDGE ( 'NONE', *, *, #183, .F. ) ;
#440 = EDGE_CURVE ( 'NONE', #639, #1645, #2089, .T. ) ;
#441 = CARTESIAN_POINT ( 'NONE',  ( 4.30542888649592, 1.415, -4.3 ) ) ;
#442 = LINE ( 'NONE', #1854, #52 ) ;
#443 = LINE ( 'NONE', #1744, #2005 ) ;
#444 = ORIENTED_EDGE ( 'NONE', *, *, #293, .T. ) ;
#445 = DIRECTION ( 'NONE',  ( 0, 1, 0 ) ) ;
#446 = LINE ( 'NONE', #1944, #2199 ) ;
#447 = DIRECTION ( 'NONE',  ( 0, 0, 1 ) ) ;
#448 = CARTESIAN_POINT ( 'NONE',  ( 2.785999999999999600, 6.469999999999998900, -0.8050000000000000500 ) ) ;
#449 = VERTEX_POINT ( 'NONE', #1589 ) ;
#450 = VECTOR ( 'NONE', #2982, 1000.000000000000000 ) ;
#451 = VERTEX_POINT ( 'NONE', #850 ) ;
#452 = CARTESIAN_POINT ( 'NONE',  ( 4.182, 1.415, -1.15 ) ) ;
#453 = UNCERTAINTY_MEASURE_WITH_UNIT (LENGTH_MEASURE( 1.000000000000000100E-005 ), #1269, 'distance_accuracy_value', 'NONE');
#454 = CYLINDRICAL_SURFACE ( 'NONE', #802, 0.4500000000000007300 ) ;
#455 = EDGE_LOOP ( 'NONE', ( #215, #463, #258, #1282 ) ) ;
#456 = STYLED_ITEM ( 'NONE', ( #1714 ), #377 ) ;
#457 = AXIS2_PLACEMENT_3D ( 'NONE', #2734, #291, #2032 ) ;
#458 = EDGE_CURVE ( 'NONE', #2024, #2441, #606, .T. ) ;
#459 = CARTESIAN_POINT ( 'NONE',  ( 5.012, 1.415, -1.15 ) ) ;
#460 = ORIENTED_EDGE ( 'NONE', *, *, #2572, .T. ) ;
#461 = SURFACE_STYLE_USAGE ( .BOTH. , #1453 ) ;
#462 = CARTESIAN_POINT ( 'NONE',  ( 2.726, 0.8849999999999999, -0.5499999999999998 ) ) ;
#463 = ORIENTED_EDGE ( 'NONE', *, *, #277, .F. ) ;
#464 = AXIS2_PLACEMENT_3D ( 'NONE', #1930, #687, #1180 ) ;
#465 = ORIENTED_EDGE ( 'NONE', *, *, #2607, .F. ) ;
#466 = EDGE_CURVE ( 'NONE', #1219, #2174, #717, .T. ) ;
#467 = DIRECTION ( 'NONE',  ( 0.0000000000000000000, 0.0000000000000000000, -1.000000000000000000 ) ) ;
#468 = ORIENTED_EDGE ( 'NONE', *, *, #218, .F. ) ;
#469 = CARTESIAN_POINT ( 'NONE',  ( 0.4400000000000001, 0.8849999999999999, -0.5499999999999998 ) ) ;
#470 = ORIENTED_EDGE ( 'NONE', *, *, #1044, .T. ) ;
#471 = PLANE ( 'NONE',  #2133 ) ;
#472 = ORIENTED_EDGE ( 'NONE', *, *, #3087, .F. ) ;
#473 = ORIENTED_EDGE ( 'NONE', *, *, #1852, .F. ) ;
#474 = ADVANCED_FACE ( 'NONE', ( #2655 ), #840, .T. ) ;
#475 = CARTESIAN_POINT ( 'NONE',  ( 4.182, 0.8849999999999999, -3.6 ) ) ;
#476 = EDGE_CURVE ( 'NONE', #1619, #1701, #292, .T. ) ;
#477 = DIRECTION ( 'NONE',  ( -1.000000000000000000, 9.366757429680386100E-017, 0.0000000000000000000 ) ) ;
#478 = ORIENTED_EDGE ( 'NONE', *, *, #925, .T. ) ;
#479 = PLANE ( 'NONE',  #2636 ) ;
#480 = CARTESIAN_POINT ( 'NONE',  ( 1.846, 0.8849999999999999, -1.15 ) ) ;
#481 = DIRECTION ( 'NONE',  ( 0, 0, -1 ) ) ;
#482 = DIRECTION ( 'NONE',  ( -1, 0, 0 ) ) ;
#483 = LINE ( 'NONE', #2068, #1319 ) ;
#484 = EDGE_LOOP ( 'NONE', ( #1977, #264 ) ) ;
#485 = EDGE_CURVE ( 'NONE', #1693, #2932, #378, .T. ) ;
#486 = LINE ( 'NONE', #1237, #2987 ) ;
#487 = DIRECTION ( 'NONE',  ( 0, 0, -1 ) ) ;
#488 = LINE ( 'NONE', #1611, #599 ) ;
#489 = EDGE_CURVE ( 'NONE', #3156, #2333, #2778, .T. ) ;
#490 = FILL_AREA_STYLE ('',( #1702 ) ) ;
#491 = FACE_BOUND ( 'NONE', #66, .T. ) ;
#492 = ORIENTED_EDGE ( 'NONE', *, *, #552, .T. ) ;
#493 = DIRECTION ( 'NONE',  ( -1, 0, 0 ) ) ;
#494 = DIRECTION ( 'NONE',  ( 0, -0.08715574274765858, 0.9961946980917455 ) ) ;
#495 = VECTOR ( 'NONE', #2150, 1000.000000000000000 ) ;
#496 = DIRECTION ( 'NONE',  ( -0.7066608584216737000, 0.7066608584216709200, 0.03550862359329391000 ) ) ;
#497 = CARTESIAN_POINT ( 'NONE',  ( 4.400999999999998900, 6.469999999999999800, -0.8050000000000000500 ) ) ;
#498 = ORIENTED_EDGE ( 'NONE', *, *, #2565, .F. ) ;
#499 = EDGE_CURVE ( 'NONE', #2135, #3011, #902, .T. ) ;
#500 = DIRECTION ( 'NONE',  ( -0.7066608584216723700, -0.7066608584216739200, -0.03550862359326349700 ) ) ;
#501 = CARTESIAN_POINT ( 'NONE',  ( 2.785999999999999600, 6.919999999999999900, -1.335000000000000000 ) ) ;
#502 = CARTESIAN_POINT ( 'NONE',  ( -0.5711215503489252000, 7.370000000000000100, -0.5876034461895004400 ) ) ;
#503 = CARTESIAN_POINT ( 'NONE',  ( 5.585999999999999400, 1.149999999999999900, 0.2650000000000000100 ) ) ;
#504 = ORIENTED_EDGE ( 'NONE', *, *, #2110, .T. ) ;
#505 = DIRECTION ( 'NONE',  ( 0.9848077530122092, 0, 0.1736481776669236 ) ) ;
#506 = AXIS2_PLACEMENT_3D ( 'NONE', #1312, #897, #1802 ) ;
#507 = EDGE_LOOP ( 'NONE', ( #140, #312, #1907, #2989 ) ) ;
#508 = CARTESIAN_POINT ( 'NONE',  ( 1.785999999999999600, 6.919999999999999900, -0.8050000000000000500 ) ) ;
#509 = CLOSED_SHELL ( 'NONE', ( #2833, #1810, #2816, #2770, #3026, #62, #1597, #2750, #1447, #29, #2162, #632, #1167, #2697, #2488, #2316 ) ) ;
#510 = DIRECTION ( 'NONE',  ( 1.000000000000000000, -4.336808689941997200E-015, -0.0000000000000000000 ) ) ;
#511 = DIRECTION ( 'NONE',  ( 0.7061450620468452400, 0.7012028844081386000, 0.09835479777094707800 ) ) ;
#512 = DIRECTION ( 'NONE',  ( 0.0000000000000000000, 1.000000000000000000, 0.0000000000000000000 ) ) ;
#513 = FILL_AREA_STYLE_COLOUR ( '', #2680 ) ;
#514 = ORIENTED_EDGE ( 'NONE', *, *, #868, .F. ) ;
#515 = DIRECTION ( 'NONE',  ( 1, 0, 0 ) ) ;
#516 = SURFACE_STYLE_FILL_AREA ( #275 ) ;
#517 = CARTESIAN_POINT ( 'NONE',  ( 2.676, 0.8849999999999999, 0 ) ) ;
#518 = LINE ( 'NONE', #1526, #1593 ) ;
#519 = AXIS2_PLACEMENT_3D ( 'NONE', #475, #505, #714 ) ;
#520 = DIRECTION ( 'NONE',  ( -0.0000000000000000000, -0.0000000000000000000, -1.000000000000000000 ) ) ;
#521 = EDGE_CURVE ( 'NONE', #1751, #957, #1444, .T. ) ;
#522 = VECTOR ( 'NONE', #594, 1000.000000000000000 ) ;
#523 =( LENGTH_UNIT ( ) NAMED_UNIT ( * ) SI_UNIT ( .MILLI., .METRE. ) );
#524 = FACE_OUTER_BOUND ( 'NONE', #765, .T. ) ;
#525 = CARTESIAN_POINT ( 'NONE',  ( 4.182, 0.8849999999999999, -3.6 ) ) ;
#526 = VERTEX_POINT ( 'NONE', #1147 ) ;
#527 = VECTOR ( 'NONE', #214, 1000.000000000000000 ) ;
#528 = ORIENTED_EDGE ( 'NONE', *, *, #20, .F. ) ;
#529 = VECTOR ( 'NONE', #2223, 1000.000000000000000 ) ;
#530 = VERTEX_POINT ( 'NONE', #2100 ) ;
#531 = CARTESIAN_POINT ( 'NONE',  ( 2.726, 0.8849999999999999, -1.15 ) ) ;
#532 = DIRECTION ( 'NONE',  ( 1, 0, 0 ) ) ;
#533 = CARTESIAN_POINT ( 'NONE',  ( -1.014000000000000200, 6.969999999999998900, -1.335000000000000000 ) ) ;
#534 = VECTOR ( 'NONE', #3014, 1000.000000000000000 ) ;
#535 =( NAMED_UNIT ( * ) SI_UNIT ( $, .STERADIAN. ) SOLID_ANGLE_UNIT ( ) );
#536 = VECTOR ( 'NONE', #477, 1000.000000000000000 ) ;
#537 = CARTESIAN_POINT ( 'NONE',  ( 5.012, 0.8849999999999999, -0.5499999999999998 ) ) ;
#538 = ORIENTED_EDGE ( 'NONE', *, *, #2659, .T. ) ;
#539 = EDGE_LOOP ( 'NONE', ( #727, #2950, #2729, #1299 ) ) ;
#540 = ADVANCED_FACE ( 'NONE', ( #3100 ), #1379, .T. ) ;
#541 = PLANE ( 'NONE',  #3116 ) ;
#542 = VERTEX_POINT ( 'NONE', #651 ) ;
#543 = CARTESIAN_POINT ( 'NONE',  ( 1.785999999999999800, 7.370000000000001000, -1.335000000000000000 ) ) ;
#544 = VERTEX_POINT ( 'NONE', #124 ) ;
#545 = VERTEX_POINT ( 'NONE', #1628 ) ;
#546 = AXIS2_PLACEMENT_3D ( 'NONE', #906, #2372, #2621 ) ;
#547 = ORIENTED_EDGE ( 'NONE', *, *, #1767, .T. ) ;
#548 = EDGE_CURVE ( 'NONE', #1541, #1304, #830, .T. ) ;
#549 = DIRECTION ( 'NONE',  ( 0.0000000000000000000, -0.0000000000000000000, 1.000000000000000000 ) ) ;
#550 = DIRECTION ( 'NONE',  ( -1.000000000000000000, 0.0000000000000000000, 0.0000000000000000000 ) ) ;
#551 = VERTEX_POINT ( 'NONE', #389 ) ;
#552 = EDGE_CURVE ( 'NONE', #2739, #1025, #61, .T. ) ;
#553 = DIRECTION ( 'NONE',  ( 0, 0.9961946980917455, 0.08715574274765858 ) ) ;
#554 = CARTESIAN_POINT ( 'NONE',  ( 2.019428886495921, 0.8849999999999999, -4.3 ) ) ;
#555 = EDGE_CURVE ( 'NONE', #77, #2323, #93, .T. ) ;
#556 = DIRECTION ( 'NONE',  ( 0, -0.9961946980917455, -0.08715574274765858 ) ) ;
#557 = LINE ( 'NONE', #2656, #2368 ) ;
#558 = CARTESIAN_POINT ( 'NONE',  ( 2.785999999999999600, 6.919999999999999900, -0.8050000000000000500 ) ) ;
#559 = DIRECTION ( 'NONE',  ( 0, 0, -1 ) ) ;
#560 = EDGE_CURVE ( 'NONE', #545, #2861, #1172, .T. ) ;
#561 = VECTOR ( 'NONE', #262, 1000.000000000000000 ) ;
#562 = ORIENTED_EDGE ( 'NONE', *, *, #2909, .T. ) ;
#563 = DIRECTION ( 'NONE',  ( 0.0000000000000000000, 0.0000000000000000000, -1.000000000000000000 ) ) ;
#564 = DIRECTION ( 'NONE',  ( 0.0000000000000000000, 0.08715574274765830500, -0.9961946980917455500 ) ) ;
#565 = CYLINDRICAL_SURFACE ( 'NONE', #464, 0.4500000000000007300 ) ;
#566 = EDGE_CURVE ( 'NONE', #1623, #861, #2166, .T. ) ;
#567 = VECTOR ( 'NONE', #749, 1000.000000000000100 ) ;
#568 = CARTESIAN_POINT ( 'NONE',  ( 4.30542888649592, 0.8849999999999999, -4.3 ) ) ;
#569 = VECTOR ( 'NONE', #512, 1000.000000000000000 ) ;
#570 = ORIENTED_EDGE ( 'NONE', *, *, #2553, .T. ) ;
#571 = CARTESIAN_POINT ( 'NONE',  ( -0.02900000000000038000, 6.469999999999999800, -1.335000000000000000 ) ) ;
#572 = PRESENTATION_LAYER_ASSIGNMENT (  '', '', ( #1096 ) ) ;
#573 = LINE ( 'NONE', #2496, #750 ) ;
#574 = CARTESIAN_POINT ( 'NONE',  ( -0.3900000000000002, 0.8849999999999999, -0.5499999999999999 ) ) ;
#575 = LINE ( 'NONE', #134, #3033 ) ;
#576 = DIRECTION ( 'NONE',  ( 0, 1, 0 ) ) ;
#577 = DIRECTION ( 'NONE',  ( -1.000000000000000000, 0.0000000000000000000, 0.0000000000000000000 ) ) ;
#578 = VECTOR ( 'NONE', #1454, 1000.000000000000000 ) ;
#579 = ORIENTED_EDGE ( 'NONE', *, *, #1017, .T. ) ;
#580 = DIRECTION ( 'NONE',  ( -1, 0, 0 ) ) ;
#581 =( LENGTH_UNIT ( ) NAMED_UNIT ( * ) SI_UNIT ( .MILLI., .METRE. ) );
#582 = ORIENTED_EDGE ( 'NONE', *, *, #139, .T. ) ;
#583 = CARTESIAN_POINT ( 'NONE',  ( 2.676, 0.8849999999999999, -1.15 ) ) ;
#584 = ORIENTED_EDGE ( 'NONE', *, *, #1856, .F. ) ;
#585 = EDGE_CURVE ( 'NONE', #2895, #1333, #947, .T. ) ;
#586 = DIRECTION ( 'NONE',  ( 0.0000000000000000000, -1.000000000000000000, 0.0000000000000000000 ) ) ;
#587 = DIRECTION ( 'NONE',  ( 0.05233595624293724300, 0.0000000000000000000, -0.9986295347545742800 ) ) ;
#588 = ORIENTED_EDGE ( 'NONE', *, *, #2414, .F. ) ;
#589 = ORIENTED_EDGE ( 'NONE', *, *, #1477, .T. ) ;
#590 = EDGE_CURVE ( 'NONE', #368, #1576, #754, .T. ) ;
#591 = EDGE_LOOP ( 'NONE', ( #1819, #928, #2067, #1158, #2326, #1972, #1088, #9, #1502, #261, #871, #2651, #616, #2436 ) ) ;
#592 = DIRECTION ( 'NONE',  ( 0, 0, -1 ) ) ;
#593 = CARTESIAN_POINT ( 'NONE',  ( 2.676, 0.8849999999999999, -0.5499999999999999 ) ) ;
#594 = DIRECTION ( 'NONE',  ( -1.390002785237827100E-016, -1.000000000000000000, 0.0000000000000000000 ) ) ;
#595 = VECTOR ( 'NONE', #1578, 1000.000000000000000 ) ;
#596 = VECTOR ( 'NONE', #1082, 1000.000000000000000 ) ;
#597 = VECTOR ( 'NONE', #1940, 1000.000000000000000 ) ;
#598 = DIRECTION ( 'NONE',  ( -0.0000000000000000000, -0.0000000000000000000, -1.000000000000000000 ) ) ;
#599 = VECTOR ( 'NONE', #127, 1000.000000000000000 ) ;
#600 = ORIENTED_EDGE ( 'NONE', *, *, #2352, .F. ) ;
#601 = CARTESIAN_POINT ( 'NONE',  ( 2.019428886495921, 0.8849999999999999, -4.3 ) ) ;
#602 = DIRECTION ( 'NONE',  ( 1, 0, 0 ) ) ;
#603 = CIRCLE ( 'NONE', #1317, 0.4500000000000007300 ) ;
#604 = EDGE_LOOP ( 'NONE', ( #128, #1725 ) ) ;
#605 = PLANE ( 'NONE',  #2440 ) ;
#606 = LINE ( 'NONE', #328, #2693 ) ;
#607 = DIRECTION ( 'NONE',  ( 0.0000000000000000000, 0.0000000000000000000, 1.000000000000000000 ) ) ;
#608 = PLANE ( 'NONE',  #1981 ) ;
#609 = ORIENTED_EDGE ( 'NONE', *, *, #2328, .T. ) ;
#610 = LINE ( 'NONE', #997, #2473 ) ;
#611 = ORIENTED_EDGE ( 'NONE', *, *, #1197, .T. ) ;
#612 = CARTESIAN_POINT ( 'NONE',  ( -0.9091844414339306200, 1.273428886495925300, 0.9649999999999988600 ) ) ;
#613 = ADVANCED_FACE ( 'NONE', ( #2809 ), #131, .F. ) ;
#614 = EDGE_LOOP ( 'NONE', ( #209, #1558, #1036, #1599 ) ) ;
#615 = CARTESIAN_POINT ( 'NONE',  ( 1.785999999999999600, 5.419999999999999000, 0.9649999999999988600 ) ) ;
#616 = ORIENTED_EDGE ( 'NONE', *, *, #811, .T. ) ;
#617 = ORIENTED_EDGE ( 'NONE', *, *, #1665, .T. ) ;
#618 = CARTESIAN_POINT ( 'NONE',  ( 4.950999999999999600, 7.370000000000000100, -1.335000000000000000 ) ) ;
#619 = EDGE_CURVE ( 'NONE', #1653, #2575, #1893, .T. ) ;
#620 = ORIENTED_EDGE ( 'NONE', *, *, #412, .T. ) ;
#621 = ORIENTED_EDGE ( 'NONE', *, *, #774, .T. ) ;
#622 = AXIS2_PLACEMENT_3D ( 'NONE', #1559, #1794, #1821 ) ;
#623 = CARTESIAN_POINT ( 'NONE',  ( 0.3900000000000002, 0.8849999999999999, -0.5499999999999999 ) ) ;
#624 = AXIS2_PLACEMENT_3D ( 'NONE', #1041, #2288, #577 ) ;
#625 = DIRECTION ( 'NONE',  ( -0.1736481776669236, 0, -0.9848077530122092 ) ) ;
#626 = PLANE ( 'NONE',  #2563 ) ;
#627 = EDGE_CURVE ( 'NONE', #2158, #2165, #2585, .T. ) ;
#628 = ORIENTED_EDGE ( 'NONE', *, *, #1905, .F. ) ;
#629 = LINE ( 'NONE', #2767, #82 ) ;
#630 = VECTOR ( 'NONE', #2499, 1000.000000000000000 ) ;
#631 = DIRECTION ( 'NONE',  ( -0.0000000000000000000, -0.0000000000000000000, -1.000000000000000000 ) ) ;
#632 = ADVANCED_FACE ( 'NONE', ( #2050 ), #2149, .F. ) ;
#633 = CIRCLE ( 'NONE', #1671, 0.5000000000000004400 ) ;
#634 = FACE_OUTER_BOUND ( 'NONE', #2997, .T. ) ;
#635 = ORIENTED_EDGE ( 'NONE', *, *, #1704, .F. ) ;
#636 = LINE ( 'NONE', #876, #2267 ) ;
#637 = ORIENTED_EDGE ( 'NONE', *, *, #811, .F. ) ;
#638 = DIRECTION ( 'NONE',  ( 0.0000000000000000000, -0.0000000000000000000, -1.000000000000000000 ) ) ;
#639 = VERTEX_POINT ( 'NONE', #2868 ) ;
#640 = VECTOR ( 'NONE', #1301, 1000.000000000000000 ) ;
#641 = CARTESIAN_POINT ( 'NONE',  ( 4.132, 0.8849999999999999, -1.15 ) ) ;
#642 = ADVANCED_FACE ( 'NONE', ( #2471 ), #1414, .F. ) ;
#643 = VERTEX_POINT ( 'NONE', #2374 ) ;
#644 = AXIS2_PLACEMENT_3D ( 'NONE', #752, #2189, #2719 ) ;
#645 = LINE ( 'NONE', #810, #2736 ) ;
#646 = ADVANCED_FACE ( 'NONE', ( #870 ), #2482, .F. ) ;
#647 = DIRECTION ( 'NONE',  ( 0.0000000000000000000, 1.277310288589908900E-016, -1.000000000000000000 ) ) ;
#648 = ORIENTED_EDGE ( 'NONE', *, *, #224, .F. ) ;
#649 = EDGE_CURVE ( 'NONE', #2130, #854, #3029, .T. ) ;
#650 = ORIENTED_EDGE ( 'NONE', *, *, #1039, .F. ) ;
#651 = CARTESIAN_POINT ( 'NONE',  ( 0.1710000000000005700, 7.370000000000001000, -1.335000000000000000 ) ) ;
#652 = ORIENTED_EDGE ( 'NONE', *, *, #2900, .F. ) ;
#653 = DIRECTION ( 'NONE',  ( 0, -1, 0 ) ) ;
#654 = EDGE_CURVE ( 'NONE', #526, #952, #684, .T. ) ;
#655 = AXIS2_PLACEMENT_3D ( 'NONE', #2272, #826, #1585 ) ;
#656 = VERTEX_POINT ( 'NONE', #1497 ) ;
#657 = PLANE ( 'NONE',  #1021 ) ;
#658 = ORIENTED_EDGE ( 'NONE', *, *, #2586, .T. ) ;
#659 = PLANE ( 'NONE',  #1229 ) ;
#660 = ORIENTED_EDGE ( 'NONE', *, *, #207, .F. ) ;
#661 = EDGE_CURVE ( 'NONE', #1457, #3160, #1329, .T. ) ;
#662 = ORIENTED_EDGE ( 'NONE', *, *, #1783, .F. ) ;
#663 = DIRECTION ( 'NONE',  ( 0, 1, 0 ) ) ;
#664 = FACE_OUTER_BOUND ( 'NONE', #2084, .T. ) ;
#665 = VERTEX_POINT ( 'NONE', #2449 ) ;
#666 = CARTESIAN_POINT ( 'NONE',  ( 1.785999999999999600, 5.419999999999999000, 0.8649999999999987700 ) ) ;
#667 = FACE_OUTER_BOUND ( 'NONE', #988, .T. ) ;
#668 = CARTESIAN_POINT ( 'NONE',  ( 0.1710000000000005700, 6.469999999999998900, -1.335000000000000000 ) ) ;
#669 = EDGE_CURVE ( 'NONE', #2256, #957, #446, .T. ) ;
#670 = LINE ( 'NONE', #353, #2336 ) ;
#671 = ORIENTED_EDGE ( 'NONE', *, *, #1592, .F. ) ;
#672 = AXIS2_PLACEMENT_3D ( 'NONE', #448, #427, #2599 ) ;
#673 = CARTESIAN_POINT ( 'NONE',  ( 4.400999999999998900, 7.370000000000000100, -1.335000000000000000 ) ) ;
#674 = VECTOR ( 'NONE', #1991, 1000.000000000000000 ) ;
#675 = FACE_OUTER_BOUND ( 'NONE', #1462, .T. ) ;
#676 = EDGE_LOOP ( 'NONE', ( #2250, #1389, #1801, #796 ) ) ;
#677 = LINE ( 'NONE', #2866, #286 ) ;
#678 = VERTEX_POINT ( 'NONE', #1966 ) ;
#679 = CARTESIAN_POINT ( 'NONE',  ( 5.012, 0.8849999999999999, -0.5499999999999998 ) ) ;
#680 = FACE_OUTER_BOUND ( 'NONE', #1342, .T. ) ;
#681 = EDGE_LOOP ( 'NONE', ( #2006, #422, #1828, #2701 ) ) ;
#682 = EDGE_CURVE ( 'NONE', #2958, #1542, #942, .T. ) ;
#683 = AXIS2_PLACEMENT_3D ( 'NONE', #3008, #106, #2276 ) ;
#684 = LINE ( 'NONE', #503, #792 ) ;
#685 = LINE ( 'NONE', #305, #382 ) ;
#686 = DIRECTION ( 'NONE',  ( -1.000000000000000000, -0.0000000000000000000, 0.0000000000000000000 ) ) ;
#687 = DIRECTION ( 'NONE',  ( -0.0000000000000000000, -0.0000000000000000000, -1.000000000000000000 ) ) ;
#688 = ORIENTED_EDGE ( 'NONE', *, *, #1508, .F. ) ;
#689 = VERTEX_POINT ( 'NONE', #2929 ) ;
#690 = DIRECTION ( 'NONE',  ( 0, 1, 0 ) ) ;
#691 = CARTESIAN_POINT ( 'NONE',  ( 4.962, 0.8849999999999999, -0.5499999999999999 ) ) ;
#692 = ADVANCED_FACE ( 'NONE', ( #2952 ), #986, .T. ) ;
#693 = ORIENTED_EDGE ( 'NONE', *, *, #1310, .F. ) ;
#694 = CARTESIAN_POINT ( 'NONE',  ( 2.676, 0.8849999999999999, -3.6 ) ) ;
#695 = EDGE_CURVE ( 'NONE', #1976, #2825, #2308, .T. ) ;
#696 = ORIENTED_EDGE ( 'NONE', *, *, #2059, .T. ) ;
#697 = DIRECTION ( 'NONE',  ( 0, 0, -1 ) ) ;
#698 = DIRECTION ( 'NONE',  ( -0.05226442768870735000, -0.05226442768870746800, -0.9972646886342380100 ) ) ;
#699 = DIRECTION ( 'NONE',  ( 0, 1, 0 ) ) ;
#700 = LINE ( 'NONE', #502, #3164 ) ;
#701 = AXIS2_PLACEMENT_3D ( 'NONE', #3163, #3, #1727 ) ;
#702 = VECTOR ( 'NONE', #1755, 1000.000000000000000 ) ;
#703 = PLANE ( 'NONE',  #156 ) ;
#704 = ADVANCED_FACE ( 'NONE', ( #979, #680 ), #1774, .T. ) ;
#705 = LINE ( 'NONE', #390, #931 ) ;
#706 = CARTESIAN_POINT ( 'NONE',  ( -1.029897739737475800, 6.954102260262523300, -1.338346944956740400 ) ) ;
#707 = VECTOR ( 'NONE', #2673, 1000.000000000000000 ) ;
#708 = ORIENTED_EDGE ( 'NONE', *, *, #260, .F. ) ;
#709 = VECTOR ( 'NONE', #2329, 1000.000000000000000 ) ;
#710 = LINE ( 'NONE', #274, #1166 ) ;
#711 = VERTEX_POINT ( 'NONE', #827 ) ;
#712 = EDGE_CURVE ( 'NONE', #2321, #1751, #1246, .T. ) ;
#713 = PRODUCT_RELATED_PRODUCT_CATEGORY ( 'part', '', ( #1144 ) ) ;
#714 = DIRECTION ( 'NONE',  ( -0.1736481776669236, 0, 0.9848077530122092 ) ) ;
#715 = VECTOR ( 'NONE', #2491, 1000.000000000000000 ) ;
#716 = ORIENTED_EDGE ( 'NONE', *, *, #268, .T. ) ;
#717 = LINE ( 'NONE', #1809, #1488 ) ;
#718 = EDGE_CURVE ( 'NONE', #861, #1541, #248, .T. ) ;
#719 = DIRECTION ( 'NONE',  ( 4.336808689941997200E-015, 1.000000000000000000, 0.0000000000000000000 ) ) ;
#720 = CARTESIAN_POINT ( 'NONE',  ( 0.3900000000000002, 0.8849999999999999, 0 ) ) ;
#721 = LINE ( 'NONE', #33, #1857 ) ;
#722 = EDGE_CURVE ( 'NONE', #1680, #2350, #2430, .T. ) ;
#723 = FACE_OUTER_BOUND ( 'NONE', #2889, .T. ) ;
#724 = CARTESIAN_POINT ( 'NONE',  ( 4.950999999999999600, 7.370000000000000100, -0.8050000000000000500 ) ) ;
#725 = ADVANCED_FACE ( 'NONE', ( #2346 ), #785, .T. ) ;
#726 = CARTESIAN_POINT ( 'NONE',  ( 1.785999999999999800, 7.370000000000001000, -0.8050000000000000500 ) ) ;
#727 = ORIENTED_EDGE ( 'NONE', *, *, #1587, .T. ) ;
#728 = ORIENTED_EDGE ( 'NONE', *, *, #42, .F. ) ;
#729 = PLANE ( 'NONE',  #2798 ) ;
#730 = EDGE_CURVE ( 'NONE', #2958, #1693, #166, .T. ) ;
#731 = ORIENTED_EDGE ( 'NONE', *, *, #718, .T. ) ;
#732 = SURFACE_SIDE_STYLE ('',( #828 ) ) ;
#733 = ORIENTED_EDGE ( 'NONE', *, *, #2886, .F. ) ;
#734 = PLANE ( 'NONE',  #2397 ) ;
#735 = PLANE ( 'NONE',  #2635 ) ;
#736 = CARTESIAN_POINT ( 'NONE',  ( 5.585999999999999400, 1.273428886495925600, 0.9649999999999990800 ) ) ;
#737 = CARTESIAN_POINT ( 'NONE',  ( 1.785999999999999800, 7.370000000000001000, -0.8050000000000000500 ) ) ;
#738 = LINE ( 'NONE', #2971, #1804 ) ;
#739 = DIRECTION ( 'NONE',  ( 1, 0, 0 ) ) ;
#740 = AXIS2_PLACEMENT_3D ( 'NONE', #2104, #2334, #653 ) ;
#741 = VECTOR ( 'NONE', #586, 1000.000000000000000 ) ;
#742 = ORIENTED_EDGE ( 'NONE', *, *, #2813, .T. ) ;
#743 = VECTOR ( 'NONE', #564, 1000.000000000000000 ) ;
#744 = VECTOR ( 'NONE', #2871, 1000.000000000000000 ) ;
#745 = DIRECTION ( 'NONE',  ( 0, -0.9961946980917455, -0.08715574274765858 ) ) ;
#746 = DIRECTION ( 'NONE',  ( -0.2588190451025212400, 0.9659258262890682000, 0.0000000000000000000 ) ) ;
#747 = DIRECTION ( 'NONE',  ( 0, 0, -1 ) ) ;
#748 = VECTOR ( 'NONE', #2592, 1000.000000000000000 ) ;
#749 = DIRECTION ( 'NONE',  ( 0.1736481776669236, 0, -0.9848077530122092 ) ) ;
#750 = VECTOR ( 'NONE', #50, 1000.000000000000000 ) ;
#751 = ORIENTED_EDGE ( 'NONE', *, *, #1197, .F. ) ;
#752 = CARTESIAN_POINT ( 'NONE',  ( 2.726, 0.8849999999999999, -1.15 ) ) ;
#753 = EDGE_CURVE ( 'NONE', #3160, #2962, #573, .T. ) ;
#754 = LINE ( 'NONE', #462, #2128 ) ;
#755 = CARTESIAN_POINT ( 'NONE',  ( 0.1710000000000005700, 7.370000000000001000, -0.8050000000000000500 ) ) ;
#756 = EDGE_CURVE ( 'NONE', #3001, #2591, #1745, .T. ) ;
#757 = VERTEX_POINT ( 'NONE', #571 ) ;
#758 = DIRECTION ( 'NONE',  ( 1, 0, 0 ) ) ;
#759 = ORIENTED_EDGE ( 'NONE', *, *, #2593, .F. ) ;
#760 = ORIENTED_EDGE ( 'NONE', *, *, #2428, .T. ) ;
#761 = VERTEX_POINT ( 'NONE', #2545 ) ;
#762 = AXIS2_PLACEMENT_3D ( 'NONE', #2559, #1353, #1557 ) ;
#763 = PLANE ( 'NONE',  #149 ) ;
#764 =( NAMED_UNIT ( * ) SI_UNIT ( $, .STERADIAN. ) SOLID_ANGLE_UNIT ( ) );
#765 = EDGE_LOOP ( 'NONE', ( #1116, #1179, #2107, #2247 ) ) ;
#766 = CARTESIAN_POINT ( 'NONE',  ( 4.600999999999999100, 6.469999999999998900, -0.8050000000000000500 ) ) ;
#767 = ORIENTED_EDGE ( 'NONE', *, *, #2339, .T. ) ;
#768 = ORIENTED_EDGE ( 'NONE', *, *, #896, .T. ) ;
#769 = ORIENTED_EDGE ( 'NONE', *, *, #20, .T. ) ;
#770 = CARTESIAN_POINT ( 'NONE',  ( -0.4400000000000003, 1.415, -1.15 ) ) ;
#771 = ADVANCED_FACE ( 'NONE', ( #1675 ), #132, .F. ) ;
#772 = CARTESIAN_POINT ( 'NONE',  ( 1.896, 1.415, -3.6 ) ) ;
#773 = FACE_OUTER_BOUND ( 'NONE', #2783, .T. ) ;
#774 = EDGE_CURVE ( 'NONE', #2079, #1542, #2274, .T. ) ;
#775 = CARTESIAN_POINT ( 'NONE',  ( 2.676, 1.415, -1.15 ) ) ;
#776 = CARTESIAN_POINT ( 'NONE',  ( 4.600999999999999100, 3.350000000000001400, -0.8050000000000000500 ) ) ;
#777 = EDGE_CURVE ( 'NONE', #1419, #2408, #373, .T. ) ;
#778 = CARTESIAN_POINT ( 'NONE',  ( 2.676, 0.8849999999999999, -1.15 ) ) ;
#779 = EDGE_CURVE ( 'NONE', #689, #1304, #2880, .T. ) ;
#780 = VECTOR ( 'NONE', #1609, 1000.000000000000000 ) ;
#781 = CARTESIAN_POINT ( 'NONE',  ( 4.962, 1.415, -3.6 ) ) ;
#782 = VECTOR ( 'NONE', #510, 1000.000000000000000 ) ;
#783 = ORIENTED_EDGE ( 'NONE', *, *, #3147, .T. ) ;
#784 =( NAMED_UNIT ( * ) PLANE_ANGLE_UNIT ( ) SI_UNIT ( $, .RADIAN. ) );
#785 = PLANE ( 'NONE',  #1149 ) ;
#786 = LINE ( 'NONE', #192, #975 ) ;
#787 = EDGE_CURVE ( 'NONE', #1619, #2109, #1787, .T. ) ;
#788 = DIRECTION ( 'NONE',  ( 1, 0, 0 ) ) ;
#789 = ORIENTED_EDGE ( 'NONE', *, *, #753, .F. ) ;
#790 = CARTESIAN_POINT ( 'NONE',  ( 3.851000000000000400, 8.650000000000002100, -0.8050000000000000500 ) ) ;
#791 = DIRECTION ( 'NONE',  ( -1.390002785237827100E-016, 1.000000000000000000, -0.0000000000000000000 ) ) ;
#792 = VECTOR ( 'NONE', #2437, 1000.000000000000000 ) ;
#793 = LINE ( 'NONE', #2933, #872 ) ;
#794 = EDGE_CURVE ( 'NONE', #2486, #545, #603, .T. ) ;
#795 = CARTESIAN_POINT ( 'NONE',  ( 3.851000000000000400, 8.650000000000002100, -0.8050000000000000500 ) ) ;
#796 = ORIENTED_EDGE ( 'NONE', *, *, #34, .T. ) ;
#797 = ORIENTED_EDGE ( 'NONE', *, *, #682, .T. ) ;
#798 = CARTESIAN_POINT ( 'NONE',  ( 4.182, 0.8849999999999999, -1.15 ) ) ;
#799 = ORIENTED_EDGE ( 'NONE', *, *, #1555, .F. ) ;
#800 = DIRECTION ( 'NONE',  ( 0, 1, 0 ) ) ;
#801 = ORIENTED_EDGE ( 'NONE', *, *, #277, .T. ) ;
#802 = AXIS2_PLACEMENT_3D ( 'NONE', #2661, #1231, #1196 ) ;
#803 = DIRECTION ( 'NONE',  ( 0.0000000000000000000, -1.000000000000000000, 0.0000000000000000000 ) ) ;
#804 = ADVANCED_FACE ( 'NONE', ( #1711, #1968 ), #2313, .F. ) ;
#805 = ORIENTED_EDGE ( 'NONE', *, *, #940, .F. ) ;
#806 = DIRECTION ( 'NONE',  ( 0.0000000000000000000, 0.08715574274765851300, -0.9961946980917455500 ) ) ;
#807 = ORIENTED_EDGE ( 'NONE', *, *, #1508, .T. ) ;
#808 = CARTESIAN_POINT ( 'NONE',  ( 4.400999999999998900, 6.469999999999999800, -0.8050000000000000500 ) ) ;
#809 = ORIENTED_EDGE ( 'NONE', *, *, #1445, .F. ) ;
#810 = CARTESIAN_POINT ( 'NONE',  ( 4.182, 0.8849999999999999, 0 ) ) ;
#811 = EDGE_CURVE ( 'NONE', #2665, #3066, #2617, .T. ) ;
#812 = CARTESIAN_POINT ( 'NONE',  ( -0.6139999999999999900, 7.370000000000000100, -1.035000000000000100 ) ) ;
#813 = LINE ( 'NONE', #287, #151 ) ;
#814 = VECTOR ( 'NONE', #2147, 1000.000000000000000 ) ;
#815 = DIRECTION ( 'NONE',  ( 1, 0, 0 ) ) ;
#816 = EDGE_CURVE ( 'NONE', #643, #2407, #1404, .T. ) ;
#817 = VECTOR ( 'NONE', #295, 1000.000000000000000 ) ;
#818 = ADVANCED_FACE ( 'NONE', ( #2468 ), #163, .T. ) ;
#819 = ORIENTED_EDGE ( 'NONE', *, *, #2461, .F. ) ;
#820 = CARTESIAN_POINT ( 'NONE',  ( 0.2665711135040791, 0.8849999999999999, -4.3 ) ) ;
#821 = DIRECTION ( 'NONE',  ( -0.0000000000000000000, -0.0000000000000000000, 1.000000000000000000 ) ) ;
#822 = LINE ( 'NONE', #1770, #2685 ) ;
#823 = AXIS2_PLACEMENT_3D ( 'NONE', #2364, #910, #2822 ) ;
#824 = VECTOR ( 'NONE', #1631, 1000.000000000000000 ) ;
#825 = VERTEX_POINT ( 'NONE', #188 ) ;
#826 = DIRECTION ( 'NONE',  ( 0.0000000000000000000, 0.0000000000000000000, 1.000000000000000000 ) ) ;
#827 = CARTESIAN_POINT ( 'NONE',  ( -0.4400000000000003, 0.8849999999999999, -0.5499999999999998 ) ) ;
#828 = SURFACE_STYLE_FILL_AREA ( #490 ) ;
#829 = EDGE_CURVE ( 'NONE', #551, #678, #3098, .T. ) ;
#830 = LINE ( 'NONE', #2832, #1820 ) ;
#831 = ADVANCED_FACE ( 'NONE', ( #2546 ), #2422, .T. ) ;
#832 = PLANE ( 'NONE',  #2152 ) ;
#833 = VERTEX_POINT ( 'NONE', #441 ) ;
#834 = ORIENTED_EDGE ( 'NONE', *, *, #1915, .F. ) ;
#835 = ORIENTED_EDGE ( 'NONE', *, *, #1852, .T. ) ;
#836 = PLANE ( 'NONE',  #38 ) ;
#837 = ORIENTED_EDGE ( 'NONE', *, *, #2699, .F. ) ;
#838 = EDGE_LOOP ( 'NONE', ( #102, #2600, #1136, #2134, #1580 ) ) ;
#839 = ORIENTED_EDGE ( 'NONE', *, *, #398, .F. ) ;
#840 = PLANE ( 'NONE',  #762 ) ;
#841 = AXIS2_PLACEMENT_3D ( 'NONE', #1838, #1878, #950 ) ;
#842 = DIRECTION ( 'NONE',  ( 0, 0, 1 ) ) ;
#843 = PLANE ( 'NONE',  #243 ) ;
#844 = VERTEX_POINT ( 'NONE', #2634 ) ;
#845 = AXIS2_PLACEMENT_3D ( 'NONE', #1622, #2351, #918 ) ;
#846 = AXIS2_PLACEMENT_3D ( 'NONE', #1772, #2762, #2999 ) ;
#847 = ORIENTED_EDGE ( 'NONE', *, *, #2775, .T. ) ;
#848 = SURFACE_SIDE_STYLE ('',( #2495 ) ) ;
#849 = EDGE_CURVE ( 'NONE', #2605, #1645, #2384, .T. ) ;
#850 = CARTESIAN_POINT ( 'NONE',  ( -0.3790000000000000000, 7.370000000000001000, -0.8050000000000000500 ) ) ;
#851 = ADVANCED_FACE ( 'NONE', ( #900 ), #1951, .F. ) ;
#852 = FACE_OUTER_BOUND ( 'NONE', #2633, .T. ) ;
#853 = CARTESIAN_POINT ( 'NONE',  ( -0.4400000000000003, 0.8849999999999999, -1.15 ) ) ;
#854 = VERTEX_POINT ( 'NONE', #2400 ) ;
#855 = DIRECTION ( 'NONE',  ( 0.2588190451025212400, 0.9659258262890682000, 0.0000000000000000000 ) ) ;
#856 = PLANE ( 'NONE',  #237 ) ;
#857 = LINE ( 'NONE', #331, #84 ) ;
#858 = CARTESIAN_POINT ( 'NONE',  ( 2.785999999999999600, 6.919999999999999900, -0.8050000000000000500 ) ) ;
#859 = LINE ( 'NONE', #1484, #561 ) ;
#860 = FACE_OUTER_BOUND ( 'NONE', #838, .T. ) ;
#861 = VERTEX_POINT ( 'NONE', #2412 ) ;
#862 = VECTOR ( 'NONE', #3123, 1000.000000000000000 ) ;
#863 = VECTOR ( 'NONE', #901, 1000.000000000000000 ) ;
#864 = ORIENTED_EDGE ( 'NONE', *, *, #2714, .T. ) ;
#865 = CARTESIAN_POINT ( 'NONE',  ( -0.3790000000000000000, 8.355255888325766400, -1.335000000000000000 ) ) ;
#866 = VECTOR ( 'NONE', #173, 1000.000000000000000 ) ;
#867 = ORIENTED_EDGE ( 'NONE', *, *, #3087, .T. ) ;
#868 = EDGE_CURVE ( 'NONE', #2967, #2079, #1015, .T. ) ;
#869 = DIRECTION ( 'NONE',  ( 1.390002785237827100E-016, -1.000000000000000000, 0.0000000000000000000 ) ) ;
#870 = FACE_OUTER_BOUND ( 'NONE', #1834, .T. ) ;
#871 = ORIENTED_EDGE ( 'NONE', *, *, #476, .T. ) ;
#872 = VECTOR ( 'NONE', #970, 1000.000000000000000 ) ;
#873 = CARTESIAN_POINT ( 'NONE',  ( 5.585999999999999400, 7.215145065559113400, 0.9649999999999998600 ) ) ;
#874 = EDGE_LOOP ( 'NONE', ( #963, #875, #1247, #514 ) ) ;
#875 = ORIENTED_EDGE ( 'NONE', *, *, #1273, .T. ) ;
#876 = CARTESIAN_POINT ( 'NONE',  ( 4.962, 1.415, 0 ) ) ;
#877 = EDGE_CURVE ( 'NONE', #542, #6, #1818, .T. ) ;
#878 = ORIENTED_EDGE ( 'NONE', *, *, #333, .F. ) ;
#879 = VERTEX_POINT ( 'NONE', #966 ) ;
#880 = CARTESIAN_POINT ( 'NONE',  ( 1.335999999999999000, 6.919999999999999900, -0.8050000000000000500 ) ) ;
#881 = CARTESIAN_POINT ( 'NONE',  ( 2.785999999999999600, 7.370000000000001000, -1.335000000000000000 ) ) ;
#882 = ORIENTED_EDGE ( 'NONE', *, *, #1402, .T. ) ;
#883 = ORIENTED_EDGE ( 'NONE', *, *, #1938, .T. ) ;
#884 = DIRECTION ( 'NONE',  ( -1.000000000000000000, -1.390002785237827100E-016, 0.0000000000000000000 ) ) ;
#885 = AXIS2_PLACEMENT_3D ( 'NONE', #3084, #2830, #1376 ) ;
#886 = VECTOR ( 'NONE', #2687, 1000.000000000000000 ) ;
#887 = EDGE_CURVE ( 'NONE', #1751, #1623, #2517, .T. ) ;
#888 = ORIENTED_EDGE ( 'NONE', *, *, #2883, .T. ) ;
#889 = CARTESIAN_POINT ( 'NONE',  ( 2.785999999999999600, 6.469999999999998900, -0.8050000000000000500 ) ) ;
#890 = PLANE ( 'NONE',  #1399 ) ;
#891 = VECTOR ( 'NONE', #167, 1000.000000000000000 ) ;
#892 = LINE ( 'NONE', #414, #2510 ) ;
#893 = FACE_OUTER_BOUND ( 'NONE', #1983, .T. ) ;
#894 = CARTESIAN_POINT ( 'NONE',  ( 2.676, 1.415, -1.15 ) ) ;
#895 = VECTOR ( 'NONE', #791, 1000.000000000000000 ) ;
#896 = EDGE_CURVE ( 'NONE', #1465, #530, #1064, .T. ) ;
#897 = DIRECTION ( 'NONE',  ( 0, 0, 1 ) ) ;
#898 = ORIENTED_EDGE ( 'NONE', *, *, #2362, .T. ) ;
#899 = DIRECTION ( 'NONE',  ( 0.0000000000000000000, -1.000000000000000000, -0.0000000000000000000 ) ) ;
#900 = FACE_OUTER_BOUND ( 'NONE', #16, .T. ) ;
#901 = DIRECTION ( 'NONE',  ( 0, 0, -1 ) ) ;
#902 = LINE ( 'NONE', #2616, #2549 ) ;
#903 = EDGE_CURVE ( 'NONE', #825, #1759, #1203, .T. ) ;
#904 = DIRECTION ( 'NONE',  ( 0, 0, -1 ) ) ;
#905 = DIRECTION ( 'NONE',  ( 1, 0, 0 ) ) ;
#906 = CARTESIAN_POINT ( 'NONE',  ( 2.286000000000000000, 5.419999999999999000, 0.8649999999999987700 ) ) ;
#907 = ORIENTED_EDGE ( 'NONE', *, *, #375, .T. ) ;
#908 = DIRECTION ( 'NONE',  ( 0.0000000000000000000, -1.000000000000000000, 0.0000000000000000000 ) ) ;
#909 = ORIENTED_EDGE ( 'NONE', *, *, #2572, .F. ) ;
#910 = DIRECTION ( 'NONE',  ( 0.0000000000000000000, 0.0000000000000000000, -1.000000000000000000 ) ) ;
#911 = ADVANCED_FACE ( 'NONE', ( #491, #2991 ), #471, .F. ) ;
#912 = CARTESIAN_POINT ( 'NONE',  ( 0.3900000000000002, 1.415, 0 ) ) ;
#913 = PLANE ( 'NONE',  #2159 ) ;
#914 = EDGE_CURVE ( 'NONE', #1298, #1327, #2916, .T. ) ;
#915 = ORIENTED_EDGE ( 'NONE', *, *, #560, .T. ) ;
#916 = DIRECTION ( 'NONE',  ( 0, 1, 0 ) ) ;
#917 = EDGE_LOOP ( 'NONE', ( #1181, #2858, #1596, #2443 ) ) ;
#918 = DIRECTION ( 'NONE',  ( -1.000000000000000000, 0.0000000000000000000, 0.0000000000000000000 ) ) ;
#919 = ORIENTED_EDGE ( 'NONE', *, *, #753, .T. ) ;
#920 = DIRECTION ( 'NONE',  ( -1.000000000000000000, 0.0000000000000000000, 0.0000000000000000000 ) ) ;
#921 = ORIENTED_EDGE ( 'NONE', *, *, #2601, .F. ) ;
#922 = DIRECTION ( 'NONE',  ( 0, 1, 0 ) ) ;
#923 = CARTESIAN_POINT ( 'NONE',  ( 1.896, 0.8849999999999999, -0.5499999999999999 ) ) ;
#924 = PLANE ( 'NONE',  #3120 ) ;
#925 = EDGE_CURVE ( 'NONE', #1304, #542, #1568, .T. ) ;
#926 = DIRECTION ( 'NONE',  ( -1.000000000000000000, 0.0000000000000000000, 0.0000000000000000000 ) ) ;
#927 = VECTOR ( 'NONE', #2017, 1000.000000000000000 ) ;
#928 = ORIENTED_EDGE ( 'NONE', *, *, #2137, .T. ) ;
#929 = CARTESIAN_POINT ( 'NONE',  ( 1.785999999999999600, 6.919999999999999900, -0.8050000000000000500 ) ) ;
#930 = CARTESIAN_POINT ( 'NONE',  ( -0.02899999999999994600, 3.350000000000001900, -0.8050000000000000500 ) ) ;
#931 = VECTOR ( 'NONE', #1812, 1000.000000000000000 ) ;
#932 = LINE ( 'NONE', #1045, #1009 ) ;
#933 = EDGE_LOOP ( 'NONE', ( #2780, #2475, #635, #344 ) ) ;
#934 = DIRECTION ( 'NONE',  ( 0.9659258262890680900, 0.2588190451025212400, 0.0000000000000000000 ) ) ;
#935 = CARTESIAN_POINT ( 'NONE',  ( 5.585999999999999400, 6.969999999999998900, -1.035000000000001000 ) ) ;
#936 = LINE ( 'NONE', #1433, #862 ) ;
#937 = MANIFOLD_SOLID_BREP ( 'Body-Move/Copy1[2]', #2325 ) ;
#938 = FACE_OUTER_BOUND ( 'NONE', #1076, .T. ) ;
#939 = ORIENTED_EDGE ( 'NONE', *, *, #1881, .F. ) ;
#940 = EDGE_CURVE ( 'NONE', #2233, #1061, #1199, .T. ) ;
#941 = CARTESIAN_POINT ( 'NONE',  ( 5.585999999999999400, 7.370000000000000100, -0.8050000000000000500 ) ) ;
#942 = LINE ( 'NONE', #1227, #1326 ) ;
#943 = VERTEX_POINT ( 'NONE', #1942 ) ;
#944 = EDGE_CURVE ( 'NONE', #2386, #2279, #410, .T. ) ;
#945 = AXIS2_PLACEMENT_3D ( 'NONE', #2984, #2026, #2306 ) ;
#946 = EDGE_CURVE ( 'NONE', #2819, #397, #1131, .T. ) ;
#947 = LINE ( 'NONE', #962, #2013 ) ;
#948 = ORIENTED_EDGE ( 'NONE', *, *, #2640, .F. ) ;
#949 = ADVANCED_FACE ( 'NONE', ( #3064 ), #2219, .T. ) ;
#950 = DIRECTION ( 'NONE',  ( -1.000000000000000000, 0.0000000000000000000, 0.0000000000000000000 ) ) ;
#951 = VECTOR ( 'NONE', #2690, 1000.000000000000000 ) ;
#952 = VERTEX_POINT ( 'NONE', #25 ) ;
#953 = AXIS2_PLACEMENT_3D ( 'NONE', #720, #2663, #2419 ) ;
#954 = EDGE_CURVE ( 'NONE', #2165, #2901, #1781, .T. ) ;
#955 = CLOSED_SHELL ( 'NONE', ( #1190, #540, #1031, #1795, #133, #2286, #725, #118, #1916, #2244, #2097, #3104, #1825, #831, #2101, #704, #911, #1579, #771, #321, #1837 ) ) ;
#956 = CARTESIAN_POINT ( 'NONE',  ( 0.3899999999999997, 0.8849999999999999, -3.6 ) ) ;
#957 = VERTEX_POINT ( 'NONE', #263 ) ;
#958 = CARTESIAN_POINT ( 'NONE',  ( 5.585999999999999400, 7.370000000000000100, -1.335000000000000000 ) ) ;
#959 = AXIS2_PLACEMENT_3D ( 'NONE', #1993, #2455, #993 ) ;
#960 = ORIENTED_EDGE ( 'NONE', *, *, #196, .F. ) ;
#961 = ORIENTED_EDGE ( 'NONE', *, *, #1032, .T. ) ;
#962 = CARTESIAN_POINT ( 'NONE',  ( 5.012, 1.415, -0.5499999999999998 ) ) ;
#963 = ORIENTED_EDGE ( 'NONE', *, *, #246, .F. ) ;
#964 = ORIENTED_EDGE ( 'NONE', *, *, #1440, .F. ) ;
#965 = ORIENTED_EDGE ( 'NONE', *, *, #210, .F. ) ;
#966 = CARTESIAN_POINT ( 'NONE',  ( 2.676, 0.8849999999999999, 0 ) ) ;
#967 = DIRECTION ( 'NONE',  ( -1, 0, 0 ) ) ;
#968 = DIRECTION ( 'NONE',  ( 1, 0, 0 ) ) ;
#969 = FACE_OUTER_BOUND ( 'NONE', #917, .T. ) ;
#970 = DIRECTION ( 'NONE',  ( 1, 0, 0 ) ) ;
#971 = VECTOR ( 'NONE', #553, 1000.000000000000000 ) ;
#972 = ORIENTED_EDGE ( 'NONE', *, *, #2428, .F. ) ;
#973 = SURFACE_STYLE_USAGE ( .BOTH. , #732 ) ;
#974 = LINE ( 'NONE', #880, #1775 ) ;
#975 = VECTOR ( 'NONE', #1629, 1000.000000000000000 ) ;
#976 = CARTESIAN_POINT ( 'NONE',  ( 4.182, 0.8849999999999999, -1.15 ) ) ;
#977 = ORIENTED_EDGE ( 'NONE', *, *, #2292, .F. ) ;
#978 = EDGE_CURVE ( 'NONE', #1025, #2718, #2270, .T. ) ;
#979 = FACE_BOUND ( 'NONE', #1267, .T. ) ;
#980 = DIRECTION ( 'NONE',  ( 1, 0, 0 ) ) ;
#981 = CARTESIAN_POINT ( 'NONE',  ( 4.400999999999998900, 6.469999999999999800, -0.8050000000000000500 ) ) ;
#982 = LINE ( 'NONE', #3035, #1604 ) ;
#983 = AXIS2_PLACEMENT_3D ( 'NONE', #385, #1321, #2096 ) ;
#984 = DIRECTION ( 'NONE',  ( 0.1736481776669236, 0, 0.9848077530122092 ) ) ;
#985 = CARTESIAN_POINT ( 'NONE',  ( 0.3900000000000002, 1.415, 0.04636899166873998 ) ) ;
#986 = PLANE ( 'NONE',  #701 ) ;
#987 = ORIENTED_EDGE ( 'NONE', *, *, #1665, .F. ) ;
#988 = EDGE_LOOP ( 'NONE', ( #1494, #584, #3036, #878 ) ) ;
#989 = CARTESIAN_POINT ( 'NONE',  ( 4.600999999999999100, 6.469999999999998900, -0.8050000000000000500 ) ) ;
#990 = VERTEX_POINT ( 'NONE', #2926 ) ;
#991 = CARTESIAN_POINT ( 'NONE',  ( 1.896, 1.415, -1.15 ) ) ;
#992 = ORIENTED_EDGE ( 'NONE', *, *, #476, .F. ) ;
#993 = DIRECTION ( 'NONE',  ( -0.0000000000000000000, 0.0000000000000000000, 1.000000000000000000 ) ) ;
#994 = VERTEX_POINT ( 'NONE', #533 ) ;
#995 = CARTESIAN_POINT ( 'NONE',  ( -0.2665711135040791, 1.415, -4.3 ) ) ;
#996 = CARTESIAN_POINT ( 'NONE',  ( 5.585999999999999400, 6.969999999999998900, 0.0000000000000000000 ) ) ;
#997 = CARTESIAN_POINT ( 'NONE',  ( 0.1710000000000005700, 6.469999999999998900, -0.8050000000000000500 ) ) ;
#998 = ORIENTED_EDGE ( 'NONE', *, *, #3046, .T. ) ;
#999 = CARTESIAN_POINT ( 'NONE',  ( -1.003776649257301700, 6.969687835235022000, -0.8399268470719566400 ) ) ;
#1000 = AXIS2_PLACEMENT_3D ( 'NONE', #2451, #467, #1186 ) ;
#1001 = LINE ( 'NONE', #1278, #1769 ) ;
#1002 = DIRECTION ( 'NONE',  ( 1.000000000000000000, 0.0000000000000000000, 0.0000000000000000000 ) ) ;
#1003 = CARTESIAN_POINT ( 'NONE',  ( 1.785999999999999800, 7.370000000000001000, -0.8050000000000000500 ) ) ;
#1004 = CIRCLE ( 'NONE', #841, 0.4500000000000007300 ) ;
#1005 = ORIENTED_EDGE ( 'NONE', *, *, #1539, .F. ) ;
#1006 = CARTESIAN_POINT ( 'NONE',  ( 5.012, 0.8849999999999999, -0.5499999999999998 ) ) ;
#1007 = EDGE_CURVE ( 'NONE', #1074, #1872, #1931, .T. ) ;
#1008 = VECTOR ( 'NONE', #800, 1000.000000000000000 ) ;
#1009 = VECTOR ( 'NONE', #336, 1000.000000000000100 ) ;
#1010 = CARTESIAN_POINT ( 'NONE',  ( 5.585999999999999400, 7.370000000000000100, -0.8050000000000000500 ) ) ;
#1011 = VECTOR ( 'NONE', #3146, 1000.000000000000000 ) ;
#1012 = CYLINDRICAL_SURFACE ( 'NONE', #2213, 0.5000000000000004400 ) ;
#1013 = VERTEX_POINT ( 'NONE', #2942 ) ;
#1014 = CARTESIAN_POINT ( 'NONE',  ( 2.726, 0.8849999999999999, -1.15 ) ) ;
#1015 = LINE ( 'NONE', #737, #1097 ) ;
#1016 = ORIENTED_EDGE ( 'NONE', *, *, #2320, .F. ) ;
#1017 = EDGE_CURVE ( 'NONE', #2897, #2407, #2045, .T. ) ;
#1018 = DIRECTION ( 'NONE',  ( 0.0000000000000000000, 0.1736481776669307200, 0.9848077530122080200 ) ) ;
#1019 = ORIENTED_EDGE ( 'NONE', *, *, #352, .T. ) ;
#1020 = SURFACE_STYLE_USAGE ( .BOTH. , #1037 ) ;
#1021 = AXIS2_PLACEMENT_3D ( 'NONE', #2125, #1874, #697 ) ;
#1022 = FACE_OUTER_BOUND ( 'NONE', #217, .T. ) ;
#1023 = CARTESIAN_POINT ( 'NONE',  ( 0.3900000000000002, 0.8849999999999999, 0 ) ) ;
#1024 = PLANE ( 'NONE',  #2959 ) ;
#1025 = VERTEX_POINT ( 'NONE', #991 ) ;
#1026 = CARTESIAN_POINT ( 'NONE',  ( -0.4400000000000003, 1.415, -0.5499999999999998 ) ) ;
#1027 = VERTEX_POINT ( 'NONE', #554 ) ;
#1028 = ORIENTED_EDGE ( 'NONE', *, *, #2015, .T. ) ;
#1029 = PRESENTATION_LAYER_ASSIGNMENT (  '', '', ( #456 ) ) ;
#1030 = CARTESIAN_POINT ( 'NONE',  ( 4.400999999999998900, 7.370000000000000100, -0.8050000000000000500 ) ) ;
#1031 = ADVANCED_FACE ( 'NONE', ( #1442 ), #1223, .T. ) ;
#1032 = EDGE_CURVE ( 'NONE', #1827, #2861, #1885, .T. ) ;
#1033 = CARTESIAN_POINT ( 'NONE',  ( 2.552571113504079, 0.8849999999999999, -4.3 ) ) ;
#1034 = VERTEX_POINT ( 'NONE', #1528 ) ;
#1035 = PLANE ( 'NONE',  #1272 ) ;
#1036 = ORIENTED_EDGE ( 'NONE', *, *, #2826, .F. ) ;
#1037 = SURFACE_SIDE_STYLE ('',( #135 ) ) ;
#1038 = ORIENTED_EDGE ( 'NONE', *, *, #2699, .T. ) ;
#1039 = EDGE_CURVE ( 'NONE', #180, #2043, #1288, .T. ) ;
#1040 = CARTESIAN_POINT ( 'NONE',  ( -0.9281142874234485900, 1.120359101408970200, 0.6037970211963135100 ) ) ;
#1041 = CARTESIAN_POINT ( 'NONE',  ( 1.785999999999999600, 6.919999999999999900, -0.8050000000000000500 ) ) ;
#1042 = ORIENTED_EDGE ( 'NONE', *, *, #829, .T. ) ;
#1043 = ORIENTED_EDGE ( 'NONE', *, *, #1380, .F. ) ;
#1044 = EDGE_CURVE ( 'NONE', #451, #844, #1243, .T. ) ;
#1045 = CARTESIAN_POINT ( 'NONE',  ( -0.8919288199997704700, 1.331485756475124600, 1.294256871216939600 ) ) ;
#1046 = DIRECTION ( 'NONE',  ( 0.0000000000000000000, 0.0000000000000000000, -1.000000000000000000 ) ) ;
#1047 = LINE ( 'NONE', #1466, #2639 ) ;
#1048 = EDGE_CURVE ( 'NONE', #2215, #3156, #2988, .T. ) ;
#1049 = PLANE ( 'NONE',  #2070 ) ;
#1050 = VECTOR ( 'NONE', #1507, 1000.000000000000000 ) ;
#1051 = CARTESIAN_POINT ( 'NONE',  ( 1.896, 0.8849999999999999, -0.5499999999999999 ) ) ;
#1052 = VECTOR ( 'NONE', #1547, 1000.000000000000000 ) ;
#1053 = ORIENTED_EDGE ( 'NONE', *, *, #112, .F. ) ;
#1054 = CARTESIAN_POINT ( 'NONE',  ( 4.950999999999999600, 8.355255888325766400, -0.8050000000000000500 ) ) ;
#1055 = PLANE ( 'NONE',  #113 ) ;
#1056 = DIRECTION ( 'NONE',  ( 0.0000000000000000000, 0.0000000000000000000, -1.000000000000000000 ) ) ;
#1057 = VECTOR ( 'NONE', #2494, 1000.000000000000000 ) ;
#1058 = EDGE_CURVE ( 'NONE', #2401, #757, #488, .T. ) ;
#1059 = CARTESIAN_POINT ( 'NONE',  ( 5.585999999999999400, 6.969999999999998900, -1.335000000000000000 ) ) ;
#1060 = LINE ( 'NONE', #2789, #2581 ) ;
#1061 = VERTEX_POINT ( 'NONE', #2811 ) ;
#1062 = CARTESIAN_POINT ( 'NONE',  ( -0.3900000000000002, 0.8849999999999999, -0.5499999999999999 ) ) ;
#1063 = DIRECTION ( 'NONE',  ( -1.000000000000000000, -0.0000000000000000000, -0.0000000000000000000 ) ) ;
#1064 = LINE ( 'NONE', #1683, #3067 ) ;
#1065 = CARTESIAN_POINT ( 'NONE',  ( 4.838571113504079, 0.8849999999999999, -4.3 ) ) ;
#1066 = CARTESIAN_POINT ( 'NONE',  ( 4.600999999999999100, 6.469999999999998900, -0.8050000000000000500 ) ) ;
#1067 = EDGE_CURVE ( 'NONE', #2124, #1619, #1634, .T. ) ;
#1068 = ORIENTED_EDGE ( 'NONE', *, *, #2586, .F. ) ;
#1069 = DIRECTION ( 'NONE',  ( 1, 0, 0 ) ) ;
#1070 = VECTOR ( 'NONE', #2918, 1000.000000000000000 ) ;
#1071 = CARTESIAN_POINT ( 'NONE',  ( 4.400999999999998900, 6.469999999999999800, -1.335000000000000000 ) ) ;
#1072 = EDGE_CURVE ( 'NONE', #1796, #180, #2340, .T. ) ;
#1073 = CARTESIAN_POINT ( 'NONE',  ( 0.3900000000000002, 0.8849999999999999, -1.15 ) ) ;
#1074 = VERTEX_POINT ( 'NONE', #2091 ) ;
#1075 = ORIENTED_EDGE ( 'NONE', *, *, #816, .T. ) ;
#1076 = EDGE_LOOP ( 'NONE', ( #13, #1945, #1309, #1573 ) ) ;
#1077 = CARTESIAN_POINT ( 'NONE',  ( -1.014000000000000200, 0.0000000000000000000, 0.0000000000000000000 ) ) ;
#1078 = CARTESIAN_POINT ( 'NONE',  ( 5.481184441433931000, 1.149999999999999900, 0.9649999999999980800 ) ) ;
#1079 = ORIENTED_EDGE ( 'NONE', *, *, #2385, .F. ) ;
#1080 = ORIENTED_EDGE ( 'NONE', *, *, #2566, .T. ) ;
#1081 = ADVANCED_FACE ( 'NONE', ( #2689 ), #2802, .F. ) ;
#1082 = DIRECTION ( 'NONE',  ( 1, 0, 0 ) ) ;
#1083 = ORIENTED_EDGE ( 'NONE', *, *, #555, .F. ) ;
#1084 = CIRCLE ( 'NONE', #114, 0.4500000000000007300 ) ;
#1085 = EDGE_CURVE ( 'NONE', #1298, #1465, #3141, .T. ) ;
#1086 = CARTESIAN_POINT ( 'NONE',  ( 5.454694928016843700, 6.838453412897034200, 0.9649999999999997500 ) ) ;
#1087 = LINE ( 'NONE', #2294, #1234 ) ;
#1088 = ORIENTED_EDGE ( 'NONE', *, *, #1387, .T. ) ;
#1089 = DIRECTION ( 'NONE',  ( 0, 1, 0 ) ) ;
#1090 = VECTOR ( 'NONE', #980, 1000.000000000000000 ) ;
#1091 = LINE ( 'NONE', #2474, #438 ) ;
#1092 = VECTOR ( 'NONE', #3061, 1000.000000000000000 ) ;
#1093 = DIRECTION ( 'NONE',  ( 0, 0, 1 ) ) ;
#1094 = FACE_OUTER_BOUND ( 'NONE', #2421, .T. ) ;
#1095 = SURFACE_STYLE_USAGE ( .BOTH. , #848 ) ;
#1096 = STYLED_ITEM ( 'NONE', ( #2902 ), #2960 ) ;
#1097 = VECTOR ( 'NONE', #2169, 1000.000000000000000 ) ;
#1098 = ORIENTED_EDGE ( 'NONE', *, *, #585, .T. ) ;
#1099 = DIRECTION ( 'NONE',  ( 0, 0, 1 ) ) ;
#1100 = ORIENTED_EDGE ( 'NONE', *, *, #1184, .F. ) ;
#1101 = VECTOR ( 'NONE', #2951, 1000.000000000000000 ) ;
#1102 = ORIENTED_EDGE ( 'NONE', *, *, #68, .F. ) ;
#1103 = DIRECTION ( 'NONE',  ( 0.0000000000000000000, 0.0000000000000000000, -1.000000000000000000 ) ) ;
#1104 = EDGE_CURVE ( 'NONE', #1576, #1817, #1060, .T. ) ;
#1105 = VERTEX_POINT ( 'NONE', #2457 ) ;
#1106 = EDGE_LOOP ( 'NONE', ( #1880, #228, #2824, #1798, #708 ) ) ;
#1107 = ORIENTED_EDGE ( 'NONE', *, *, #2566, .F. ) ;
#1108 = ADVANCED_FACE ( 'NONE', ( #1564 ), #1049, .F. ) ;
#1109 = EDGE_CURVE ( 'NONE', #2279, #2739, #2846, .T. ) ;
#1110 = AXIS2_PLACEMENT_3D ( 'NONE', #3106, #447, #3125 ) ;
#1111 = CARTESIAN_POINT ( 'NONE',  ( 0.4400000000000003, 1.415, -1.15 ) ) ;
#1112 = CARTESIAN_POINT ( 'NONE',  ( 5.185999999999997300, 7.370000000000000100, -1.335000000000000000 ) ) ;
#1113 = ORIENTED_EDGE ( 'NONE', *, *, #361, .T. ) ;
#1114 = DIRECTION ( 'NONE',  ( -1.000000000000000000, 0.0000000000000000000, 0.0000000000000000000 ) ) ;
#1115 = VERTEX_POINT ( 'NONE', #1205 ) ;
#1116 = ORIENTED_EDGE ( 'NONE', *, *, #3046, .F. ) ;
#1117 = ORIENTED_EDGE ( 'NONE', *, *, #1500, .F. ) ;
#1118 = UNCERTAINTY_MEASURE_WITH_UNIT (LENGTH_MEASURE( 1.000000000000000100E-005 ), #2695, 'distance_accuracy_value', 'NONE');
#1119 = DIRECTION ( 'NONE',  ( -1.000000000000000000, -0.0000000000000000000, -0.0000000000000000000 ) ) ;
#1120 = VECTOR ( 'NONE', #967, 1000.000000000000000 ) ;
#1121 = EDGE_CURVE ( 'NONE', #2819, #2401, #2514, .T. ) ;
#1122 = PRODUCT_DEFINITION_CONTEXT ( 'detailed design', #2990, 'design' ) ;
#1123 = DIRECTION ( 'NONE',  ( 0.0000000000000000000, 1.000000000000000000, 0.0000000000000000000 ) ) ;
#1124 = LINE ( 'NONE', #812, #1959 ) ;
#1125 = VERTEX_POINT ( 'NONE', #2322 ) ;
#1126 = DIRECTION ( 'NONE',  ( 0.0000000000000000000, -1.000000000000000000, 0.0000000000000000000 ) ) ;
#1127 = CARTESIAN_POINT ( 'NONE',  ( 5.012, 0.8849999999999999, -1.15 ) ) ;
#1128 = FACE_OUTER_BOUND ( 'NONE', #2748, .T. ) ;
#1129 = CARTESIAN_POINT ( 'NONE',  ( 5.012, 0.8849999999999999, -1.15 ) ) ;
#1130 = AXIS2_PLACEMENT_3D ( 'NONE', #1666, #2645, #1888 ) ;
#1131 = LINE ( 'NONE', #12, #895 ) ;
#1132 = ORIENTED_EDGE ( 'NONE', *, *, #2659, .F. ) ;
#1133 = PLANE ( 'NONE',  #1836 ) ;
#1134 = VECTOR ( 'NONE', #100, 1000.000000000000000 ) ;
#1135 = LINE ( 'NONE', #755, #1174 ) ;
#1136 = ORIENTED_EDGE ( 'NONE', *, *, #3109, .F. ) ;
#1137 = ADVANCED_FACE ( 'NONE', ( #1708 ), #626, .T. ) ;
#1138 = VECTOR ( 'NONE', #2957, 1000.000000000000000 ) ;
#1139 = EDGE_LOOP ( 'NONE', ( #1932, #1868, #1824, #1501 ) ) ;
#1140 = ORIENTED_EDGE ( 'NONE', *, *, #440, .T. ) ;
#1141 = DIRECTION ( 'NONE',  ( 1.390002785237827100E-016, -1.000000000000000000, 0.0000000000000000000 ) ) ;
#1142 = ORIENTED_EDGE ( 'NONE', *, *, #440, .F. ) ;
#1143 = EDGE_LOOP ( 'NONE', ( #3108, #2594, #662, #3121, #108, #439, #1833, #3083, #3138, #2180, #1862, #2664, #395, #21 ) ) ;
#1144 = PRODUCT ( 'TSM680P06CH X0G', 'TSM680P06CH X0G', '', ( #2751 ) ) ;
#1145 = PLANE ( 'NONE',  #506 ) ;
#1146 = PLANE ( 'NONE',  #1710 ) ;
#1147 = CARTESIAN_POINT ( 'NONE',  ( 5.517869886932055000, 1.149999999999999900, 0.2650000000000000100 ) ) ;
#1148 = ORIENTED_EDGE ( 'NONE', *, *, #669, .T. ) ;
#1149 = AXIS2_PLACEMENT_3D ( 'NONE', #2254, #2011, #1994 ) ;
#1150 = ORIENTED_EDGE ( 'NONE', *, *, #730, .T. ) ;
#1151 = DIRECTION ( 'NONE',  ( 0, 1, 0 ) ) ;
#1152 = ADVANCED_FACE ( 'NONE', ( #2771 ), #836, .F. ) ;
#1153 = AXIS2_PLACEMENT_3D ( 'NONE', #1890, #2348, #1638 ) ;
#1154 = LINE ( 'NONE', #2200, #1696 ) ;
#1155 = PLANE ( 'NONE',  #2029 ) ;
#1156 = DIRECTION ( 'NONE',  ( 1.000000000000000000, 0.0000000000000000000, 0.0000000000000000000 ) ) ;
#1157 = CYLINDRICAL_SURFACE ( 'NONE', #945, 0.4500000000000007300 ) ;
#1158 = ORIENTED_EDGE ( 'NONE', *, *, #756, .T. ) ;
#1159 = CARTESIAN_POINT ( 'NONE',  ( 4.182, 0.8849999999999999, 0 ) ) ;
#1160 = LINE ( 'NONE', #2018, #743 ) ;
#1161 = CARTESIAN_POINT ( 'NONE',  ( 0.4400000000000001, 0.8849999999999999, -0.5499999999999998 ) ) ;
#1162 = CIRCLE ( 'NONE', #1000, 0.4500000000000007300 ) ;
#1163 = ORIENTED_EDGE ( 'NONE', *, *, #682, .F. ) ;
#1164 = LINE ( 'NONE', #2674, #527 ) ;
#1165 = AXIS2_PLACEMENT_3D ( 'NONE', #1521, #1995, #549 ) ;
#1166 = VECTOR ( 'NONE', #1984, 1000.000000000000000 ) ;
#1167 = ADVANCED_FACE ( 'NONE', ( #2912 ), #605, .F. ) ;
#1168 = VECTOR ( 'NONE', #1345, 1000.000000000000000 ) ;
#1169 = DIRECTION ( 'NONE',  ( 1, 0, 0 ) ) ;
#1170 = EDGE_LOOP ( 'NONE', ( #2529, #2470, #964, #2624, #119 ) ) ;
#1171 = AXIS2_PLACEMENT_3D ( 'NONE', #1643, #396, #1141 ) ;
#1172 = LINE ( 'NONE', #889, #1368 ) ;
#1173 = EDGE_CURVE ( 'NONE', #187, #833, #677, .T. ) ;
#1174 = VECTOR ( 'NONE', #2460, 1000.000000000000000 ) ;
#1175 = EDGE_LOOP ( 'NONE', ( #155, #411, #1132, #1452, #1028 ) ) ;
#1176 = ORIENTED_EDGE ( 'NONE', *, *, #2409, .F. ) ;
#1177 = EDGE_LOOP ( 'NONE', ( #186, #2263, #350, #1975, #465, #1674, #2707, #3031, #1676, #1773, #965, #1493, #1265, #2394 ) ) ;
#1178 = ADVANCED_FACE ( 'NONE', ( #1400 ), #2571, .F. ) ;
#1179 = ORIENTED_EDGE ( 'NONE', *, *, #2848, .F. ) ;
#1180 = DIRECTION ( 'NONE',  ( -1.000000000000000000, 0.0000000000000000000, 0.0000000000000000000 ) ) ;
#1181 = ORIENTED_EDGE ( 'NONE', *, *, #1456, .T. ) ;
#1182 = DIRECTION ( 'NONE',  ( 0, 1, 0 ) ) ;
#1183 = CARTESIAN_POINT ( 'NONE',  ( 2.552571113504079, 1.415, -4.3 ) ) ;
#1184 = EDGE_CURVE ( 'NONE', #3066, #1013, #2164, .T. ) ;
#1185 = COLOUR_RGB ( '',0.7921568627450980000, 0.8196078431372548800, 0.9333333333333333500 ) ;
#1186 = DIRECTION ( 'NONE',  ( -1.000000000000000000, 0.0000000000000000000, 0.0000000000000000000 ) ) ;
#1187 = VECTOR ( 'NONE', #1427, 1000.000000000000000 ) ;
#1188 = VECTOR ( 'NONE', #2511, 1000.000000000000000 ) ;
#1189 = CARTESIAN_POINT ( 'NONE',  ( 0.4400000000000003, 1.415, -1.15 ) ) ;
#1190 = ADVANCED_FACE ( 'NONE', ( #2731 ), #408, .F. ) ;
#1191 = VECTOR ( 'NONE', #1492, 1000.000000000000000 ) ;
#1192 = FACE_OUTER_BOUND ( 'NONE', #419, .T. ) ;
#1193 = VERTEX_POINT ( 'NONE', #1161 ) ;
#1194 = LINE ( 'NONE', #2433, #1926 ) ;
#1195 = LINE ( 'NONE', #1474, #567 ) ;
#1196 = DIRECTION ( 'NONE',  ( -1.000000000000000000, 0.0000000000000000000, 0.0000000000000000000 ) ) ;
#1197 = EDGE_CURVE ( 'NONE', #3001, #2825, #2806, .T. ) ;
#1198 = CARTESIAN_POINT ( 'NONE',  ( -0.6014014393339933700, 7.370000000000000100, -0.8050000000000000500 ) ) ;
#1199 = LINE ( 'NONE', #1992, #1967 ) ;
#1200 = DIRECTION ( 'NONE',  ( -1, 0, 0 ) ) ;
#1201 = ORIENTED_EDGE ( 'NONE', *, *, #779, .T. ) ;
#1202 = EDGE_CURVE ( 'NONE', #656, #542, #2082, .T. ) ;
#1203 = CIRCLE ( 'NONE', #2007, 0.5000000000000004400 ) ;
#1204 = ORIENTED_EDGE ( 'NONE', *, *, #1279, .T. ) ;
#1205 = CARTESIAN_POINT ( 'NONE',  ( 5.481184441433931000, 1.273428886495925300, 0.9649999999999980800 ) ) ;
#1206 = VECTOR ( 'NONE', #2509, 1000.000000000000000 ) ;
#1207 = EDGE_LOOP ( 'NONE', ( #909, #1383, #2435, #609 ) ) ;
#1208 = AXIS2_PLACEMENT_3D ( 'NONE', #736, #2881, #1018 ) ;
#1209 = DIRECTION ( 'NONE',  ( 0.1736481776669236, 0, -0.9848077530122092 ) ) ;
#1210 = EDGE_CURVE ( 'NONE', #1827, #1469, #1561, .T. ) ;
#1211 = VECTOR ( 'NONE', #1707, 1000.000000000000000 ) ;
#1212 = CARTESIAN_POINT ( 'NONE',  ( -0.8826949280168442400, 6.838453412897034200, 0.9649999999999998600 ) ) ;
#1213 = ORIENTED_EDGE ( 'NONE', *, *, #590, .F. ) ;
#1214 = DIRECTION ( 'NONE',  ( -1.000000000000000000, 4.336808689942016200E-015, 0.0000000000000000000 ) ) ;
#1215 = ORIENTED_EDGE ( 'NONE', *, *, #1359, .T. ) ;
#1216 = ORIENTED_EDGE ( 'NONE', *, *, #391, .T. ) ;
#1217 = DIRECTION ( 'NONE',  ( 0.0000000000000000000, 0.0000000000000000000, -1.000000000000000000 ) ) ;
#1218 = ORIENTED_EDGE ( 'NONE', *, *, #1955, .T. ) ;
#1219 = VERTEX_POINT ( 'NONE', #1662 ) ;
#1220 = ORIENTED_EDGE ( 'NONE', *, *, #2413, .T. ) ;
#1221 = ORIENTED_EDGE ( 'NONE', *, *, #2339, .F. ) ;
#1222 = CARTESIAN_POINT ( 'NONE',  ( 2.726, 0.8849999999999999, -1.15 ) ) ;
#1223 = PLANE ( 'NONE',  #97 ) ;
#1224 = EDGE_CURVE ( 'NONE', #2182, #2109, #1740, .T. ) ;
#1225 = CARTESIAN_POINT ( 'NONE',  ( 4.400999999999998900, 7.370000000000000100, -0.8050000000000000500 ) ) ;
#1226 = DIRECTION ( 'NONE',  ( 0, 0, 1 ) ) ;
#1227 = CARTESIAN_POINT ( 'NONE',  ( 2.785999999999999600, 7.370000000000001000, -0.8050000000000000500 ) ) ;
#1228 = CARTESIAN_POINT ( 'NONE',  ( -0.3900000000000002, 0.8849999999999999, 0 ) ) ;
#1229 = AXIS2_PLACEMENT_3D ( 'NONE', #2360, #905, #3090 ) ;
#1230 = LINE ( 'NONE', #985, #1120 ) ;
#1231 = DIRECTION ( 'NONE',  ( 0.0000000000000000000, 0.0000000000000000000, -1.000000000000000000 ) ) ;
#1232 = CARTESIAN_POINT ( 'NONE',  ( 5.585999999999999400, 7.370000000000000100, -1.335000000000000000 ) ) ;
#1233 = CARTESIAN_POINT ( 'NONE',  ( 0.3899999999999997, 0.8849999999999999, -3.6 ) ) ;
#1234 = VECTOR ( 'NONE', #842, 1000.000000000000000 ) ;
#1235 = CARTESIAN_POINT ( 'NONE',  ( 1.896, 1.415, -1.15 ) ) ;
#1236 = LINE ( 'NONE', #138, #121 ) ;
#1237 = CARTESIAN_POINT ( 'NONE',  ( 5.585999999999999400, 1.273428886495925600, 0.9649999999999990800 ) ) ;
#1238 = LINE ( 'NONE', #2787, #279 ) ;
#1239 = CARTESIAN_POINT ( 'NONE',  ( 3.851000000000000400, 8.650000000000002100, -1.335000000000000000 ) ) ;
#1240 =( NAMED_UNIT ( * ) SI_UNIT ( $, .STERADIAN. ) SOLID_ANGLE_UNIT ( ) );
#1241 = DIRECTION ( 'NONE',  ( 1, 0, 0 ) ) ;
#1242 = CARTESIAN_POINT ( 'NONE',  ( 4.600999999999999100, 6.469999999999998900, -0.8050000000000000500 ) ) ;
#1243 = LINE ( 'NONE', #2477, #569 ) ;
#1244 = ORIENTED_EDGE ( 'NONE', *, *, #774, .F. ) ;
#1245 = CARTESIAN_POINT ( 'NONE',  ( 0.3900000000000002, 1.415, 0.04636899166873998 ) ) ;
#1246 = LINE ( 'NONE', #1066, #14 ) ;
#1247 = ORIENTED_EDGE ( 'NONE', *, *, #2051, .T. ) ;
#1248 = CARTESIAN_POINT ( 'NONE',  ( 4.950999999999999600, 7.370000000000000100, -1.335000000000000000 ) ) ;
#1249 = PLANE ( 'NONE',  #2542 ) ;
#1250 =( NAMED_UNIT ( * ) PLANE_ANGLE_UNIT ( ) SI_UNIT ( $, .RADIAN. ) );
#1251 = VECTOR ( 'NONE', #2667, 1000.000000000000100 ) ;
#1252 = ORIENTED_EDGE ( 'NONE', *, *, #2362, .F. ) ;
#1253 = AXIS2_PLACEMENT_3D ( 'NONE', #1436, #699, #1200 ) ;
#1254 = FILL_AREA_STYLE ('',( #2956 ) ) ;
#1255 = LINE ( 'NONE', #259, #2392 ) ;
#1256 = CARTESIAN_POINT ( 'NONE',  ( -0.4400000000000003, 0.8849999999999999, -1.15 ) ) ;
#1257 = ORIENTED_EDGE ( 'NONE', *, *, #489, .F. ) ;
#1258 = ORIENTED_EDGE ( 'NONE', *, *, #2328, .F. ) ;
#1259 = ORIENTED_EDGE ( 'NONE', *, *, #1085, .F. ) ;
#1260 = DIRECTION ( 'NONE',  ( 0, 0, -1 ) ) ;
#1261 = DIRECTION ( 'NONE',  ( 0, 1, 0 ) ) ;
#1262 = ORIENTED_EDGE ( 'NONE', *, *, #83, .F. ) ;
#1263 = EDGE_LOOP ( 'NONE', ( #2643, #1715, #2403, #73 ) ) ;
#1264 = DIRECTION ( 'NONE',  ( -1.000000000000000000, -0.0000000000000000000, -0.0000000000000000000 ) ) ;
#1265 = ORIENTED_EDGE ( 'NONE', *, *, #404, .T. ) ;
#1266 = CARTESIAN_POINT ( 'NONE',  ( 2.286, 0.8849999999999999, -1.15 ) ) ;
#1267 = EDGE_LOOP ( 'NONE', ( #1150, #1287, #3102, #1792, #1313 ) ) ;
#1268 = EDGE_CURVE ( 'NONE', #2525, #665, #2380, .T. ) ;
#1269 =( LENGTH_UNIT ( ) NAMED_UNIT ( * ) SI_UNIT ( .MILLI., .METRE. ) );
#1270 = CARTESIAN_POINT ( 'NONE',  ( 4.950999999999999600, 7.370000000000000100, -0.8050000000000000500 ) ) ;
#1271 = DIRECTION ( 'NONE',  ( 0.05233595624293724300, 0.0000000000000000000, 0.9986295347545742800 ) ) ;
#1272 = AXIS2_PLACEMENT_3D ( 'NONE', #1266, #2744, #67 ) ;
#1273 = EDGE_CURVE ( 'NONE', #2723, #2333, #974, .T. ) ;
#1274 = VECTOR ( 'NONE', #338, 1000.000000000000100 ) ;
#1275 = FACE_OUTER_BOUND ( 'NONE', #455, .T. ) ;
#1276 = CARTESIAN_POINT ( 'NONE',  ( -0.02900000000000038000, 6.469999999999999800, -1.335000000000000000 ) ) ;
#1277 = LINE ( 'NONE', #766, #702 ) ;
#1278 = CARTESIAN_POINT ( 'NONE',  ( 4.950999999999999600, 8.355255888325766400, -0.8050000000000000500 ) ) ;
#1279 = EDGE_CURVE ( 'NONE', #1721, #678, #2726, .T. ) ;
#1280 = VECTOR ( 'NONE', #758, 1000.000000000000000 ) ;
#1281 = LINE ( 'NONE', #1391, #2121 ) ;
#1282 = ORIENTED_EDGE ( 'NONE', *, *, #1007, .T. ) ;
#1283 = CARTESIAN_POINT ( 'NONE',  ( -0.3790000000000000000, 7.370000000000001000, -0.8050000000000000500 ) ) ;
#1284 = CARTESIAN_POINT ( 'NONE',  ( 0.3900000000000002, 1.415, -0.5499999999999999 ) ) ;
#1285 = FACE_OUTER_BOUND ( 'NONE', #1339, .T. ) ;
#1286 = VECTOR ( 'NONE', #1904, 1000.000000000000000 ) ;
#1287 = ORIENTED_EDGE ( 'NONE', *, *, #485, .T. ) ;
#1288 = LINE ( 'NONE', #1026, #206 ) ;
#1289 = VERTEX_POINT ( 'NONE', #3072 ) ;
#1290 = CARTESIAN_POINT ( 'NONE',  ( 4.132, 0.8849999999999999, -0.5499999999999998 ) ) ;
#1291 = EDGE_CURVE ( 'NONE', #3160, #1742, #442, .T. ) ;
#1292 = PLANE ( 'NONE',  #457 ) ;
#1293 = LINE ( 'NONE', #2056, #1677 ) ;
#1294 = ORIENTED_EDGE ( 'NONE', *, *, #129, .F. ) ;
#1295 = EDGE_CURVE ( 'NONE', #879, #1219, #892, .T. ) ;
#1296 = FACE_OUTER_BOUND ( 'NONE', #2668, .T. ) ;
#1297 = CARTESIAN_POINT ( 'NONE',  ( 5.585999999999999400, 1.149999999999999900, -1.035000000000001000 ) ) ;
#1298 = VERTEX_POINT ( 'NONE', #3082 ) ;
#1299 = ORIENTED_EDGE ( 'NONE', *, *, #2450, .T. ) ;
#1300 = DIRECTION ( 'NONE',  ( 0, 1, 0 ) ) ;
#1301 = DIRECTION ( 'NONE',  ( -1.000000000000000000, -0.0000000000000000000, -0.0000000000000000000 ) ) ;
#1302 = ADVANCED_FACE ( 'NONE', ( #1598 ), #659, .F. ) ;
#1303 = ORIENTED_EDGE ( 'NONE', *, *, #2479, .F. ) ;
#1304 = VERTEX_POINT ( 'NONE', #668 ) ;
#1305 = EDGE_LOOP ( 'NONE', ( #492, #1375, #693, #2556 ) ) ;
#1306 = CARTESIAN_POINT ( 'NONE',  ( -0.02900000000000038000, 6.469999999999999800, -0.8050000000000000500 ) ) ;
#1307 = DIRECTION ( 'NONE',  ( -0.0000000000000000000, -0.0000000000000000000, -1.000000000000000000 ) ) ;
#1308 = CARTESIAN_POINT ( 'NONE',  ( 2.726, 1.415, -0.5499999999999998 ) ) ;
#1309 = ORIENTED_EDGE ( 'NONE', *, *, #1955, .F. ) ;
#1310 = EDGE_CURVE ( 'NONE', #1913, #2233, #202, .T. ) ;
#1311 =( GEOMETRIC_REPRESENTATION_CONTEXT ( 3 ) GLOBAL_UNCERTAINTY_ASSIGNED_CONTEXT ( ( #1782 ) ) GLOBAL_UNIT_ASSIGNED_CONTEXT ( ( #1519, #784, #1240 ) ) REPRESENTATION_CONTEXT ( 'NONE', 'WORKASPACE' ) );
#1312 = CARTESIAN_POINT ( 'NONE',  ( 4.132, 0.8849999999999999, -1.15 ) ) ;
#1313 = ORIENTED_EDGE ( 'NONE', *, *, #2095, .T. ) ;
#1314 = VECTOR ( 'NONE', #2614, 1000.000000000000000 ) ;
#1315 = PLANE ( 'NONE',  #622 ) ;
#1316 = ADVANCED_FACE ( 'NONE', ( #326 ), #3158, .T. ) ;
#1317 = AXIS2_PLACEMENT_3D ( 'NONE', #858, #1103, #926 ) ;
#1318 = DIRECTION ( 'NONE',  ( 0.0000000000000000000, 0.0000000000000000000, -1.000000000000000000 ) ) ;
#1319 = VECTOR ( 'NONE', #1307, 1000.000000000000000 ) ;
#1320 = APPLICATION_PROTOCOL_DEFINITION ( 'draft international standard', 'automotive_design', 1998, #75 ) ;
#1321 = DIRECTION ( 'NONE',  ( 0.0000000000000000000, 1.000000000000000000, 0.0000000000000000000 ) ) ;
#1322 = LINE ( 'NONE', #1713, #1595 ) ;
#1323 = LINE ( 'NONE', #790, #1700 ) ;
#1324 = CARTESIAN_POINT ( 'NONE',  ( 0.3900000000000002, 1.415, -1.15 ) ) ;
#1325 = CARTESIAN_POINT ( 'NONE',  ( -0.02899999999999994600, 3.350000000000001900, -0.8050000000000000500 ) ) ;
#1326 = VECTOR ( 'NONE', #2201, 1000.000000000000000 ) ;
#1327 = VERTEX_POINT ( 'NONE', #2632 ) ;
#1328 = CARTESIAN_POINT ( 'NONE',  ( 4.400999999999998900, 7.370000000000000100, -0.8050000000000000500 ) ) ;
#1329 = LINE ( 'NONE', #2678, #529 ) ;
#1330 =( NAMED_UNIT ( * ) PLANE_ANGLE_UNIT ( ) SI_UNIT ( $, .RADIAN. ) );
#1331 = ADVANCED_FACE ( 'NONE', ( #2338 ), #2398, .F. ) ;
#1332 = EDGE_CURVE ( 'NONE', #990, #2486, #125, .T. ) ;
#1333 = VERTEX_POINT ( 'NONE', #1461 ) ;
#1334 = VECTOR ( 'NONE', #2733, 1000.000000000000000 ) ;
#1335 = EDGE_LOOP ( 'NONE', ( #570, #2480, #600, #96 ) ) ;
#1336 = CARTESIAN_POINT ( 'NONE',  ( 1.785999999999999600, 6.919999999999999900, -0.8050000000000000500 ) ) ;
#1337 = ADVANCED_FACE ( 'NONE', ( #2193 ), #1895, .F. ) ;
#1338 = DIRECTION ( 'NONE',  ( 0.0000000000000000000, -0.08715574274765830500, 0.9961946980917455500 ) ) ;
#1339 = EDGE_LOOP ( 'NONE', ( #2359, #658, #1750, #2113 ) ) ;
#1340 = CARTESIAN_POINT ( 'NONE',  ( 4.600999999999999100, 6.469999999999998900, -0.8050000000000000500 ) ) ;
#1341 = ORIENTED_EDGE ( 'NONE', *, *, #255, .T. ) ;
#1342 = EDGE_LOOP ( 'NONE', ( #72, #1083, #384, #1221, #921, #2609, #2248, #1259, #2551, #2204, #2064, #948, #2022, #2058 ) ) ;
#1343 = CARTESIAN_POINT ( 'NONE',  ( 4.962, 0.8849999999999999, -0.5499999999999999 ) ) ;
#1344 = CARTESIAN_POINT ( 'NONE',  ( 4.962, 0.8849999999999999, 0 ) ) ;
#1345 = DIRECTION ( 'NONE',  ( -1, 0, 0 ) ) ;
#1346 = CARTESIAN_POINT ( 'NONE',  ( 2.676, 1.415, 0.04636899166873998 ) ) ;
#1347 = ORIENTED_EDGE ( 'NONE', *, *, #466, .T. ) ;
#1348 = ORIENTED_EDGE ( 'NONE', *, *, #68, .T. ) ;
#1349 = ORIENTED_EDGE ( 'NONE', *, *, #816, .F. ) ;
#1350 = DIRECTION ( 'NONE',  ( -1.000000000000000000, 0.0000000000000000000, 0.0000000000000000000 ) ) ;
#1351 = PLANE ( 'NONE',  #3134 ) ;
#1352 = FACE_OUTER_BOUND ( 'NONE', #591, .T. ) ;
#1353 = DIRECTION ( 'NONE',  ( 0, 1, 0 ) ) ;
#1354 = DIRECTION ( 'NONE',  ( -1.000000000000000000, -0.0000000000000000000, -0.0000000000000000000 ) ) ;
#1355 = DIRECTION ( 'NONE',  ( 1, 0, 0 ) ) ;
#1356 = LINE ( 'NONE', #2069, #2611 ) ;
#1357 = LINE ( 'NONE', #184, #1844 ) ;
#1358 = ORIENTED_EDGE ( 'NONE', *, *, #1058, .F. ) ;
#1359 = EDGE_CURVE ( 'NONE', #2192, #2142, #238, .T. ) ;
#1360 = VECTOR ( 'NONE', #984, 1000.000000000000100 ) ;
#1361 = ORIENTED_EDGE ( 'NONE', *, *, #1764, .F. ) ;
#1362 = CARTESIAN_POINT ( 'NONE',  ( 0.3899999999999997, 1.415, -3.6 ) ) ;
#1363 = VECTOR ( 'NONE', #2230, 999.9999999999998900 ) ;
#1364 = EDGE_CURVE ( 'NONE', #1333, #2827, #1164, .T. ) ;
#1365 = DIRECTION ( 'NONE',  ( 0, 1, 0 ) ) ;
#1366 = ORIENTED_EDGE ( 'NONE', *, *, #2485, .F. ) ;
#1367 = ADVANCED_FACE ( 'NONE', ( #2576 ), #924, .F. ) ;
#1368 = VECTOR ( 'NONE', #631, 1000.000000000000000 ) ;
#1369 = CARTESIAN_POINT ( 'NONE',  ( -0.4400000000000003, 0.8849999999999999, -0.5499999999999998 ) ) ;
#1370 = LINE ( 'NONE', #2195, #2887 ) ;
#1371 = EDGE_LOOP ( 'NONE', ( #372, #2963, #204, #2427 ) ) ;
#1372 = EDGE_CURVE ( 'NONE', #761, #2575, #1703, .T. ) ;
#1373 = LINE ( 'NONE', #3118, #69 ) ;
#1374 = CARTESIAN_POINT ( 'NONE',  ( 2.286, 1.415, -1.15 ) ) ;
#1375 = ORIENTED_EDGE ( 'NONE', *, *, #1656, .F. ) ;
#1376 = DIRECTION ( 'NONE',  ( -1.000000000000000000, 4.336808689942016200E-015, 0.0000000000000000000 ) ) ;
#1377 = ORIENTED_EDGE ( 'NONE', *, *, #2629, .T. ) ;
#1378 = DIRECTION ( 'NONE',  ( -1.000000000000000000, 0.0000000000000000000, 0.0000000000000000000 ) ) ;
#1379 = PLANE ( 'NONE',  #313 ) ;
#1380 = EDGE_CURVE ( 'NONE', #1193, #639, #1437, .T. ) ;
#1381 = CARTESIAN_POINT ( 'NONE',  ( 5.012, 0.8849999999999999, -1.15 ) ) ;
#1382 = ORIENTED_EDGE ( 'NONE', *, *, #1555, .T. ) ;
#1383 = ORIENTED_EDGE ( 'NONE', *, *, #896, .F. ) ;
#1384 = PRESENTATION_LAYER_ASSIGNMENT (  '', '', ( #18 ) ) ;
#1385 = EDGE_LOOP ( 'NONE', ( #1525, #1479, #648, #1690 ) ) ;
#1386 = DIRECTION ( 'NONE',  ( 0.0000000000000000000, 0.0000000000000000000, -1.000000000000000000 ) ) ;
#1387 = EDGE_CURVE ( 'NONE', #110, #2057, #1194, .T. ) ;
#1388 = PLANE ( 'NONE',  #1806 ) ;
#1389 = ORIENTED_EDGE ( 'NONE', *, *, #1614, .F. ) ;
#1390 = LINE ( 'NONE', #1697, #1956 ) ;
#1391 = CARTESIAN_POINT ( 'NONE',  ( 1.896, 1.415, 0 ) ) ;
#1392 = VERTEX_POINT ( 'NONE', #452 ) ;
#1393 = LINE ( 'NONE', #1990, #2761 ) ;
#1394 = EDGE_CURVE ( 'NONE', #2486, #544, #3135, .T. ) ;
#1395 = DIRECTION ( 'NONE',  ( 1, 0, 0 ) ) ;
#1396 = LINE ( 'NONE', #2463, #2120 ) ;
#1397 = DIRECTION ( 'NONE',  ( 0, 1, 0 ) ) ;
#1398 = LINE ( 'NONE', #1343, #744 ) ;
#1399 = AXIS2_PLACEMENT_3D ( 'NONE', #2869, #168, #1169 ) ;
#1400 = FACE_OUTER_BOUND ( 'NONE', #2167, .T. ) ;
#1401 = ORIENTED_EDGE ( 'NONE', *, *, #849, .F. ) ;
#1402 = EDGE_CURVE ( 'NONE', #2850, #1651, #2650, .T. ) ;
#1403 = CARTESIAN_POINT ( 'NONE',  ( 5.173401439333993300, 7.370000000000000100, -0.8050000000000000500 ) ) ;
#1404 = LINE ( 'NONE', #894, #3027 ) ;
#1405 = ORIENTED_EDGE ( 'NONE', *, *, #2537, .F. ) ;
#1406 = VECTOR ( 'NONE', #445, 1000.000000000000000 ) ;
#1407 = CARTESIAN_POINT ( 'NONE',  ( -1.007723447047673000, 6.976276552952326100, -0.9152362351888677600 ) ) ;
#1408 = ORIENTED_EDGE ( 'NONE', *, *, #1394, .T. ) ;
#1409 = EDGE_LOOP ( 'NONE', ( #2927, #1577, #1909, #2148 ) ) ;
#1410 = VERTEX_POINT ( 'NONE', #2168 ) ;
#1411 = CARTESIAN_POINT ( 'NONE',  ( 1.896, 0.8849999999999999, -1.15 ) ) ;
#1412 = DIRECTION ( 'NONE',  ( 0.1736481776669236, 0, -0.9848077530122092 ) ) ;
#1413 = ORIENTED_EDGE ( 'NONE', *, *, #1268, .F. ) ;
#1414 = PLANE ( 'NONE',  #381 ) ;
#1415 = ORIENTED_EDGE ( 'NONE', *, *, #946, .T. ) ;
#1416 = CARTESIAN_POINT ( 'NONE',  ( 5.585999999999999400, 6.969999999999998900, -1.335000000000000000 ) ) ;
#1417 = AXIS2_PLACEMENT_3D ( 'NONE', #2356, #2920, #1778 ) ;
#1418 = ORIENTED_EDGE ( 'NONE', *, *, #887, .F. ) ;
#1419 = VERTEX_POINT ( 'NONE', #2144 ) ;
#1420 = CARTESIAN_POINT ( 'NONE',  ( 2.785999999999999600, 7.370000000000001000, -1.335000000000000000 ) ) ;
#1421 = EDGE_LOOP ( 'NONE', ( #1969, #2253, #1418, #3152 ) ) ;
#1422 = CARTESIAN_POINT ( 'NONE',  ( -0.2665711135040791, 1.415, -4.3 ) ) ;
#1423 = MECHANICAL_DESIGN_GEOMETRIC_PRESENTATION_REPRESENTATION (  '', ( #1096 ), #2073 ) ;
#1424 = CARTESIAN_POINT ( 'NONE',  ( 0.1710000000000005700, 6.469999999999998900, -0.8050000000000000500 ) ) ;
#1425 = ORIENTED_EDGE ( 'NONE', *, *, #2900, .T. ) ;
#1426 = LINE ( 'NONE', #1706, #2974 ) ;
#1427 = DIRECTION ( 'NONE',  ( 0, 0, 1 ) ) ;
#1428 = ADVANCED_FACE ( 'NONE', ( #1285 ), #565, .T. ) ;
#1429 = LINE ( 'NONE', #2391, #117 ) ;
#1430 = EDGE_CURVE ( 'NONE', #2466, #1524, #369, .T. ) ;
#1431 = DIRECTION ( 'NONE',  ( -0.9659258262890682000, -0.2588190451025212400, 0.0000000000000000000 ) ) ;
#1432 = LINE ( 'NONE', #2794, #160 ) ;
#1433 = CARTESIAN_POINT ( 'NONE',  ( 4.400999999999998900, 6.469999999999999800, -1.335000000000000000 ) ) ;
#1434 = LINE ( 'NONE', #249, #707 ) ;
#1435 = ORIENTED_EDGE ( 'NONE', *, *, #1856, .T. ) ;
#1436 = CARTESIAN_POINT ( 'NONE',  ( 2.286, 0.8849999999999999, -1.15 ) ) ;
#1437 = LINE ( 'NONE', #469, #1011 ) ;
#1438 = EDGE_CURVE ( 'NONE', #2962, #2186, #936, .T. ) ;
#1439 = LINE ( 'NONE', #2618, #2910 ) ;
#1440 = EDGE_CURVE ( 'NONE', #449, #2901, #2423, .T. ) ;
#1441 = ORIENTED_EDGE ( 'NONE', *, *, #3032, .T. ) ;
#1442 = FACE_OUTER_BOUND ( 'NONE', #1371, .T. ) ;
#1443 = ORIENTED_EDGE ( 'NONE', *, *, #1840, .F. ) ;
#1444 = LINE ( 'NONE', #85, #250 ) ;
#1445 = EDGE_CURVE ( 'NONE', #429, #2279, #366, .T. ) ;
#1446 = CARTESIAN_POINT ( 'NONE',  ( 2.019428886495921, 1.415, -4.3 ) ) ;
#1447 = ADVANCED_FACE ( 'NONE', ( #1813 ), #1249, .F. ) ;
#1448 = CARTESIAN_POINT ( 'NONE',  ( 1.896, 0.8849999999999999, -0.5499999999999999 ) ) ;
#1449 = DIRECTION ( 'NONE',  ( 0.0000000000000000000, 0.0000000000000000000, 1.000000000000000000 ) ) ;
#1450 = LINE ( 'NONE', #1729, #536 ) ;
#1451 = ORIENTED_EDGE ( 'NONE', *, *, #2913, .F. ) ;
#1452 = ORIENTED_EDGE ( 'NONE', *, *, #954, .T. ) ;
#1453 = SURFACE_SIDE_STYLE ('',( #227 ) ) ;
#1454 = DIRECTION ( 'NONE',  ( 0.0000000000000000000, 0.0000000000000000000, -1.000000000000000000 ) ) ;
#1455 = ORIENTED_EDGE ( 'NONE', *, *, #2601, .T. ) ;
#1456 = EDGE_CURVE ( 'NONE', #2009, #1392, #7, .T. ) ;
#1457 = VERTEX_POINT ( 'NONE', #1958 ) ;
#1458 = CARTESIAN_POINT ( 'NONE',  ( -0.3899999999999997, 0.8849999999999999, -3.6 ) ) ;
#1459 = CARTESIAN_POINT ( 'NONE',  ( 4.600999999999999100, 3.350000000000001400, -0.8050000000000000500 ) ) ;
#1460 = ORIENTED_EDGE ( 'NONE', *, *, #375, .F. ) ;
#1461 = CARTESIAN_POINT ( 'NONE',  ( 5.012, 1.415, -0.5499999999999998 ) ) ;
#1462 = EDGE_LOOP ( 'NONE', ( #2619, #2280, #1618, #1853, #2252, #1038, #2209, #1218, #306, #37, #1719, #2804, #253, #3115 ) ) ;
#1463 = STYLED_ITEM ( 'NONE', ( #2768 ), #2014 ) ;
#1464 = DIRECTION ( 'NONE',  ( 0.0000000000000000000, 0.0000000000000000000, 1.000000000000000000 ) ) ;
#1465 = VERTEX_POINT ( 'NONE', #2452 ) ;
#1466 = CARTESIAN_POINT ( 'NONE',  ( -0.3790000000000000000, 8.355255888325766400, -0.8050000000000000500 ) ) ;
#1467 = ADVANCED_FACE ( 'NONE', ( #3021 ), #1024, .T. ) ;
#1468 = AXIS2_PLACEMENT_3D ( 'NONE', #558, #1046, #1553 ) ;
#1469 = VERTEX_POINT ( 'NONE', #543 ) ;
#1470 = DIRECTION ( 'NONE',  ( 0.0000000000000000000, 0.0000000000000000000, 1.000000000000000000 ) ) ;
#1471 = DIRECTION ( 'NONE',  ( 1, 0, 0 ) ) ;
#1472 = DIRECTION ( 'NONE',  ( 4.336808689942016200E-015, 1.000000000000000000, 0.0000000000000000000 ) ) ;
#1473 = LINE ( 'NONE', #1523, #3051 ) ;
#1474 = CARTESIAN_POINT ( 'NONE',  ( -0.3899999999999997, 1.415, -3.6 ) ) ;
#1475 = CARTESIAN_POINT ( 'NONE',  ( 0.3900000000000002, 0.8849999999999999, -0.5499999999999999 ) ) ;
#1476 = DIRECTION ( 'NONE',  ( 0, -1, 0 ) ) ;
#1477 = EDGE_CURVE ( 'NONE', #376, #2819, #1515, .T. ) ;
#1478 = VECTOR ( 'NONE', #2773, 1000.000000000000000 ) ;
#1479 = ORIENTED_EDGE ( 'NONE', *, *, #3004, .F. ) ;
#1480 = LINE ( 'NONE', #2784, #1008 ) ;
#1481 = LINE ( 'NONE', #413, #2420 ) ;
#1482 = EDGE_CURVE ( 'NONE', #2897, #2021, #45, .T. ) ;
#1483 = CARTESIAN_POINT ( 'NONE',  ( 1.846, 1.415, -0.5499999999999998 ) ) ;
#1484 = CARTESIAN_POINT ( 'NONE',  ( 4.950999999999999600, 7.370000000000000100, -1.335000000000000000 ) ) ;
#1485 = DIRECTION ( 'NONE',  ( 0.0000000000000000000, 0.0000000000000000000, -1.000000000000000000 ) ) ;
#1486 = DIRECTION ( 'NONE',  ( -1.000000000000000000, 0.0000000000000000000, 0.0000000000000000000 ) ) ;
#1487 = ORIENTED_EDGE ( 'NONE', *, *, #1291, .T. ) ;
#1488 = VECTOR ( 'NONE', #592, 1000.000000000000000 ) ;
#1489 = EDGE_CURVE ( 'NONE', #526, #2821, #1396, .T. ) ;
#1490 = ORIENTED_EDGE ( 'NONE', *, *, #1489, .T. ) ;
#1491 = CARTESIAN_POINT ( 'NONE',  ( 4.400999999999998900, 7.370000000000000100, -0.8050000000000000500 ) ) ;
#1492 = DIRECTION ( 'NONE',  ( 0, 0, -1 ) ) ;
#1493 = ORIENTED_EDGE ( 'NONE', *, *, #1920, .T. ) ;
#1494 = ORIENTED_EDGE ( 'NONE', *, *, #1679, .T. ) ;
#1495 = PLANE ( 'NONE',  #325 ) ;
#1496 = DIRECTION ( 'NONE',  ( 0, 1, 0 ) ) ;
#1497 = CARTESIAN_POINT ( 'NONE',  ( 0.1710000000000005700, 7.370000000000001000, -0.8050000000000000500 ) ) ;
#1498 = ORIENTED_EDGE ( 'NONE', *, *, #1756, .F. ) ;
#1499 = DIRECTION ( 'NONE',  ( -1, 0, 0 ) ) ;
#1500 = EDGE_CURVE ( 'NONE', #1623, #2746, #1322, .T. ) ;
#1501 = ORIENTED_EDGE ( 'NONE', *, *, #152, .T. ) ;
#1502 = ORIENTED_EDGE ( 'NONE', *, *, #2860, .T. ) ;
#1503 = PLANE ( 'NONE',  #219 ) ;
#1504 =( LENGTH_UNIT ( ) NAMED_UNIT ( * ) SI_UNIT ( .MILLI., .METRE. ) );
#1505 = DIRECTION ( 'NONE',  ( 0.0000000000000000000, 0.0000000000000000000, -1.000000000000000000 ) ) ;
#1506 = PLANE ( 'NONE',  #1864 ) ;
#1507 = DIRECTION ( 'NONE',  ( 0, 1, 0 ) ) ;
#1508 = EDGE_CURVE ( 'NONE', #2408, #2914, #859, .T. ) ;
#1509 = ORIENTED_EDGE ( 'NONE', *, *, #649, .F. ) ;
#1510 = CARTESIAN_POINT ( 'NONE',  ( -0.3900000000000002, 0.8849999999999999, -1.15 ) ) ;
#1511 = DIRECTION ( 'NONE',  ( 0, -0.08715574274765858, 0.9961946980917455 ) ) ;
#1512 = DIRECTION ( 'NONE',  ( 0.05213734452107518500, 0.08703720429184765000, -0.9948397973419388400 ) ) ;
#1513 = LINE ( 'NONE', #1811, #1052 ) ;
#1514 =( NAMED_UNIT ( * ) SI_UNIT ( $, .STERADIAN. ) SOLID_ANGLE_UNIT ( ) );
#1515 = LINE ( 'NONE', #776, #1735 ) ;
#1516 = LINE ( 'NONE', #1908, #122 ) ;
#1517 = ADVANCED_FACE ( 'NONE', ( #1843 ), #270, .F. ) ;
#1518 = ORIENTED_EDGE ( 'NONE', *, *, #794, .F. ) ;
#1519 =( LENGTH_UNIT ( ) NAMED_UNIT ( * ) SI_UNIT ( .MILLI., .METRE. ) );
#1520 = EDGE_CURVE ( 'NONE', #2268, #2628, #199, .T. ) ;
#1521 = CARTESIAN_POINT ( 'NONE',  ( 3.851000000000000400, 8.650000000000002100, -0.8050000000000000500 ) ) ;
#1522 = VECTOR ( 'NONE', #2126, 1000.000000000000100 ) ;
#1523 = CARTESIAN_POINT ( 'NONE',  ( -0.3900000000000002, 0.8849999999999999, -1.15 ) ) ;
#1524 = VERTEX_POINT ( 'NONE', #1233 ) ;
#1525 = ORIENTED_EDGE ( 'NONE', *, *, #1897, .T. ) ;
#1526 = CARTESIAN_POINT ( 'NONE',  ( 4.950999999999999600, 7.370000000000000100, -0.8050000000000000500 ) ) ;
#1527 = DIRECTION ( 'NONE',  ( -1.000000000000000000, 0.0000000000000000000, 0.0000000000000000000 ) ) ;
#1528 = CARTESIAN_POINT ( 'NONE',  ( 1.335999999999999000, 6.919999999999999900, -1.335000000000000000 ) ) ;
#1529 = VECTOR ( 'NONE', #3006, 1000.000000000000000 ) ;
#1530 = AXIS2_PLACEMENT_3D ( 'NONE', #691, #481, #968 ) ;
#1531 = CARTESIAN_POINT ( 'NONE',  ( -0.9875134575609454400, 6.942538337094758200, -0.5296066633350161600 ) ) ;
#1532 = DIRECTION ( 'NONE',  ( 0, 0, -1 ) ) ;
#1533 = CIRCLE ( 'NONE', #2476, 0.4500000000000007300 ) ;
#1534 = EDGE_CURVE ( 'NONE', #665, #2319, #2041, .T. ) ;
#1535 = ORIENTED_EDGE ( 'NONE', *, *, #877, .T. ) ;
#1536 = VECTOR ( 'NONE', #256, 1000.000000000000000 ) ;
#1537 = EDGE_LOOP ( 'NONE', ( #2309, #2388, #2472, #2790 ) ) ;
#1538 =( NAMED_UNIT ( * ) PLANE_ANGLE_UNIT ( ) SI_UNIT ( $, .RADIAN. ) );
#1539 = EDGE_CURVE ( 'NONE', #2891, #1891, #633, .T. ) ;
#1540 = DIRECTION ( 'NONE',  ( 1.000000000000000000, -0.0000000000000000000, -0.0000000000000000000 ) ) ;
#1541 = VERTEX_POINT ( 'NONE', #2936 ) ;
#1542 = VERTEX_POINT ( 'NONE', #1970 ) ;
#1543 = CARTESIAN_POINT ( 'NONE',  ( 1.785999999999999600, 6.919999999999999900, -1.335000000000000000 ) ) ;
#1544 = ORIENTED_EDGE ( 'NONE', *, *, #2672, .F. ) ;
#1545 = CARTESIAN_POINT ( 'NONE',  ( 1.846, 1.415, -1.15 ) ) ;
#1546 = CARTESIAN_POINT ( 'NONE',  ( -0.02900000000000038000, 6.469999999999999800, -0.8050000000000000500 ) ) ;
#1547 = DIRECTION ( 'NONE',  ( 1, 0, 0 ) ) ;
#1548 = DIRECTION ( 'NONE',  ( 0.0000000000000000000, 0.0000000000000000000, -1.000000000000000000 ) ) ;
#1549 = FACE_OUTER_BOUND ( 'NONE', #2283, .T. ) ;
#1550 = EDGE_LOOP ( 'NONE', ( #1887, #1612, #562, #2740 ) ) ;
#1551 = CARTESIAN_POINT ( 'NONE',  ( -0.3900000000000002, 1.415, 0.04636899166873998 ) ) ;
#1552 = VECTOR ( 'NONE', #177, 1000.000000000000100 ) ;
#1553 = DIRECTION ( 'NONE',  ( -1.000000000000000000, 0.0000000000000000000, 0.0000000000000000000 ) ) ;
#1554 = CARTESIAN_POINT ( 'NONE',  ( -0.3790000000000000000, 7.370000000000001000, -1.335000000000000000 ) ) ;
#1555 = EDGE_CURVE ( 'NONE', #2186, #2206, #3093, .T. ) ;
#1556 = FACE_OUTER_BOUND ( 'NONE', #2983, .T. ) ;
#1557 = DIRECTION ( 'NONE',  ( -1, 0, 0 ) ) ;
#1558 = ORIENTED_EDGE ( 'NONE', *, *, #152, .F. ) ;
#1559 = CARTESIAN_POINT ( 'NONE',  ( 1.846, 0.8849999999999999, -0.5499999999999998 ) ) ;
#1560 = CARTESIAN_POINT ( 'NONE',  ( 2.676, 1.415, 0 ) ) ;
#1561 = LINE ( 'NONE', #2828, #3023 ) ;
#1562 = LINE ( 'NONE', #2379, #863 ) ;
#1563 = PLANE ( 'NONE',  #236 ) ;
#1564 = FACE_OUTER_BOUND ( 'NONE', #1974, .T. ) ;
#1565 = CARTESIAN_POINT ( 'NONE',  ( 2.286000000000000000, 0.0000000000000000000, -0.8050000000000000500 ) ) ;
#1566 = EDGE_CURVE ( 'NONE', #656, #2315, #2376, .T. ) ;
#1567 = DIRECTION ( 'NONE',  ( 1, 0, 0 ) ) ;
#1568 = LINE ( 'NONE', #3114, #2774 ) ;
#1569 = DIRECTION ( 'NONE',  ( 0, 0.9961946980917455, 0.08715574274765858 ) ) ;
#1570 = LINE ( 'NONE', #2782, #2884 ) ;
#1571 = DIRECTION ( 'NONE',  ( -0.1736481776669236, 0, -0.9848077530122092 ) ) ;
#1572 = EDGE_LOOP ( 'NONE', ( #1691, #420, #406, #2040 ) ) ;
#1573 = ORIENTED_EDGE ( 'NONE', *, *, #3004, .T. ) ;
#1574 = EDGE_CURVE ( 'NONE', #2763, #1721, #1999, .T. ) ;
#1575 = CARTESIAN_POINT ( 'NONE',  ( 5.585999999999999400, 7.215145065559113400, 0.9649999999999998600 ) ) ;
#1576 = VERTEX_POINT ( 'NONE', #1308 ) ;
#1577 = ORIENTED_EDGE ( 'NONE', *, *, #1846, .T. ) ;
#1578 = DIRECTION ( 'NONE',  ( -1, 0, 0 ) ) ;
#1579 = ADVANCED_FACE ( 'NONE', ( #3055 ), #2801, .F. ) ;
#1580 = ORIENTED_EDGE ( 'NONE', *, *, #2413, .F. ) ;
#1581 = ORIENTED_EDGE ( 'NONE', *, *, #2251, .T. ) ;
#1582 = EDGE_CURVE ( 'NONE', #2821, #2836, #1160, .T. ) ;
#1583 = DIRECTION ( 'NONE',  ( -0.0000000000000000000, -0.0000000000000000000, -1.000000000000000000 ) ) ;
#1584 = ADVANCED_FACE ( 'NONE', ( #2943 ), #2539, .F. ) ;
#1585 = DIRECTION ( 'NONE',  ( 1.000000000000000000, 0.0000000000000000000, 0.0000000000000000000 ) ) ;
#1586 = DIRECTION ( 'NONE',  ( -0.0000000000000000000, -0.0000000000000000000, -1.000000000000000000 ) ) ;
#1587 = EDGE_CURVE ( 'NONE', #1817, #190, #87, .T. ) ;
#1588 = CARTESIAN_POINT ( 'NONE',  ( 4.962, 1.415, 0.04636899166873998 ) ) ;
#1589 = CARTESIAN_POINT ( 'NONE',  ( 5.579723447047672200, 6.976276552952326100, -0.9152362351888624300 ) ) ;
#1590 = VECTOR ( 'NONE', #1686, 1000.000000000000000 ) ;
#1591 = CARTESIAN_POINT ( 'NONE',  ( 4.600999999999999100, 3.350000000000001400, -0.8050000000000000500 ) ) ;
#1592 = EDGE_CURVE ( 'NONE', #2395, #284, #1921, .T. ) ;
#1593 = VECTOR ( 'NONE', #2964, 1000.000000000000000 ) ;
#1594 = DIRECTION ( 'NONE',  ( -1, 0, 0 ) ) ;
#1595 = VECTOR ( 'NONE', #1739, 1000.000000000000000 ) ;
#1596 = ORIENTED_EDGE ( 'NONE', *, *, #1625, .F. ) ;
#1597 = ADVANCED_FACE ( 'NONE', ( #2299 ), #832, .F. ) ;
#1598 = FACE_OUTER_BOUND ( 'NONE', #3150, .T. ) ;
#1599 = ORIENTED_EDGE ( 'NONE', *, *, #2565, .T. ) ;
#1600 = PLANE ( 'NONE',  #1630 ) ;
#1601 = AXIS2_PLACEMENT_3D ( 'NONE', #347, #2544, #806 ) ;
#1602 = VECTOR ( 'NONE', #1182, 1000.000000000000000 ) ;
#1603 = ORIENTED_EDGE ( 'NONE', *, *, #2393, .F. ) ;
#1604 = VECTOR ( 'NONE', #2301, 1000.000000000000000 ) ;
#1605 = VERTEX_POINT ( 'NONE', #332 ) ;
#1606 = COLOUR_RGB ( '',0.7921568627450980000, 0.8196078431372548800, 0.9333333333333333500 ) ;
#1607 = DIRECTION ( 'NONE',  ( 0.0000000000000000000, 0.0000000000000000000, -1.000000000000000000 ) ) ;
#1608 = FACE_OUTER_BOUND ( 'NONE', #2127, .T. ) ;
#1609 = DIRECTION ( 'NONE',  ( 0, 0, -1 ) ) ;
#1610 = ORIENTED_EDGE ( 'NONE', *, *, #2176, .F. ) ;
#1611 = CARTESIAN_POINT ( 'NONE',  ( -0.02900000000000038000, 6.469999999999999800, -1.335000000000000000 ) ) ;
#1612 = ORIENTED_EDGE ( 'NONE', *, *, #1295, .F. ) ;
#1613 = AXIS2_PLACEMENT_3D ( 'NONE', #1369, #3045, #365 ) ;
#1614 = EDGE_CURVE ( 'NONE', #2124, #2182, #1480, .T. ) ;
#1615 = EDGE_LOOP ( 'NONE', ( #175, #2732, #589, #3117 ) ) ;
#1616 = ORIENTED_EDGE ( 'NONE', *, *, #1202, .T. ) ;
#1617 = CARTESIAN_POINT ( 'NONE',  ( 5.585999999999999400, 1.263735262583701500, -1.035000000000000800 ) ) ;
#1618 = ORIENTED_EDGE ( 'NONE', *, *, #2497, .T. ) ;
#1619 = VERTEX_POINT ( 'NONE', #1786 ) ;
#1620 = CARTESIAN_POINT ( 'NONE',  ( 1.896, 1.415, 0.04636899166873998 ) ) ;
#1621 = DIRECTION ( 'NONE',  ( 0.9848077530122092, 0, 0.1736481776669236 ) ) ;
#1622 = CARTESIAN_POINT ( 'NONE',  ( 1.785999999999999600, 6.919999999999999900, -0.8050000000000000500 ) ) ;
#1623 = VERTEX_POINT ( 'NONE', #1325 ) ;
#1624 = PLANE ( 'NONE',  #2303 ) ;
#1625 = EDGE_CURVE ( 'NONE', #2591, #2324, #1667, .T. ) ;
#1626 = LINE ( 'NONE', #1858, #231 ) ;
#1627 = CARTESIAN_POINT ( 'NONE',  ( -0.02899999999999994600, 3.350000000000001900, -0.8050000000000000500 ) ) ;
#1628 = CARTESIAN_POINT ( 'NONE',  ( 2.785999999999999600, 6.469999999999998900, -0.8050000000000000500 ) ) ;
#1629 = DIRECTION ( 'NONE',  ( 0.0000000000000000000, 0.0000000000000000000, -1.000000000000000000 ) ) ;
#1630 = AXIS2_PLACEMENT_3D ( 'NONE', #116, #379, #2318 ) ;
#1631 = DIRECTION ( 'NONE',  ( 0, 0, 1 ) ) ;
#1632 = FACE_OUTER_BOUND ( 'NONE', #2704, .T. ) ;
#1633 = ORIENTED_EDGE ( 'NONE', *, *, #1279, .F. ) ;
#1634 = LINE ( 'NONE', #393, #824 ) ;
#1635 = DIRECTION ( 'NONE',  ( 0, 1, 0 ) ) ;
#1636 = ORIENTED_EDGE ( 'NONE', *, *, #2978, .F. ) ;
#1637 = VECTOR ( 'NONE', #2752, 1000.000000000000000 ) ;
#1638 = DIRECTION ( 'NONE',  ( 1.390002785237827100E-016, 1.000000000000000000, 0.0000000000000000000 ) ) ;
#1639 = MECHANICAL_DESIGN_GEOMETRIC_PRESENTATION_REPRESENTATION (  '', ( #2335 ), #2730 ) ;
#1640 = ORIENTED_EDGE ( 'NONE', *, *, #383, .T. ) ;
#1641 = CARTESIAN_POINT ( 'NONE',  ( 2.785999999999999600, 6.469999999999998900, -0.8050000000000000500 ) ) ;
#1642 = ADVANCED_FACE ( 'NONE', ( #2872 ), #2747, .T. ) ;
#1643 = CARTESIAN_POINT ( 'NONE',  ( -0.02900000000000038000, 6.469999999999999800, -0.8050000000000000500 ) ) ;
#1644 = LINE ( 'NONE', #1242, #578 ) ;
#1645 = VERTEX_POINT ( 'NONE', #1284 ) ;
#1646 = PLANE ( 'NONE',  #885 ) ;
#1647 = EDGE_LOOP ( 'NONE', ( #3154, #1258, #470, #1441 ) ) ;
#1648 = ORIENTED_EDGE ( 'NONE', *, *, #2855, .F. ) ;
#1649 = AXIS2_PLACEMENT_3D ( 'NONE', #497, #1472, #1214 ) ;
#1650 = CARTESIAN_POINT ( 'NONE',  ( 2.286000000000000000, 5.419999999999999000, 0.8649999999999987700 ) ) ;
#1651 = VERTEX_POINT ( 'NONE', #2249 ) ;
#1652 = DIRECTION ( 'NONE',  ( -1.000000000000000000, -0.0000000000000000000, -0.0000000000000000000 ) ) ;
#1653 = VERTEX_POINT ( 'NONE', #2985 ) ;
#1654 = CARTESIAN_POINT ( 'NONE',  ( 4.962, 0.8849999999999999, 0 ) ) ;
#1655 = ORIENTED_EDGE ( 'NONE', *, *, #1295, .T. ) ;
#1656 = EDGE_CURVE ( 'NONE', #2233, #1025, #822, .T. ) ;
#1657 = CARTESIAN_POINT ( 'NONE',  ( 2.786000000000000500, 5.419999999999999000, 0.8649999999999987700 ) ) ;
#1658 = DIRECTION ( 'NONE',  ( 0, 0, 1 ) ) ;
#1659 = EDGE_LOOP ( 'NONE', ( #1603, #834, #1910, #919 ) ) ;
#1660 = LINE ( 'NONE', #873, #2225 ) ;
#1661 = CARTESIAN_POINT ( 'NONE',  ( 4.962, 1.415, -1.15 ) ) ;
#1662 = CARTESIAN_POINT ( 'NONE',  ( 1.896, 0.8849999999999999, 0 ) ) ;
#1663 = LINE ( 'NONE', #3053, #2870 ) ;
#1664 = ORIENTED_EDGE ( 'NONE', *, *, #777, .T. ) ;
#1665 = EDGE_CURVE ( 'NONE', #1891, #1759, #2458, .T. ) ;
#1666 = CARTESIAN_POINT ( 'NONE',  ( 2.286000000000000000, 5.419999999999999000, 0.8649999999999987700 ) ) ;
#1667 = LINE ( 'NONE', #2027, #596 ) ;
#1668 = CARTESIAN_POINT ( 'NONE',  ( 5.012, 0.8849999999999999, -0.5499999999999998 ) ) ;
#1669 = LINE ( 'NONE', #1732, #2874 ) ;
#1670 = DIRECTION ( 'NONE',  ( 0, 0, 1 ) ) ;
#1671 = AXIS2_PLACEMENT_3D ( 'NONE', #233, #2197, #2716 ) ;
#1672 = VECTOR ( 'NONE', #487, 1000.000000000000000 ) ;
#1673 = VECTOR ( 'NONE', #2366, 1000.000000000000000 ) ;
#1674 = ORIENTED_EDGE ( 'NONE', *, *, #669, .F. ) ;
#1675 = FACE_OUTER_BOUND ( 'NONE', #99, .T. ) ;
#1676 = ORIENTED_EDGE ( 'NONE', *, *, #722, .F. ) ;
#1677 = VECTOR ( 'NONE', #1569, 1000.000000000000000 ) ;
#1678 = DIRECTION ( 'NONE',  ( -0.0000000000000000000, -0.0000000000000000000, -1.000000000000000000 ) ) ;
#1679 = EDGE_CURVE ( 'NONE', #423, #1976, #2573, .T. ) ;
#1680 = VERTEX_POINT ( 'NONE', #1112 ) ;
#1681 = DIRECTION ( 'NONE',  ( 1, 0, 0 ) ) ;
#1682 = ORIENTED_EDGE ( 'NONE', *, *, #566, .T. ) ;
#1683 = CARTESIAN_POINT ( 'NONE',  ( 0.1710000000000005700, 7.370000000000001000, -0.8050000000000000500 ) ) ;
#1684 = ORIENTED_EDGE ( 'NONE', *, *, #2813, .F. ) ;
#1685 = VERTEX_POINT ( 'NONE', #2590 ) ;
#1686 = DIRECTION ( 'NONE',  ( 1, 0, 0 ) ) ;
#1687 = ADVANCED_FACE ( 'NONE', ( #3128 ), #843, .F. ) ;
#1688 = ORIENTED_EDGE ( 'NONE', *, *, #2461, .T. ) ;
#1689 = AXIS2_PLACEMENT_3D ( 'NONE', #1575, #647, #2829 ) ;
#1690 = ORIENTED_EDGE ( 'NONE', *, *, #619, .T. ) ;
#1691 = ORIENTED_EDGE ( 'NONE', *, *, #1048, .T. ) ;
#1692 = DIRECTION ( 'NONE',  ( 0.0000000000000000000, 0.0000000000000000000, -1.000000000000000000 ) ) ;
#1693 = VERTEX_POINT ( 'NONE', #354 ) ;
#1694 = DIRECTION ( 'NONE',  ( -1.000000000000000000, -0.0000000000000000000, -0.0000000000000000000 ) ) ;
#1695 = DIRECTION ( 'NONE',  ( -0.0000000000000000000, 1.000000000000000000, -0.0000000000000000000 ) ) ;
#1696 = VECTOR ( 'NONE', #2946, 1000.000000000000000 ) ;
#1697 = CARTESIAN_POINT ( 'NONE',  ( -1.014000000000000200, 1.149999999999999900, -1.035000000000000100 ) ) ;
#1698 = EDGE_CURVE ( 'NONE', #2995, #1193, #705, .T. ) ;
#1699 = VECTOR ( 'NONE', #3137, 1000.000000000000000 ) ;
#1700 = VECTOR ( 'NONE', #1540, 1000.000000000000000 ) ;
#1701 = VERTEX_POINT ( 'NONE', #1129 ) ;
#1702 = FILL_AREA_STYLE_COLOUR ( '', #415 ) ;
#1703 = LINE ( 'NONE', #3129, #1672 ) ;
#1704 = EDGE_CURVE ( 'NONE', #2386, #1913, #2504, .T. ) ;
#1705 = CIRCLE ( 'NONE', #3007, 0.5000000000000004400 ) ;
#1706 = CARTESIAN_POINT ( 'NONE',  ( 0.2665711135040791, 0.8849999999999999, -4.3 ) ) ;
#1707 = DIRECTION ( 'NONE',  ( 0, 1, 0 ) ) ;
#1708 = FACE_OUTER_BOUND ( 'NONE', #1409, .T. ) ;
#1709 = EDGE_LOOP ( 'NONE', ( #1803, #98, #1884, #1947 ) ) ;
#1710 = AXIS2_PLACEMENT_3D ( 'NONE', #1718, #242, #1954 ) ;
#1711 = FACE_BOUND ( 'NONE', #604, .T. ) ;
#1712 = CARTESIAN_POINT ( 'NONE',  ( 2.286000000000000000, 5.419999999999999000, 0.8649999999999987700 ) ) ;
#1713 = CARTESIAN_POINT ( 'NONE',  ( -0.02900000000000038000, 6.469999999999999800, -0.8050000000000000500 ) ) ;
#1714 = PRESENTATION_STYLE_ASSIGNMENT (( #1020 ) ) ;
#1715 = ORIENTED_EDGE ( 'NONE', *, *, #2450, .F. ) ;
#1716 = CARTESIAN_POINT ( 'NONE',  ( 4.132, 0.8849999999999999, -0.5499999999999998 ) ) ;
#1717 = LINE ( 'NONE', #2212, #1070 ) ;
#1718 = CARTESIAN_POINT ( 'NONE',  ( 4.600999999999999100, 3.350000000000001400, -0.8050000000000000500 ) ) ;
#1719 = ORIENTED_EDGE ( 'NONE', *, *, #170, .T. ) ;
#1720 = ORIENTED_EDGE ( 'NONE', *, *, #421, .F. ) ;
#1721 = VERTEX_POINT ( 'NONE', #865 ) ;
#1722 = ORIENTED_EDGE ( 'NONE', *, *, #627, .T. ) ;
#1723 = DIRECTION ( 'NONE',  ( -1, 0, 0 ) ) ;
#1724 = AXIS2_PLACEMENT_3D ( 'NONE', #1531, #2506, #2776 ) ;
#1725 = ORIENTED_EDGE ( 'NONE', *, *, #1911, .F. ) ;
#1726 = SURFACE_STYLE_USAGE ( .BOTH. , #285 ) ;
#1727 = DIRECTION ( 'NONE',  ( 0.0000000000000000000, 0.0000000000000000000, -1.000000000000000000 ) ) ;
#1728 = DIRECTION ( 'NONE',  ( 0.0000000000000000000, 0.0000000000000000000, 1.000000000000000000 ) ) ;
#1729 = CARTESIAN_POINT ( 'NONE',  ( 4.600999999999999100, 3.350000000000001400, -1.335000000000000000 ) ) ;
#1730 = ORIENTED_EDGE ( 'NONE', *, *, #1072, .F. ) ;
#1731 = FACE_OUTER_BOUND ( 'NONE', #2814, .T. ) ;
#1732 = CARTESIAN_POINT ( 'NONE',  ( 5.185999999999997300, 7.370000000000000100, -1.335000000000000000 ) ) ;
#1733 = CARTESIAN_POINT ( 'NONE',  ( -0.2665711135040791, 0.8849999999999999, -4.3 ) ) ;
#1734 = LINE ( 'NONE', #593, #2373 ) ;
#1735 = VECTOR ( 'NONE', #2444, 1000.000000000000000 ) ;
#1736 = LINE ( 'NONE', #1159, #2232 ) ;
#1737 = CARTESIAN_POINT ( 'NONE',  ( 4.600999999999999100, 3.350000000000001400, -0.8050000000000000500 ) ) ;
#1738 = CARTESIAN_POINT ( 'NONE',  ( -0.3900000000000002, 0.8849999999999999, 0 ) ) ;
#1739 = DIRECTION ( 'NONE',  ( -1.390002785237827100E-016, 1.000000000000000000, -0.0000000000000000000 ) ) ;
#1740 = LINE ( 'NONE', #2094, #709 ) ;
#1741 = SURFACE_STYLE_FILL_AREA ( #1254 ) ;
#1742 = VERTEX_POINT ( 'NONE', #1340 ) ;
#1743 = STYLED_ITEM ( 'NONE', ( #2085 ), #937 ) ;
#1744 = CARTESIAN_POINT ( 'NONE',  ( -0.2665711135040791, 0.8849999999999999, -4.3 ) ) ;
#1745 = LINE ( 'NONE', #1290, #3144 ) ;
#1746 = SURFACE_STYLE_USAGE ( .BOTH. , #15 ) ;
#1747 = EDGE_LOOP ( 'NONE', ( #74, #2622, #2772, #620 ) ) ;
#1748 = ORIENTED_EDGE ( 'NONE', *, *, #60, .F. ) ;
#1749 = VECTOR ( 'NONE', #2523, 1000.000000000000000 ) ;
#1750 = ORIENTED_EDGE ( 'NONE', *, *, #112, .T. ) ;
#1751 = VERTEX_POINT ( 'NONE', #1591 ) ;
#1752 = CARTESIAN_POINT ( 'NONE',  ( 2.676, 1.415, -3.6 ) ) ;
#1753 = DIRECTION ( 'NONE',  ( 0.0000000000000000000, 0.0000000000000000000, 1.000000000000000000 ) ) ;
#1754 = ORIENTED_EDGE ( 'NONE', *, *, #2791, .F. ) ;
#1755 = DIRECTION ( 'NONE',  ( -1.390002785237827100E-016, -1.000000000000000000, 0.0000000000000000000 ) ) ;
#1756 = EDGE_CURVE ( 'NONE', #2861, #3020, #1236, .T. ) ;
#1757 = EDGE_LOOP ( 'NONE', ( #1633, #3034, #1455, #1042 ) ) ;
#1758 = CARTESIAN_POINT ( 'NONE',  ( 2.676, 0.8849999999999999, -0.5499999999999999 ) ) ;
#1759 = VERTEX_POINT ( 'NONE', #615 ) ;
#1760 = DIRECTION ( 'NONE',  ( 1, 0, 0 ) ) ;
#1761 = ORIENTED_EDGE ( 'NONE', *, *, #1173, .T. ) ;
#1762 = EDGE_CURVE ( 'NONE', #2562, #1105, #1356, .T. ) ;
#1763 = AXIS2_PLACEMENT_3D ( 'NONE', #2980, #1776, #315 ) ;
#1764 = EDGE_CURVE ( 'NONE', #1693, #2215, #2766, .T. ) ;
#1765 = EDGE_LOOP ( 'NONE', ( #807, #2515, #2892, #1382, #1341, #1997, #2484, #2361, #460, #308, #1204, #835, #2947, #1664 ) ) ;
#1766 = AXIS2_PLACEMENT_3D ( 'NONE', #310, #1548, #296 ) ;
#1767 = EDGE_CURVE ( 'NONE', #2395, #3020, #1432, .T. ) ;
#1768 = DIRECTION ( 'NONE',  ( 0, 0, -1 ) ) ;
#1769 = VECTOR ( 'NONE', #1056, 1000.000000000000000 ) ;
#1770 = CARTESIAN_POINT ( 'NONE',  ( 1.896, 0.8849999999999999, -1.15 ) ) ;
#1771 = VECTOR ( 'NONE', #2112, 1000.000000000000100 ) ;
#1772 = CARTESIAN_POINT ( 'NONE',  ( 1.896, 0.8849999999999999, -1.15 ) ) ;
#1773 = ORIENTED_EDGE ( 'NONE', *, *, #54, .T. ) ;
#1774 = PLANE ( 'NONE',  #2390 ) ;
#1775 = VECTOR ( 'NONE', #1386, 1000.000000000000000 ) ;
#1776 = DIRECTION ( 'NONE',  ( -0.9848077530122092, 0, 0.1736481776669236 ) ) ;
#1777 = FACE_OUTER_BOUND ( 'NONE', #2979, .T. ) ;
#1778 = DIRECTION ( 'NONE',  ( 1.000000000000000000, 0.0000000000000000000, -0.0000000000000000000 ) ) ;
#1779 = DIRECTION ( 'NONE',  ( 0, 1, 0 ) ) ;
#1780 = ADVANCED_FACE ( 'NONE', ( #2077 ), #107, .F. ) ;
#1781 = LINE ( 'NONE', #3165, #1363 ) ;
#1782 = UNCERTAINTY_MEASURE_WITH_UNIT (LENGTH_MEASURE( 1.000000000000000100E-005 ), #1519, 'distance_accuracy_value', 'NONE');
#1783 = EDGE_CURVE ( 'NONE', #2827, #3113, #636, .T. ) ;
#1784 = VERTEX_POINT ( 'NONE', #1620 ) ;
#1785 = CARTESIAN_POINT ( 'NONE',  ( 0.3900000000000002, 0.8849999999999999, 0 ) ) ;
#1786 = CARTESIAN_POINT ( 'NONE',  ( 4.962, 0.8849999999999999, -1.15 ) ) ;
#1787 = LINE ( 'NONE', #2331, #2047 ) ;
#1788 = PLANE ( 'NONE',  #2519 ) ;
#1789 = CARTESIAN_POINT ( 'NONE',  ( 2.286000000000000000, 0.0000000000000000000, -0.8050000000000000500 ) ) ;
#1790 = LINE ( 'NONE', #1033, #1334 ) ;
#1791 = CARTESIAN_POINT ( 'NONE',  ( 2.726, 0.8849999999999999, -0.5499999999999998 ) ) ;
#1792 = ORIENTED_EDGE ( 'NONE', *, *, #246, .T. ) ;
#1793 = LINE ( 'NONE', #1416, #2098 ) ;
#1794 = DIRECTION ( 'NONE',  ( 1, 0, 0 ) ) ;
#1795 = ADVANCED_FACE ( 'NONE', ( #2194 ), #1832, .T. ) ;
#1796 = VERTEX_POINT ( 'NONE', #2307 ) ;
#1797 = DIRECTION ( 'NONE',  ( 0, -1, 0 ) ) ;
#1798 = ORIENTED_EDGE ( 'NONE', *, *, #2417, .F. ) ;
#1799 = ADVANCED_FACE ( 'NONE', ( #1094 ), #1600, .F. ) ;
#1800 = DIRECTION ( 'NONE',  ( 4.336808689941997200E-015, 1.000000000000000000, -0.0000000000000000000 ) ) ;
#1801 = ORIENTED_EDGE ( 'NONE', *, *, #2860, .F. ) ;
#1802 = DIRECTION ( 'NONE',  ( 0, -1, 0 ) ) ;
#1803 = ORIENTED_EDGE ( 'NONE', *, *, #1445, .T. ) ;
#1804 = VECTOR ( 'NONE', #53, 1000.000000000000000 ) ;
#1805 = ADVANCED_FACE ( 'NONE', ( #938 ), #2567, .F. ) ;
#1806 = AXIS2_PLACEMENT_3D ( 'NONE', #3075, #815, #1635 ) ;
#1807 = EDGE_CURVE ( 'NONE', #3011, #643, #2512, .T. ) ;
#1808 = FACE_OUTER_BOUND ( 'NONE', #2755, .T. ) ;
#1809 = CARTESIAN_POINT ( 'NONE',  ( 1.896, 0.8849999999999999, 0 ) ) ;
#1810 = ADVANCED_FACE ( 'NONE', ( #1632 ), #890, .F. ) ;
#1811 = CARTESIAN_POINT ( 'NONE',  ( 4.30542888649592, 1.415, -4.3 ) ) ;
#1812 = DIRECTION ( 'NONE',  ( 0, 0, 1 ) ) ;
#1813 = FACE_OUTER_BOUND ( 'NONE', #507, .T. ) ;
#1814 = LINE ( 'NONE', #2431, #3056 ) ;
#1815 = DIRECTION ( 'NONE',  ( -0.1736481776669236, 0, 0.9848077530122092 ) ) ;
#1816 = VECTOR ( 'NONE', #2136, 1000.000000000000000 ) ;
#1817 = VERTEX_POINT ( 'NONE', #3096 ) ;
#1818 = LINE ( 'NONE', #958, #2847 ) ;
#1819 = ORIENTED_EDGE ( 'NONE', *, *, #2745, .T. ) ;
#1820 = VECTOR ( 'NONE', #2851, 1000.000000000000000 ) ;
#1821 = DIRECTION ( 'NONE',  ( 0, 1, 0 ) ) ;
#1822 = ADVANCED_FACE ( 'NONE', ( #1128 ), #1012, .F. ) ;
#1823 = LINE ( 'NONE', #2178, #2245 ) ;
#1824 = ORIENTED_EDGE ( 'NONE', *, *, #499, .F. ) ;
#1825 = ADVANCED_FACE ( 'NONE', ( #240 ), #181, .T. ) ;
#1826 = EDGE_CURVE ( 'NONE', #2596, #639, #1439, .T. ) ;
#1827 = VERTEX_POINT ( 'NONE', #1420 ) ;
#1828 = ORIENTED_EDGE ( 'NONE', *, *, #2714, .F. ) ;
#1829 = ORIENTED_EDGE ( 'NONE', *, *, #2122, .F. ) ;
#1830 = CARTESIAN_POINT ( 'NONE',  ( 1.896, 1.415, -0.5499999999999999 ) ) ;
#1831 = ORIENTED_EDGE ( 'NONE', *, *, #1582, .T. ) ;
#1832 = PLANE ( 'NONE',  #1925 ) ;
#1833 = ORIENTED_EDGE ( 'NONE', *, *, #1224, .F. ) ;
#1834 = EDGE_LOOP ( 'NONE', ( #1985, #1252, #2786, #579 ) ) ;
#1835 = DIRECTION ( 'NONE',  ( 0, 1, 0 ) ) ;
#1836 = AXIS2_PLACEMENT_3D ( 'NONE', #1641, #2396, #2357 ) ;
#1837 = ADVANCED_FACE ( 'NONE', ( #3136 ), #433, .F. ) ;
#1838 = CARTESIAN_POINT ( 'NONE',  ( 1.785999999999999600, 6.919999999999999900, -0.8050000000000000500 ) ) ;
#1839 = FACE_OUTER_BOUND ( 'NONE', #2928, .T. ) ;
#1840 = EDGE_CURVE ( 'NONE', #2407, #943, #2579, .T. ) ;
#1841 = CARTESIAN_POINT ( 'NONE',  ( -0.02900000000000038000, 6.469999999999999800, -0.8050000000000000500 ) ) ;
#1842 = LINE ( 'NONE', #307, #2642 ) ;
#1843 = FACE_OUTER_BOUND ( 'NONE', #2878, .T. ) ;
#1844 = VECTOR ( 'NONE', #3111, 1000.000000000000100 ) ;
#1845 = CLOSED_SHELL ( 'NONE', ( #1687, #1367, #2518, #1152, #3042, #2081, #2595, #2066, #105, #646, #2116, #642, #2375, #851, #213, #1316 ) ) ;
#1846 = EDGE_CURVE ( 'NONE', #1651, #994, #786, .T. ) ;
#1847 = CARTESIAN_POINT ( 'NONE',  ( 4.132, 1.415, -0.5499999999999998 ) ) ;
#1848 = FILL_AREA_STYLE_COLOUR ( '', #2603 ) ;
#1849 = LINE ( 'NONE', #3078, #2949 ) ;
#1850 = ADVANCED_FACE ( 'NONE', ( #1927 ), #913, .F. ) ;
#1851 = CARTESIAN_POINT ( 'NONE',  ( 4.950999999999999600, 8.355255888325766400, -0.8050000000000000500 ) ) ;
#1852 = EDGE_CURVE ( 'NONE', #678, #3002, #371, .T. ) ;
#1853 = ORIENTED_EDGE ( 'NONE', *, *, #421, .T. ) ;
#1854 = CARTESIAN_POINT ( 'NONE',  ( 4.400999999999998900, 6.469999999999999800, -0.8050000000000000500 ) ) ;
#1855 = VECTOR ( 'NONE', #3133, 1000.000000000000000 ) ;
#1856 = EDGE_CURVE ( 'NONE', #1289, #1976, #1849, .T. ) ;
#1857 = VECTOR ( 'NONE', #1779, 1000.000000000000000 ) ;
#1858 = CARTESIAN_POINT ( 'NONE',  ( 2.019428886495921, 0.8849999999999999, -4.3 ) ) ;
#1859 = ORIENTED_EDGE ( 'NONE', *, *, #1911, .T. ) ;
#1860 = AXIS2_PLACEMENT_3D ( 'NONE', #222, #482, #230 ) ;
#1861 = LINE ( 'NONE', #2931, #1211 ) ;
#1862 = ORIENTED_EDGE ( 'NONE', *, *, #319, .F. ) ;
#1863 = ORIENTED_EDGE ( 'NONE', *, *, #2805, .T. ) ;
#1864 = AXIS2_PLACEMENT_3D ( 'NONE', #1475, #3162, #739 ) ;
#1865 = MECHANICAL_DESIGN_GEOMETRIC_PRESENTATION_REPRESENTATION (  '', ( #18 ), #1311 ) ;
#1866 = DIRECTION ( 'NONE',  ( 1.000000000000000000, -4.336808689942016200E-015, 0.0000000000000000000 ) ) ;
#1867 = ORIENTED_EDGE ( 'NONE', *, *, #2497, .F. ) ;
#1868 = ORIENTED_EDGE ( 'NONE', *, *, #1807, .F. ) ;
#1869 = ORIENTED_EDGE ( 'NONE', *, *, #3109, .T. ) ;
#1870 = CARTESIAN_POINT ( 'NONE',  ( 4.962, 1.415, -0.5499999999999999 ) ) ;
#1871 = VERTEX_POINT ( 'NONE', #935 ) ;
#1872 = VERTEX_POINT ( 'NONE', #2845 ) ;
#1873 = UNCERTAINTY_MEASURE_WITH_UNIT (LENGTH_MEASURE( 1.000000000000000100E-005 ), #581, 'distance_accuracy_value', 'NONE');
#1874 = DIRECTION ( 'NONE',  ( -1, 0, 0 ) ) ;
#1875 = CARTESIAN_POINT ( 'NONE',  ( 0.1710000000000005700, 7.370000000000001000, -0.8050000000000000500 ) ) ;
#1876 = VECTOR ( 'NONE', #607, 1000.000000000000000 ) ;
#1877 = VECTOR ( 'NONE', #189, 1000.000000000000000 ) ;
#1878 = DIRECTION ( 'NONE',  ( 0.0000000000000000000, 0.0000000000000000000, -1.000000000000000000 ) ) ;
#1879 = LINE ( 'NONE', #3077, #1771 ) ;
#1880 = ORIENTED_EDGE ( 'NONE', *, *, #1846, .F. ) ;
#1881 = EDGE_CURVE ( 'NONE', #2324, #110, #1562, .T. ) ;
#1882 = VECTOR ( 'NONE', #1063, 1000.000000000000000 ) ;
#1883 = FACE_OUTER_BOUND ( 'NONE', #2448, .T. ) ;
#1884 = ORIENTED_EDGE ( 'NONE', *, *, #2530, .F. ) ;
#1885 = CIRCLE ( 'NONE', #2879, 0.4500000000000007300 ) ;
#1886 = DIRECTION ( 'NONE',  ( -0.0000000000000000000, -0.0000000000000000000, 1.000000000000000000 ) ) ;
#1887 = ORIENTED_EDGE ( 'NONE', *, *, #412, .F. ) ;
#1888 = DIRECTION ( 'NONE',  ( 1.000000000000000000, 0.0000000000000000000, 0.0000000000000000000 ) ) ;
#1889 = VECTOR ( 'NONE', #1586, 1000.000000000000000 ) ;
#1890 = CARTESIAN_POINT ( 'NONE',  ( 4.600999999999999100, 6.469999999999998900, -0.8050000000000000500 ) ) ;
#1891 = VERTEX_POINT ( 'NONE', #666 ) ;
#1892 = EDGE_CURVE ( 'NONE', #2654, #2850, #2083, .T. ) ;
#1893 = LINE ( 'NONE', #191, #1406 ) ;
#1894 = VERTEX_POINT ( 'NONE', #2606 ) ;
#1895 = PLANE ( 'NONE',  #356 ) ;
#1896 = CARTESIAN_POINT ( 'NONE',  ( 0.3900000000000002, 0.8849999999999999, -0.5499999999999999 ) ) ;
#1897 = EDGE_CURVE ( 'NONE', #2575, #2130, #1195, .T. ) ;
#1898 = LINE ( 'NONE', #989, #951 ) ;
#1899 = ORIENTED_EDGE ( 'NONE', *, *, #779, .F. ) ;
#1900 = ORIENTED_EDGE ( 'NONE', *, *, #1534, .F. ) ;
#1901 = DIRECTION ( 'NONE',  ( 1, 0, 0 ) ) ;
#1902 = CARTESIAN_POINT ( 'NONE',  ( 0.3900000000000002, 0.8849999999999999, -1.15 ) ) ;
#1903 = ORIENTED_EDGE ( 'NONE', *, *, #2344, .F. ) ;
#1904 = DIRECTION ( 'NONE',  ( 1.000000000000000000, -0.0000000000000000000, -0.0000000000000000000 ) ) ;
#1905 = EDGE_CURVE ( 'NONE', #2628, #643, #3024, .T. ) ;
#1906 = ORIENTED_EDGE ( 'NONE', *, *, #2640, .T. ) ;
#1907 = ORIENTED_EDGE ( 'NONE', *, *, #1067, .F. ) ;
#1908 = CARTESIAN_POINT ( 'NONE',  ( 4.400999999999998900, 7.370000000000000100, -0.8050000000000000500 ) ) ;
#1909 = ORIENTED_EDGE ( 'NONE', *, *, #404, .F. ) ;
#1910 = ORIENTED_EDGE ( 'NONE', *, *, #661, .T. ) ;
#1911 = EDGE_CURVE ( 'NONE', #1759, #825, #1705, .T. ) ;
#1912 = ORIENTED_EDGE ( 'NONE', *, *, #303, .T. ) ;
#1913 = VERTEX_POINT ( 'NONE', #2467 ) ;
#1914 = LINE ( 'NONE', #1054, #1274 ) ;
#1915 = EDGE_CURVE ( 'NONE', #1457, #2914, #2728, .T. ) ;
#1916 = ADVANCED_FACE ( 'NONE', ( #893 ), #1973, .T. ) ;
#1917 = CARTESIAN_POINT ( 'NONE',  ( 2.286000000000000000, 5.419999999999999000, 0.9649999999999988600 ) ) ;
#1918 = LINE ( 'NONE', #40, #630 ) ;
#1919 = EDGE_LOOP ( 'NONE', ( #26, #1899, #2615, #907 ) ) ;
#1920 = EDGE_CURVE ( 'NONE', #2836, #3073, #3062, .T. ) ;
#1921 = CIRCLE ( 'NONE', #624, 0.4500000000000007300 ) ;
#1922 = VECTOR ( 'NONE', #3047, 1000.000000000000000 ) ;
#1923 = ORIENTED_EDGE ( 'NONE', *, *, #2196, .T. ) ;
#1924 = CARTESIAN_POINT ( 'NONE',  ( 4.600999999999999100, 3.350000000000001400, -1.335000000000000000 ) ) ;
#1925 = AXIS2_PLACEMENT_3D ( 'NONE', #1851, #855, #2800 ) ;
#1926 = VECTOR ( 'NONE', #3112, 1000.000000000000100 ) ;
#1927 = FACE_OUTER_BOUND ( 'NONE', #2239, .T. ) ;
#1928 = DIRECTION ( 'NONE',  ( 1.000000000000000000, -4.336808689941997200E-015, -0.0000000000000000000 ) ) ;
#1929 = EDGE_CURVE ( 'NONE', #1115, #2439, #486, .T. ) ;
#1930 = CARTESIAN_POINT ( 'NONE',  ( 1.785999999999999600, 6.919999999999999900, -0.8050000000000000500 ) ) ;
#1931 = LINE ( 'NONE', #981, #2543 ) ;
#1932 = ORIENTED_EDGE ( 'NONE', *, *, #1905, .T. ) ;
#1933 = VECTOR ( 'NONE', #2405, 1000.000000000000000 ) ;
#1934 = PLANE ( 'NONE',  #3097 ) ;
#1935 = ADVANCED_FACE ( 'NONE', ( #1777 ), #763, .F. ) ;
#1936 = PLANE ( 'NONE',  #519 ) ;
#1937 = LINE ( 'NONE', #3050, #2275 ) ;
#1938 = EDGE_CURVE ( 'NONE', #1061, #2718, #126, .T. ) ;
#1939 = LINE ( 'NONE', #1902, #495 ) ;
#1940 = DIRECTION ( 'NONE',  ( 1.000000000000000000, -4.336808689941997200E-015, -0.0000000000000000000 ) ) ;
#1941 = DIRECTION ( 'NONE',  ( 0, 0, -1 ) ) ;
#1942 = CARTESIAN_POINT ( 'NONE',  ( 2.726, 1.415, -1.15 ) ) ;
#1943 = ORIENTED_EDGE ( 'NONE', *, *, #2234, .T. ) ;
#1944 = CARTESIAN_POINT ( 'NONE',  ( 4.600999999999999100, 6.469999999999998900, -1.335000000000000000 ) ) ;
#1945 = ORIENTED_EDGE ( 'NONE', *, *, #3015, .F. ) ;
#1946 = CARTESIAN_POINT ( 'NONE',  ( 4.182, 0.8849999999999999, -3.6 ) ) ;
#1947 = ORIENTED_EDGE ( 'NONE', *, *, #2071, .T. ) ;
#1948 = DIRECTION ( 'NONE',  ( -1, 0, 0 ) ) ;
#1949 = DIRECTION ( 'NONE',  ( 1.000000000000000000, -9.366757429680386100E-017, 0.0000000000000000000 ) ) ;
#1950 = CARTESIAN_POINT ( 'NONE',  ( 4.600999999999999100, 6.469999999999998900, -1.335000000000000000 ) ) ;
#1951 = PLANE ( 'NONE',  #1253 ) ;
#1952 = DIRECTION ( 'NONE',  ( -1.000000000000000000, -0.0000000000000000000, -0.0000000000000000000 ) ) ;
#1953 = VECTOR ( 'NONE', #556, 1000.000000000000000 ) ;
#1954 = DIRECTION ( 'NONE',  ( 1.000000000000000000, -9.366757429680386100E-017, 0.0000000000000000000 ) ) ;
#1955 = EDGE_CURVE ( 'NONE', #1410, #2466, #443, .T. ) ;
#1956 = VECTOR ( 'NONE', #908, 1000.000000000000000 ) ;
#1957 = DIRECTION ( 'NONE',  ( 0.0000000000000000000, -1.000000000000000000, 0.0000000000000000000 ) ) ;
#1958 = CARTESIAN_POINT ( 'NONE',  ( 4.400999999999998900, 7.370000000000000100, -0.8050000000000000500 ) ) ;
#1959 = VECTOR ( 'NONE', #79, 1000.000000000000000 ) ;
#1960 = ORIENTED_EDGE ( 'NONE', *, *, #1372, .F. ) ;
#1961 = DIRECTION ( 'NONE',  ( 0, 0, -1 ) ) ;
#1962 = MECHANICAL_DESIGN_GEOMETRIC_PRESENTATION_REPRESENTATION (  '', ( #1743 ), #3094 ) ;
#1963 = DIRECTION ( 'NONE',  ( 1.000000000000000000, -1.390002785237827100E-016, 0.0000000000000000000 ) ) ;
#1964 = FACE_OUTER_BOUND ( 'NONE', #1421, .T. ) ;
#1965 = DIRECTION ( 'NONE',  ( 0.0000000000000000000, 0.0000000000000000000, -1.000000000000000000 ) ) ;
#1966 = CARTESIAN_POINT ( 'NONE',  ( 0.7209999999999992000, 8.650000000000002100, -1.335000000000000000 ) ) ;
#1967 = VECTOR ( 'NONE', #271, 1000.000000000000000 ) ;
#1968 = FACE_OUTER_BOUND ( 'NONE', #80, .T. ) ;
#1969 = ORIENTED_EDGE ( 'NONE', *, *, #2607, .T. ) ;
#1970 = CARTESIAN_POINT ( 'NONE',  ( 2.785999999999999600, 7.370000000000001000, -1.335000000000000000 ) ) ;
#1971 = LINE ( 'NONE', #2513, #534 ) ;
#1972 = ORIENTED_EDGE ( 'NONE', *, *, #1881, .T. ) ;
#1973 = PLANE ( 'NONE',  #959 ) ;
#1974 = EDGE_LOOP ( 'NONE', ( #1425, #2710, #3040, #769 ) ) ;
#1975 = ORIENTED_EDGE ( 'NONE', *, *, #718, .F. ) ;
#1976 = VERTEX_POINT ( 'NONE', #28 ) ;
#1977 = ORIENTED_EDGE ( 'NONE', *, *, #1539, .T. ) ;
#1978 = DIRECTION ( 'NONE',  ( 0, -0.9961946980917455, -0.08715574274765858 ) ) ;
#1979 = CARTESIAN_POINT ( 'NONE',  ( 4.132, 1.415, -1.15 ) ) ;
#1980 = ORIENTED_EDGE ( 'NONE', *, *, #3015, .T. ) ;
#1981 = AXIS2_PLACEMENT_3D ( 'NONE', #2291, #1800, #2535 ) ;
#1982 = CARTESIAN_POINT ( 'NONE',  ( -1.014000000000000200, 1.149999999999999900, -1.035000000000000100 ) ) ;
#1983 = EDGE_LOOP ( 'NONE', ( #1829, #2355, #2807, #768 ) ) ;
#1984 = DIRECTION ( 'NONE',  ( 0.0000000000000000000, 0.08715574274765830500, -0.9961946980917455500 ) ) ;
#1985 = ORIENTED_EDGE ( 'NONE', *, *, #1840, .T. ) ;
#1986 = DIRECTION ( 'NONE',  ( 0, -1, 0 ) ) ;
#1987 = CARTESIAN_POINT ( 'NONE',  ( 1.785999999999999600, 6.919999999999999900, -1.335000000000000000 ) ) ;
#1988 = EDGE_CURVE ( 'NONE', #1685, #2182, #283, .T. ) ;
#1989 = CARTESIAN_POINT ( 'NONE',  ( 4.132, 1.415, -0.5499999999999998 ) ) ;
#1990 = CARTESIAN_POINT ( 'NONE',  ( 1.896, 1.415, -3.6 ) ) ;
#1991 = DIRECTION ( 'NONE',  ( -1, 0, 0 ) ) ;
#1992 = CARTESIAN_POINT ( 'NONE',  ( 1.896, 0.8849999999999999, -1.15 ) ) ;
#1993 = CARTESIAN_POINT ( 'NONE',  ( 0.1710000000000005700, 7.370000000000001000, -0.8050000000000000500 ) ) ;
#1994 = DIRECTION ( 'NONE',  ( 0.0000000000000000000, 0.0000000000000000000, 1.000000000000000000 ) ) ;
#1995 = DIRECTION ( 'NONE',  ( 0.0000000000000000000, 1.000000000000000000, 0.0000000000000000000 ) ) ;
#1996 = LINE ( 'NONE', #808, #1188 ) ;
#1997 = ORIENTED_EDGE ( 'NONE', *, *, #1058, .T. ) ;
#1998 = DIRECTION ( 'NONE',  ( 0.0000000000000000000, 0.0000000000000000000, -1.000000000000000000 ) ) ;
#1999 = LINE ( 'NONE', #2228, #436 ) ;
#2000 = VECTOR ( 'NONE', #563, 1000.000000000000000 ) ;
#2001 = ADVANCED_FACE ( 'NONE', ( #2381 ), #1495, .F. ) ;
#2002 = EDGE_LOOP ( 'NONE', ( #343, #2842, #805, #2337 ) ) ;
#2003 = DIRECTION ( 'NONE',  ( 0.05213734452107518500, -0.08703720429184742800, 0.9948397973419388400 ) ) ;
#2004 = DIRECTION ( 'NONE',  ( 0, 1, 0 ) ) ;
#2005 = VECTOR ( 'NONE', #39, 1000.000000000000000 ) ;
#2006 = ORIENTED_EDGE ( 'NONE', *, *, #1592, .T. ) ;
#2007 = AXIS2_PLACEMENT_3D ( 'NONE', #1917, #1464, #3148 ) ;
#2008 = VECTOR ( 'NONE', #493, 1000.000000000000000 ) ;
#2009 = VERTEX_POINT ( 'NONE', #2944 ) ;
#2010 = EDGE_CURVE ( 'NONE', #2177, #3073, #710, .T. ) ;
#2011 = DIRECTION ( 'NONE',  ( -1.000000000000000000, 0.0000000000000000000, 0.0000000000000000000 ) ) ;
#2012 = CARTESIAN_POINT ( 'NONE',  ( 1.335999999999999000, 6.919999999999999900, -0.8050000000000000500 ) ) ;
#2013 = VECTOR ( 'NONE', #2161, 1000.000000000000000 ) ;
#2014 = MANIFOLD_SOLID_BREP ( 'Body-Move/Copy1[5]', #1845 ) ;
#2015 = EDGE_CURVE ( 'NONE', #2901, #1680, #1669, .T. ) ;
#2016 = FACE_OUTER_BOUND ( 'NONE', #2893, .T. ) ;
#2017 = DIRECTION ( 'NONE',  ( 1, 0, 0 ) ) ;
#2018 = CARTESIAN_POINT ( 'NONE',  ( 5.585999999999999400, 1.149999999999999900, 0.2650000000000000100 ) ) ;
#2019 = ORIENTED_EDGE ( 'NONE', *, *, #2479, .T. ) ;
#2020 = LINE ( 'NONE', #912, #2353 ) ;
#2021 = VERTEX_POINT ( 'NONE', #1014 ) ;
#2022 = ORIENTED_EDGE ( 'NONE', *, *, #1291, .F. ) ;
#2023 = PLANE ( 'NONE',  #1763 ) ;
#2024 = VERTEX_POINT ( 'NONE', #46 ) ;
#2025 = EDGE_LOOP ( 'NONE', ( #799, #2524, #1906, #70 ) ) ;
#2026 = DIRECTION ( 'NONE',  ( -0.0000000000000000000, -0.0000000000000000000, -1.000000000000000000 ) ) ;
#2027 = CARTESIAN_POINT ( 'NONE',  ( 4.132, 0.8849999999999999, -1.15 ) ) ;
#2028 = ORIENTED_EDGE ( 'NONE', *, *, #2883, .F. ) ;
#2029 = AXIS2_PLACEMENT_3D ( 'NONE', #2862, #2626, #2647 ) ;
#2030 = AXIS2_PLACEMENT_3D ( 'NONE', #2086, #1126, #638 ) ;
#2031 = CARTESIAN_POINT ( 'NONE',  ( 1.785999999999999800, 7.370000000000001000, -1.335000000000000000 ) ) ;
#2032 = DIRECTION ( 'NONE',  ( -0.1736481776669236, 0, 0.9848077530122092 ) ) ;
#2033 = PRESENTATION_STYLE_ASSIGNMENT (( #461 ) ) ;
#2034 = ORIENTED_EDGE ( 'NONE', *, *, #319, .T. ) ;
#2035 = ADVANCED_FACE ( 'NONE', ( #675 ), #1563, .F. ) ;
#2036 = FACE_OUTER_BOUND ( 'NONE', #676, .T. ) ;
#2037 = CARTESIAN_POINT ( 'NONE',  ( 5.585999999999999400, 1.149999999999999900, -1.035000000000001000 ) ) ;
#2038 = DIRECTION ( 'NONE',  ( 0, 1, 0 ) ) ;
#2039 = VECTOR ( 'NONE', #2003, 1000.000000000000000 ) ;
#2040 = ORIENTED_EDGE ( 'NONE', *, *, #1764, .T. ) ;
#2041 = LINE ( 'NONE', #2725, #1191 ) ;
#2042 = FACE_OUTER_BOUND ( 'NONE', #2522, .T. ) ;
#2043 = VERTEX_POINT ( 'NONE', #770 ) ;
#2044 = DIRECTION ( 'NONE',  ( 1.000000000000000000, -4.336808689942016200E-015, 0.0000000000000000000 ) ) ;
#2045 = LINE ( 'NONE', #778, #90 ) ;
#2046 =( GEOMETRIC_REPRESENTATION_CONTEXT ( 3 ) GLOBAL_UNCERTAINTY_ASSIGNED_CONTEXT ( ( #109 ) ) GLOBAL_UNIT_ASSIGNED_CONTEXT ( ( #523, #2220, #535 ) ) REPRESENTATION_CONTEXT ( 'NONE', 'WORKASPACE' ) );
#2047 = VECTOR ( 'NONE', #3013, 1000.000000000000000 ) ;
#2048 = ORIENTED_EDGE ( 'NONE', *, *, #627, .F. ) ;
#2049 = ADVANCED_FACE ( 'NONE', ( #860 ), #81, .T. ) ;
#2050 = FACE_OUTER_BOUND ( 'NONE', #297, .T. ) ;
#2051 = EDGE_CURVE ( 'NONE', #2333, #2079, #367, .T. ) ;
#2052 = CARTESIAN_POINT ( 'NONE',  ( 4.962, 0.8849999999999999, -0.5499999999999999 ) ) ;
#2053 = ORIENTED_EDGE ( 'NONE', *, *, #619, .F. ) ;
#2054 = FACE_OUTER_BOUND ( 'NONE', #2399, .T. ) ;
#2055 = VERTEX_POINT ( 'NONE', #1551 ) ;
#2056 = CARTESIAN_POINT ( 'NONE',  ( 1.896, 0.8849999999999999, 0 ) ) ;
#2057 = VERTEX_POINT ( 'NONE', #568 ) ;
#2058 = ORIENTED_EDGE ( 'NONE', *, *, #661, .F. ) ;
#2059 = EDGE_CURVE ( 'NONE', #952, #2439, #932, .T. ) ;
#2060 = EDGE_LOOP ( 'NONE', ( #2859, #1544, #32, #1980 ) ) ;
#2061 = DIRECTION ( 'NONE',  ( 0, -1, 0 ) ) ;
#2062 =( NAMED_UNIT ( * ) SI_UNIT ( $, .STERADIAN. ) SOLID_ANGLE_UNIT ( ) );
#2063 = ADVANCED_FACE ( 'NONE', ( #162 ), #1788, .F. ) ;
#2064 = ORIENTED_EDGE ( 'NONE', *, *, #1477, .F. ) ;
#2065 = ORIENTED_EDGE ( 'NONE', *, *, #1826, .T. ) ;
#2066 = ADVANCED_FACE ( 'NONE', ( #8 ), #2526, .F. ) ;
#2067 = ORIENTED_EDGE ( 'NONE', *, *, #207, .T. ) ;
#2068 = CARTESIAN_POINT ( 'NONE',  ( 2.785999999999999600, 7.370000000000001000, -0.8050000000000000500 ) ) ;
#2069 = CARTESIAN_POINT ( 'NONE',  ( -0.4400000000000003, 0.8849999999999999, -1.15 ) ) ;
#2070 = AXIS2_PLACEMENT_3D ( 'NONE', #71, #2625, #1476 ) ;
#2071 = EDGE_CURVE ( 'NONE', #2174, #429, #2541, .T. ) ;
#2072 = LINE ( 'NONE', #1733, #886 ) ;
#2073 =( GEOMETRIC_REPRESENTATION_CONTEXT ( 3 ) GLOBAL_UNCERTAINTY_ASSIGNED_CONTEXT ( ( #1118 ) ) GLOBAL_UNIT_ASSIGNED_CONTEXT ( ( #2695, #241, #764 ) ) REPRESENTATION_CONTEXT ( 'NONE', 'WORKASPACE' ) );
#2074 = EDGE_CURVE ( 'NONE', #2995, #2596, #1238, .T. ) ;
#2075 = FACE_OUTER_BOUND ( 'NONE', #933, .T. ) ;
#2076 = DIRECTION ( 'NONE',  ( -1, 0, 0 ) ) ;
#2077 = FACE_OUTER_BOUND ( 'NONE', #3057, .T. ) ;
#2078 = FACE_OUTER_BOUND ( 'NONE', #1659, .T. ) ;
#2079 = VERTEX_POINT ( 'NONE', #2031 ) ;
#2080 = CARTESIAN_POINT ( 'NONE',  ( 1.335999999999999000, 6.919999999999999900, -0.8050000000000000500 ) ) ;
#2081 = ADVANCED_FACE ( 'NONE', ( #2945 ), #856, .F. ) ;
#2082 = LINE ( 'NONE', #1875, #2266 ) ;
#2083 = LINE ( 'NONE', #3086, #2236 ) ;
#2084 = EDGE_LOOP ( 'NONE', ( #538, #101, #1408, #2583, #3142, #3068, #2906, #1722 ) ) ;
#2085 = PRESENTATION_STYLE_ASSIGNMENT (( #973 ) ) ;
#2086 = CARTESIAN_POINT ( 'NONE',  ( 5.585999999999999400, 7.370000000000000100, -1.335000000000000000 ) ) ;
#2087 = ORIENTED_EDGE ( 'NONE', *, *, #1929, .T. ) ;
#2088 = EDGE_CURVE ( 'NONE', #284, #1034, #2300, .T. ) ;
#2089 = LINE ( 'NONE', #2293, #337 ) ;
#2090 = DIRECTION ( 'NONE',  ( 0.0000000000000000000, 0.0000000000000000000, -1.000000000000000000 ) ) ;
#2091 = CARTESIAN_POINT ( 'NONE',  ( 4.400999999999998900, 6.469999999999999800, -0.8050000000000000500 ) ) ;
#2092 = VECTOR ( 'NONE', #3063, 1000.000000000000100 ) ;
#2093 = AXIS2_PLACEMENT_3D ( 'NONE', #2218, #1527, #2205 ) ;
#2094 = CARTESIAN_POINT ( 'NONE',  ( 4.962, 1.415, -1.15 ) ) ;
#2095 = EDGE_CURVE ( 'NONE', #2967, #2958, #200, .T. ) ;
#2096 = DIRECTION ( 'NONE',  ( 0.0000000000000000000, -0.0000000000000000000, 1.000000000000000000 ) ) ;
#2097 = ADVANCED_FACE ( 'NONE', ( #2042 ), #141, .T. ) ;
#2098 = VECTOR ( 'NONE', #2638, 1000.000000000000100 ) ;
#2099 = EDGE_LOOP ( 'NONE', ( #1405, #1294, #783, #2547 ) ) ;
#2100 = CARTESIAN_POINT ( 'NONE',  ( 0.1710000000000005700, 7.370000000000001000, -1.335000000000000000 ) ) ;
#2101 = ADVANCED_FACE ( 'NONE', ( #2078 ), #1351, .T. ) ;
#2102 = EDGE_LOOP ( 'NONE', ( #473, #49, #767, #2934 ) ) ;
#2103 = DIRECTION ( 'NONE',  ( -1.000000000000000000, -0.0000000000000000000, -0.0000000000000000000 ) ) ;
#2104 = CARTESIAN_POINT ( 'NONE',  ( -0.2665711135040791, 0.8849999999999999, -4.3 ) ) ;
#2105 = ORIENTED_EDGE ( 'NONE', *, *, #654, .F. ) ;
#2106 = CLOSED_SHELL ( 'NONE', ( #2343, #358, #1780, #150, #1302, #2702, #1805, #1584, #1799, #1108, #2890, #2998, #1331, #2035, #474, #229 ) ) ;
#2107 = ORIENTED_EDGE ( 'NONE', *, *, #333, .T. ) ;
#2108 = DIRECTION ( 'NONE',  ( -1, 0, 0 ) ) ;
#2109 = VERTEX_POINT ( 'NONE', #1661 ) ;
#2110 = EDGE_CURVE ( 'NONE', #3066, #2827, #1398, .T. ) ;
#2111 = LINE ( 'NONE', #1086, #2676 ) ;
#2112 = DIRECTION ( 'NONE',  ( 0.1736481776669236, 0, -0.9848077530122092 ) ) ;
#2113 = ORIENTED_EDGE ( 'NONE', *, *, #2251, .F. ) ;
#2114 = CARTESIAN_POINT ( 'NONE',  ( 3.851000000000000400, 8.650000000000002100, -1.335000000000000000 ) ) ;
#2115 = LINE ( 'NONE', #2363, #1314 ) ;
#2116 = ADVANCED_FACE ( 'NONE', ( #634 ), #657, .F. ) ;
#2117 = DIRECTION ( 'NONE',  ( -1.000000000000000000, -0.0000000000000000000, -0.0000000000000000000 ) ) ;
#2118 = VECTOR ( 'NONE', #3025, 1000.000000000000200 ) ;
#2119 = CARTESIAN_POINT ( 'NONE',  ( 2.785999999999999600, 6.469999999999998900, -0.8050000000000000500 ) ) ;
#2120 = VECTOR ( 'NONE', #2940, 1000.000000000000000 ) ;
#2121 = VECTOR ( 'NONE', #172, 1000.000000000000000 ) ;
#2122 = EDGE_CURVE ( 'NONE', #1327, #530, #1481, .T. ) ;
#2123 = CARTESIAN_POINT ( 'NONE',  ( -0.3900000000000002, 1.415, -0.5499999999999999 ) ) ;
#2124 = VERTEX_POINT ( 'NONE', #2370 ) ;
#2125 = CARTESIAN_POINT ( 'NONE',  ( 2.726, 0.8849999999999999, -0.5499999999999998 ) ) ;
#2126 = DIRECTION ( 'NONE',  ( 0.9659258262890680900, 0.2588190451025212400, 0.0000000000000000000 ) ) ;
#2127 = EDGE_LOOP ( 'NONE', ( #317, #759, #992, #330 ) ) ;
#2128 = VECTOR ( 'NONE', #179, 1000.000000000000000 ) ;
#2129 = CARTESIAN_POINT ( 'NONE',  ( 5.185999999999997300, 7.370000000000000100, -0.8954522362387918900 ) ) ;
#2130 = VERTEX_POINT ( 'NONE', #1422 ) ;
#2131 = ADVANCED_FACE ( 'NONE', ( #1883 ), #1133, .T. ) ;
#2132 = CARTESIAN_POINT ( 'NONE',  ( -0.6139999999999999900, 7.370000000000000100, -1.335000000000000000 ) ) ;
#2133 = AXIS2_PLACEMENT_3D ( 'NONE', #2898, #1449, #2187 ) ;
#2134 = ORIENTED_EDGE ( 'NONE', *, *, #1892, .T. ) ;
#2135 = VERTEX_POINT ( 'NONE', #2155 ) ;
#2136 = DIRECTION ( 'NONE',  ( 0, 1, 0 ) ) ;
#2137 = EDGE_CURVE ( 'NONE', #1605, #1289, #1736, .T. ) ;
#2138 = PRODUCT_DEFINITION ( 'UNKNOWN', '', #3153, #1122 ) ;
#2139 = ORIENTED_EDGE ( 'NONE', *, *, #2919, .F. ) ;
#2140 = EDGE_LOOP ( 'NONE', ( #2700, #2048, #472, #1684, #380 ) ) ;
#2141 = CARTESIAN_POINT ( 'NONE',  ( 5.585999999999999400, 0.0000000000000000000, 0.0000000000000000000 ) ) ;
#2142 = VERTEX_POINT ( 'NONE', #2839 ) ;
#2143 = CARTESIAN_POINT ( 'NONE',  ( 5.080639670003021600, 7.215145065559113400, 0.9649999999999998600 ) ) ;
#2144 = CARTESIAN_POINT ( 'NONE',  ( 4.950999999999999600, 8.355255888325766400, -1.335000000000000000 ) ) ;
#2145 = PRESENTATION_STYLE_ASSIGNMENT (( #1095 ) ) ;
#2146 = LINE ( 'NONE', #314, #1953 ) ;
#2147 = DIRECTION ( 'NONE',  ( -1.000000000000000000, 0.0000000000000000000, 0.0000000000000000000 ) ) ;
#2148 = ORIENTED_EDGE ( 'NONE', *, *, #2010, .F. ) ;
#2149 = PLANE ( 'NONE',  #1530 ) ;
#2150 = DIRECTION ( 'NONE',  ( 0, 1, 0 ) ) ;
#2151 = CARTESIAN_POINT ( 'NONE',  ( 2.726, 1.415, -1.15 ) ) ;
#2152 = AXIS2_PLACEMENT_3D ( 'NONE', #2973, #2994, #1797 ) ;
#2153 = FACE_OUTER_BOUND ( 'NONE', #2669, .T. ) ;
#2154 = EDGE_CURVE ( 'NONE', #1465, #451, #2574, .T. ) ;
#2155 = CARTESIAN_POINT ( 'NONE',  ( 2.552571113504079, 0.8849999999999999, -4.3 ) ) ;
#2156 = VECTOR ( 'NONE', #2516, 1000.000000000000000 ) ;
#2157 = VECTOR ( 'NONE', #916, 1000.000000000000000 ) ;
#2158 = VERTEX_POINT ( 'NONE', #2143 ) ;
#2159 = AXIS2_PLACEMENT_3D ( 'NONE', #2141, #686, #147 ) ;
#2160 = EDGE_LOOP ( 'NONE', ( #987, #1005, #2631, #2709 ) ) ;
#2161 = DIRECTION ( 'NONE',  ( 0, 0, 1 ) ) ;
#2162 = ADVANCED_FACE ( 'NONE', ( #3130 ), #148, .F. ) ;
#2163 = CARTESIAN_POINT ( 'NONE',  ( 4.838571113504079, 0.8849999999999999, -4.3 ) ) ;
#2164 = LINE ( 'NONE', #1654, #866 ) ;
#2165 = VERTEX_POINT ( 'NONE', #1403 ) ;
#2166 = LINE ( 'NONE', #930, #2849 ) ;
#2167 = EDGE_LOOP ( 'NONE', ( #731, #1460, #1117, #1682 ) ) ;
#2168 = CARTESIAN_POINT ( 'NONE',  ( -0.2665711135040791, 0.8849999999999999, -4.3 ) ) ;
#2169 = DIRECTION ( 'NONE',  ( 0.0000000000000000000, 0.0000000000000000000, -1.000000000000000000 ) ) ;
#2170 = AXIS2_PLACEMENT_3D ( 'NONE', #679, #2602, #2857 ) ;
#2171 = VECTOR ( 'NONE', #348, 1000.000000000000000 ) ;
#2172 = ORIENTED_EDGE ( 'NONE', *, *, #2074, .T. ) ;
#2173 = LINE ( 'NONE', #726, #1536 ) ;
#2174 = VERTEX_POINT ( 'NONE', #923 ) ;
#2175 =( GEOMETRIC_REPRESENTATION_CONTEXT ( 3 ) GLOBAL_UNCERTAINTY_ASSIGNED_CONTEXT ( ( #453 ) ) GLOBAL_UNIT_ASSIGNED_CONTEXT ( ( #1269, #1538, #55 ) ) REPRESENTATION_CONTEXT ( 'NONE', 'WORKASPACE' ) );
#2176 = EDGE_CURVE ( 'NONE', #1784, #429, #1281, .T. ) ;
#2177 = VERTEX_POINT ( 'NONE', #3080 ) ;
#2178 = CARTESIAN_POINT ( 'NONE',  ( 4.182, 1.415, -1.15 ) ) ;
#2179 = PLANE ( 'NONE',  #2478 ) ;
#2180 = ORIENTED_EDGE ( 'NONE', *, *, #1173, .F. ) ;
#2181 = DIRECTION ( 'NONE',  ( 0.0000000000000000000, 0.0000000000000000000, -1.000000000000000000 ) ) ;
#2182 = VERTEX_POINT ( 'NONE', #2630 ) ;
#2183 = EDGE_LOOP ( 'NONE', ( #3049, #972, #1366, #2483 ) ) ;
#2184 = AXIS2_PLACEMENT_3D ( 'NONE', #1543, #300, #2533 ) ;
#2185 = DIRECTION ( 'NONE',  ( 0.0000000000000000000, -1.000000000000000000, 0.0000000000000000000 ) ) ;
#2186 = VERTEX_POINT ( 'NONE', #194 ) ;
#2187 = DIRECTION ( 'NONE',  ( 1.000000000000000000, 0.0000000000000000000, -0.0000000000000000000 ) ) ;
#2188 = FACE_OUTER_BOUND ( 'NONE', #2558, .T. ) ;
#2189 = DIRECTION ( 'NONE',  ( 0, 0, 1 ) ) ;
#2190 = CARTESIAN_POINT ( 'NONE',  ( -0.3790000000000000000, 7.370000000000001000, -0.8050000000000000500 ) ) ;
#2191 = LINE ( 'NONE', #1381, #891 ) ;
#2192 = VERTEX_POINT ( 'NONE', #159 ) ;
#2193 = FACE_OUTER_BOUND ( 'NONE', #1177, .T. ) ;
#2194 = FACE_OUTER_BOUND ( 'NONE', #2099, .T. ) ;
#2195 = CARTESIAN_POINT ( 'NONE',  ( -0.6139999999999999900, 7.370000000000000100, -1.335000000000000000 ) ) ;
#2196 = EDGE_CURVE ( 'NONE', #2324, #1392, #2459, .T. ) ;
#2197 = DIRECTION ( 'NONE',  ( 0.0000000000000000000, 0.0000000000000000000, 1.000000000000000000 ) ) ;
#2198 = CARTESIAN_POINT ( 'NONE',  ( 2.286000000000000000, 5.419999999999999000, 0.9649999999999988600 ) ) ;
#2199 = VECTOR ( 'NONE', #2688, 1000.000000000000000 ) ;
#2200 = CARTESIAN_POINT ( 'NONE',  ( 1.785999999999999800, 6.469999999999998900, -0.8050000000000000500 ) ) ;
#2201 = DIRECTION ( 'NONE',  ( 0.0000000000000000000, 0.0000000000000000000, -1.000000000000000000 ) ) ;
#2202 = LINE ( 'NONE', #1510, #450 ) ;
#2203 = ORIENTED_EDGE ( 'NONE', *, *, #1380, .T. ) ;
#2204 = ORIENTED_EDGE ( 'NONE', *, *, #946, .F. ) ;
#2205 = DIRECTION ( 'NONE',  ( 0.0000000000000000000, 0.0000000000000000000, 1.000000000000000000 ) ) ;
#2206 = VERTEX_POINT ( 'NONE', #2382 ) ;
#2207 = CARTESIAN_POINT ( 'NONE',  ( 2.785999999999999600, 6.469999999999998900, -1.335000000000000000 ) ) ;
#2208 = ORIENTED_EDGE ( 'NONE', *, *, #730, .F. ) ;
#2209 = ORIENTED_EDGE ( 'NONE', *, *, #224, .T. ) ;
#2210 = CARTESIAN_POINT ( 'NONE',  ( 1.896, 0.8849999999999999, -3.6 ) ) ;
#2211 = ORIENTED_EDGE ( 'NONE', *, *, #196, .T. ) ;
#2212 = CARTESIAN_POINT ( 'NONE',  ( 0.3900000000000002, 0.8849999999999999, -1.15 ) ) ;
#2213 = AXIS2_PLACEMENT_3D ( 'NONE', #1650, #2853, #1156 ) ;
#2214 = DIRECTION ( 'NONE',  ( -1.000000000000000000, 9.366757429680386100E-017, 0.0000000000000000000 ) ) ;
#2215 = VERTEX_POINT ( 'NONE', #2620 ) ;
#2216 = ORIENTED_EDGE ( 'NONE', *, *, #1202, .F. ) ;
#2217 = CARTESIAN_POINT ( 'NONE',  ( 4.400999999999998900, 7.370000000000000100, -1.335000000000000000 ) ) ;
#2218 = CARTESIAN_POINT ( 'NONE',  ( 0.1710000000000005700, 7.370000000000001000, -0.8050000000000000500 ) ) ;
#2219 = PLANE ( 'NONE',  #2785 ) ;
#2220 =( NAMED_UNIT ( * ) PLANE_ANGLE_UNIT ( ) SI_UNIT ( $, .RADIAN. ) );
#2221 = DIRECTION ( 'NONE',  ( 0, 1, 0 ) ) ;
#2222 = ORIENTED_EDGE ( 'NONE', *, *, #794, .T. ) ;
#2223 = DIRECTION ( 'NONE',  ( 0.0000000000000000000, -1.000000000000000000, 0.0000000000000000000 ) ) ;
#2224 = CARTESIAN_POINT ( 'NONE',  ( 4.950999999999999600, 7.370000000000000100, -0.8050000000000000500 ) ) ;
#2225 = VECTOR ( 'NONE', #1119, 1000.000000000000000 ) ;
#2226 = EDGE_CURVE ( 'NONE', #1871, #449, #1357, .T. ) ;
#2227 = DIRECTION ( 'NONE',  ( 0.0000000000000000000, -1.000000000000000000, 0.0000000000000000000 ) ) ;
#2228 = CARTESIAN_POINT ( 'NONE',  ( -0.3790000000000000000, 7.370000000000001000, -1.335000000000000000 ) ) ;
#2229 = FACE_OUTER_BOUND ( 'NONE', #1143, .T. ) ;
#2230 = DIRECTION ( 'NONE',  ( 0.1379524107232982500, 0.0000000000000000000, -0.9904388584741769000 ) ) ;
#2231 = VECTOR ( 'NONE', #59, 1000.000000000000000 ) ;
#2232 = VECTOR ( 'NONE', #904, 1000.000000000000000 ) ;
#2233 = VERTEX_POINT ( 'NONE', #1411 ) ;
#2234 = EDGE_CURVE ( 'NONE', #990, #1074, #1516, .T. ) ;
#2235 = VECTOR ( 'NONE', #698, 1000.000000000000000 ) ;
#2236 = VECTOR ( 'NONE', #500, 1000.000000000000000 ) ;
#2237 = FILL_AREA_STYLE_COLOUR ( '', #1606 ) ;
#2238 = VECTOR ( 'NONE', #3099, 1000.000000000000000 ) ;
#2239 = EDGE_LOOP ( 'NONE', ( #171, #435, #311, #1831 ) ) ;
#2240 = DIRECTION ( 'NONE',  ( 0.1736481776669236, 0, -0.9848077530122092 ) ) ;
#2241 = CARTESIAN_POINT ( 'NONE',  ( 2.019428886495921, 1.415, -4.3 ) ) ;
#2242 = CARTESIAN_POINT ( 'NONE',  ( 1.846, 0.8849999999999999, -0.5499999999999998 ) ) ;
#2243 = LINE ( 'NONE', #1989, #208 ) ;
#2244 = ADVANCED_FACE ( 'NONE', ( #1192 ), #2179, .T. ) ;
#2245 = VECTOR ( 'NONE', #2670, 1000.000000000000000 ) ;
#2246 = CARTESIAN_POINT ( 'NONE',  ( 0.4400000000000003, 0.8849999999999999, -1.15 ) ) ;
#2247 = ORIENTED_EDGE ( 'NONE', *, *, #2745, .F. ) ;
#2248 = ORIENTED_EDGE ( 'NONE', *, *, #2154, .F. ) ;
#2249 = CARTESIAN_POINT ( 'NONE',  ( -1.014000000000000200, 6.969999999999998900, -1.035000000000000100 ) ) ;
#2250 = ORIENTED_EDGE ( 'NONE', *, *, #1988, .T. ) ;
#2251 = EDGE_CURVE ( 'NONE', #1034, #1469, #1162, .T. ) ;
#2252 = ORIENTED_EDGE ( 'NONE', *, *, #1762, .T. ) ;
#2253 = ORIENTED_EDGE ( 'NONE', *, *, #566, .F. ) ;
#2254 = CARTESIAN_POINT ( 'NONE',  ( -0.3790000000000000000, 7.370000000000001000, -0.8050000000000000500 ) ) ;
#2255 = CARTESIAN_POINT ( 'NONE',  ( -0.4400000000000003, 1.415, -0.5499999999999998 ) ) ;
#2256 = VERTEX_POINT ( 'NONE', #225 ) ;
#2257 = CARTESIAN_POINT ( 'NONE',  ( -0.6139999999999999900, 7.370000000000000100, -0.8954522362388109800 ) ) ;
#2258 = CARTESIAN_POINT ( 'NONE',  ( 4.600999999999999100, 6.469999999999998900, -0.8050000000000000500 ) ) ;
#2259 = DIRECTION ( 'NONE',  ( -0.9848077530122092, 0, 0.1736481776669236 ) ) ;
#2260 = CARTESIAN_POINT ( 'NONE',  ( 5.585999999999999400, 7.370000000000000100, -1.335000000000000000 ) ) ;
#2261 = VECTOR ( 'NONE', #1886, 1000.000000000000000 ) ;
#2262 = FILL_AREA_STYLE_COLOUR ( '', #1185 ) ;
#2263 = ORIENTED_EDGE ( 'NONE', *, *, #925, .F. ) ;
#2264 = EDGE_CURVE ( 'NONE', #1115, #526, #1814, .T. ) ;
#2265 = PLANE ( 'NONE',  #683 ) ;
#2266 = VECTOR ( 'NONE', #2371, 1000.000000000000000 ) ;
#2267 = VECTOR ( 'NONE', #1099, 1000.000000000000000 ) ;
#2268 = VERTEX_POINT ( 'NONE', #1446 ) ;
#2269 = DIRECTION ( 'NONE',  ( 0.0000000000000000000, -0.0000000000000000000, -1.000000000000000000 ) ) ;
#2270 = LINE ( 'NONE', #1235, #715 ) ;
#2271 = ORIENTED_EDGE ( 'NONE', *, *, #1387, .F. ) ;
#2272 = CARTESIAN_POINT ( 'NONE',  ( 0.0000000000000000000, 0.0000000000000000000, 0.0000000000000000000 ) ) ;
#2273 = EDGE_CURVE ( 'NONE', #1891, #2891, #2377, .T. ) ;
#2274 = LINE ( 'NONE', #881, #2691 ) ;
#2275 = VECTOR ( 'NONE', #1123, 1000.000000000000000 ) ;
#2276 = DIRECTION ( 'NONE',  ( -1, 0, 0 ) ) ;
#2277 = CARTESIAN_POINT ( 'NONE',  ( 1.785999999999999600, 5.419999999999999000, 0.8649999999999987700 ) ) ;
#2278 = ORIENTED_EDGE ( 'NONE', *, *, #1500, .T. ) ;
#2279 = VERTEX_POINT ( 'NONE', #1483 ) ;
#2280 = ORIENTED_EDGE ( 'NONE', *, *, #1534, .T. ) ;
#2281 = DIRECTION ( 'NONE',  ( 0.0000000000000000000, 0.0000000000000000000, -1.000000000000000000 ) ) ;
#2282 = FILL_AREA_STYLE ('',( #2262 ) ) ;
#2283 = EDGE_LOOP ( 'NONE', ( #1140, #1401, #1016, #2203 ) ) ;
#2284 = EDGE_CURVE ( 'NONE', #376, #2206, #1434, .T. ) ;
#2285 = ORIENTED_EDGE ( 'NONE', *, *, #521, .F. ) ;
#2286 = ADVANCED_FACE ( 'NONE', ( #47 ), #479, .T. ) ;
#2287 = CARTESIAN_POINT ( 'NONE',  ( 4.950999999999999600, 8.355255888325766400, -1.335000000000000000 ) ) ;
#2288 = DIRECTION ( 'NONE',  ( 0.0000000000000000000, 0.0000000000000000000, -1.000000000000000000 ) ) ;
#2289 = EDGE_LOOP ( 'NONE', ( #425, #1451, #273, #1142, #2875, #652, #2290, #2598, #1509, #27, #1960, #3070, #650, #1730 ) ) ;
#2290 = ORIENTED_EDGE ( 'NONE', *, *, #458, .F. ) ;
#2291 = CARTESIAN_POINT ( 'NONE',  ( 0.1710000000000005700, 6.469999999999998900, -0.8050000000000000500 ) ) ;
#2292 = EDGE_CURVE ( 'NONE', #757, #1327, #2612, .T. ) ;
#2293 = CARTESIAN_POINT ( 'NONE',  ( 0.3900000000000002, 1.415, -0.5499999999999999 ) ) ;
#2294 = CARTESIAN_POINT ( 'NONE',  ( 0.3900000000000002, 0.8849999999999999, 0 ) ) ;
#2295 = CARTESIAN_POINT ( 'NONE',  ( 2.785999999999999600, 6.469999999999998900, -0.8050000000000000500 ) ) ;
#2296 = VECTOR ( 'NONE', #1354, 1000.000000000000000 ) ;
#2297 = ADVANCED_FACE ( 'NONE', ( #1964 ), #703, .F. ) ;
#2298 =( LENGTH_UNIT ( ) NAMED_UNIT ( * ) SI_UNIT ( .MILLI., .METRE. ) );
#2299 = FACE_OUTER_BOUND ( 'NONE', #1335, .T. ) ;
#2300 = LINE ( 'NONE', #2080, #2507 ) ;
#2301 = DIRECTION ( 'NONE',  ( 0, 0, -1 ) ) ;
#2302 = VECTOR ( 'NONE', #1694, 1000.000000000000000 ) ;
#2303 = AXIS2_PLACEMENT_3D ( 'NONE', #1374, #1835, #1948 ) ;
#2304 = VECTOR ( 'NONE', #1952, 1000.000000000000000 ) ;
#2305 = EDGE_LOOP ( 'NONE', ( #2781, #1262, #1900, #1348 ) ) ;
#2306 = DIRECTION ( 'NONE',  ( -1.000000000000000000, 0.0000000000000000000, 0.0000000000000000000 ) ) ;
#2307 = CARTESIAN_POINT ( 'NONE',  ( -0.3900000000000002, 1.415, -0.5499999999999999 ) ) ;
#2308 = LINE ( 'NONE', #2917, #91 ) ;
#2309 = ORIENTED_EDGE ( 'NONE', *, *, #2508, .T. ) ;
#2310 = AXIS2_PLACEMENT_3D ( 'NONE', #1297, #2759, #587 ) ;
#2311 = VECTOR ( 'NONE', #1395, 1000.000000000000000 ) ;
#2312 = EDGE_CURVE ( 'NONE', #397, #1298, #88, .T. ) ;
#2313 = PLANE ( 'NONE',  #1689 ) ;
#2314 = ORIENTED_EDGE ( 'NONE', *, *, #914, .T. ) ;
#2315 = VERTEX_POINT ( 'NONE', #1198 ) ;
#2316 = ADVANCED_FACE ( 'NONE', ( #524 ), #2682, .T. ) ;
#2317 = ORIENTED_EDGE ( 'NONE', *, *, #1039, .T. ) ;
#2318 = DIRECTION ( 'NONE',  ( 0, 0, -1 ) ) ;
#2319 = VERTEX_POINT ( 'NONE', #3127 ) ;
#2320 = EDGE_CURVE ( 'NONE', #1193, #2605, #1091, .T. ) ;
#2321 = VERTEX_POINT ( 'NONE', #2258 ) ;
#2322 = CARTESIAN_POINT ( 'NONE',  ( 5.481184441433931000, 6.811777197622636700, 0.9649999999999980800 ) ) ;
#2323 = VERTEX_POINT ( 'NONE', #1270 ) ;
#2324 = VERTEX_POINT ( 'NONE', #798 ) ;
#2325 = CLOSED_SHELL ( 'NONE', ( #3089, #1822, #2063, #2358, #1081, #804, #3054, #2432, #2765, #3140, #1850, #1137, #1337, #949, #1642, #692, #2049, #89, #1467, #613, #818, #3039, #1517, #185, #1178, #2297, #1935, #2788, #2001, #2548, #1428, #2131 ) ) ;
#2326 = ORIENTED_EDGE ( 'NONE', *, *, #1625, .T. ) ;
#2327 = ORIENTED_EDGE ( 'NONE', *, *, #1929, .F. ) ;
#2328 = EDGE_CURVE ( 'NONE', #451, #2763, #2686, .T. ) ;
#2329 = DIRECTION ( 'NONE',  ( 0, 0, 1 ) ) ;
#2330 = FACE_OUTER_BOUND ( 'NONE', #2002, .T. ) ;
#2331 = CARTESIAN_POINT ( 'NONE',  ( 4.962, 0.8849999999999999, -1.15 ) ) ;
#2332 = CARTESIAN_POINT ( 'NONE',  ( -1.014000000000000200, 1.289981861641478700, -1.335000000000000000 ) ) ;
#2333 = VERTEX_POINT ( 'NONE', #2972 ) ;
#2334 = DIRECTION ( 'NONE',  ( 0, 0, 1 ) ) ;
#2335 = STYLED_ITEM ( 'NONE', ( #2145 ), #2582 ) ;
#2336 = VECTOR ( 'NONE', #576, 1000.000000000000000 ) ;
#2337 = ORIENTED_EDGE ( 'NONE', *, *, #1656, .T. ) ;
#2338 = FACE_OUTER_BOUND ( 'NONE', #2183, .T. ) ;
#2339 = EDGE_CURVE ( 'NONE', #551, #1894, #1323, .T. ) ;
#2340 = LINE ( 'NONE', #2123, #2008 ) ;
#2341 = ORIENTED_EDGE ( 'NONE', *, *, #1566, .F. ) ;
#2342 = CARTESIAN_POINT ( 'NONE',  ( 4.950999999999999600, 7.370000000000000100, -0.8050000000000000500 ) ) ;
#2343 = ADVANCED_FACE ( 'NONE', ( #3022 ), #1503, .F. ) ;
#2344 = EDGE_CURVE ( 'NONE', #2323, #2408, #518, .T. ) ;
#2345 = AXIS2_PLACEMENT_3D ( 'NONE', #2724, #1511, #1978 ) ;
#2346 = FACE_OUTER_BOUND ( 'NONE', #1647, .T. ) ;
#2347 = CARTESIAN_POINT ( 'NONE',  ( -0.3790000000000000000, 7.370000000000001000, -1.335000000000000000 ) ) ;
#2348 = DIRECTION ( 'NONE',  ( 1.000000000000000000, -1.390002785237827100E-016, 0.0000000000000000000 ) ) ;
#2349 = VECTOR ( 'NONE', #1209, 1000.000000000000100 ) ;
#2350 = VERTEX_POINT ( 'NONE', #2715 ) ;
#2351 = DIRECTION ( 'NONE',  ( 0.0000000000000000000, 0.0000000000000000000, -1.000000000000000000 ) ) ;
#2352 = EDGE_CURVE ( 'NONE', #2057, #3041, #234, .T. ) ;
#2353 = VECTOR ( 'NONE', #1658, 1000.000000000000000 ) ;
#2354 = PLANE ( 'NONE',  #2030 ) ;
#2355 = ORIENTED_EDGE ( 'NONE', *, *, #914, .F. ) ;
#2356 = CARTESIAN_POINT ( 'NONE',  ( 5.585999999999999400, 1.289981861641478700, -1.335000000000000000 ) ) ;
#2357 = DIRECTION ( 'NONE',  ( 0.0000000000000000000, -0.0000000000000000000, -1.000000000000000000 ) ) ;
#2358 = ADVANCED_FACE ( 'NONE', ( #1556 ), #2703, .F. ) ;
#2359 = ORIENTED_EDGE ( 'NONE', *, *, #2088, .F. ) ;
#2360 = CARTESIAN_POINT ( 'NONE',  ( -0.3900000000000002, 0.8849999999999999, -1.15 ) ) ;
#2361 = ORIENTED_EDGE ( 'NONE', *, *, #2122, .T. ) ;
#2362 = EDGE_CURVE ( 'NONE', #2021, #943, #157, .T. ) ;
#2363 = CARTESIAN_POINT ( 'NONE',  ( 2.676, 0.8849999999999999, 0 ) ) ;
#2364 = CARTESIAN_POINT ( 'NONE',  ( 1.785999999999999600, 6.919999999999999900, -1.335000000000000000 ) ) ;
#2365 = ORIENTED_EDGE ( 'NONE', *, *, #489, .T. ) ;
#2366 = DIRECTION ( 'NONE',  ( 1, 0, 0 ) ) ;
#2367 = AXIS2_PLACEMENT_3D ( 'NONE', #2383, #195, #2904 ) ;
#2368 = VECTOR ( 'NONE', #690, 1000.000000000000000 ) ;
#2369 = EDGE_CURVE ( 'NONE', #990, #2350, #3019, .T. ) ;
#2370 = CARTESIAN_POINT ( 'NONE',  ( 4.962, 0.8849999999999999, -3.6 ) ) ;
#2371 = DIRECTION ( 'NONE',  ( -0.0000000000000000000, -0.0000000000000000000, -1.000000000000000000 ) ) ;
#2372 = DIRECTION ( 'NONE',  ( 0.0000000000000000000, 0.0000000000000000000, 1.000000000000000000 ) ) ;
#2373 = VECTOR ( 'NONE', #1089, 1000.000000000000000 ) ;
#2374 = CARTESIAN_POINT ( 'NONE',  ( 2.676, 1.415, -3.6 ) ) ;
#2375 = ADVANCED_FACE ( 'NONE', ( #362 ), #541, .F. ) ;
#2376 = LINE ( 'NONE', #1010, #1882 ) ;
#2377 = CIRCLE ( 'NONE', #2578, 0.5000000000000004400 ) ;
#2378 = ORIENTED_EDGE ( 'NONE', *, *, #2826, .T. ) ;
#2379 = CARTESIAN_POINT ( 'NONE',  ( 4.182, 0.8849999999999999, -1.15 ) ) ;
#2380 = LINE ( 'NONE', #2584, #1092 ) ;
#2381 = FACE_OUTER_BOUND ( 'NONE', #1537, .T. ) ;
#2382 = CARTESIAN_POINT ( 'NONE',  ( 4.600999999999999100, 3.350000000000001400, -1.335000000000000000 ) ) ;
#2383 = CARTESIAN_POINT ( 'NONE',  ( 2.676, 0.8849999999999999, 0 ) ) ;
#2384 = LINE ( 'NONE', #1896, #1602 ) ;
#2385 = EDGE_CURVE ( 'NONE', #2718, #2268, #1393, .T. ) ;
#2386 = VERTEX_POINT ( 'NONE', #10 ) ;
#2387 = DIRECTION ( 'NONE',  ( -1, 0, 0 ) ) ;
#2388 = ORIENTED_EDGE ( 'NONE', *, *, #1007, .F. ) ;
#2389 = CARTESIAN_POINT ( 'NONE',  ( 4.400999999999998900, 6.469999999999999800, -0.8050000000000000500 ) ) ;
#2390 = AXIS2_PLACEMENT_3D ( 'NONE', #1565, #1753, #302 ) ;
#2391 = CARTESIAN_POINT ( 'NONE',  ( -0.3790000000000000000, 8.355255888325766400, -0.8050000000000000500 ) ) ;
#2392 = VECTOR ( 'NONE', #2185, 1000.000000000000000 ) ;
#2393 = EDGE_CURVE ( 'NONE', #2914, #2962, #405, .T. ) ;
#2394 = ORIENTED_EDGE ( 'NONE', *, *, #260, .T. ) ;
#2395 = VERTEX_POINT ( 'NONE', #2502 ) ;
#2396 = DIRECTION ( 'NONE',  ( 0.0000000000000000000, -1.000000000000000000, 0.0000000000000000000 ) ) ;
#2397 = AXIS2_PLACEMENT_3D ( 'NONE', #976, #2677, #1226 ) ;
#2398 = PLANE ( 'NONE',  #953 ) ;
#2399 = EDGE_LOOP ( 'NONE', ( #1075, #2863, #2899, #143 ) ) ;
#2400 = CARTESIAN_POINT ( 'NONE',  ( 0.2665711135040791, 1.415, -4.3 ) ) ;
#2401 = VERTEX_POINT ( 'NONE', #2462 ) ;
#2402 = UNCERTAINTY_MEASURE_WITH_UNIT (LENGTH_MEASURE( 1.000000000000000100E-005 ), #1504, 'distance_accuracy_value', 'NONE');
#2403 = ORIENTED_EDGE ( 'NONE', *, *, #361, .F. ) ;
#2404 = CARTESIAN_POINT ( 'NONE',  ( 2.676, 0.8849999999999999, -1.15 ) ) ;
#2405 = DIRECTION ( 'NONE',  ( -0.0000000000000000000, -1.000000000000000000, -0.0000000000000000000 ) ) ;
#2406 =( GEOMETRIC_REPRESENTATION_CONTEXT ( 3 ) GLOBAL_UNCERTAINTY_ASSIGNED_CONTEXT ( ( #2712 ) ) GLOBAL_UNIT_ASSIGNED_CONTEXT ( ( #2298, #1330, #2062 ) ) REPRESENTATION_CONTEXT ( 'NONE', 'WORKASPACE' ) );
#2407 = VERTEX_POINT ( 'NONE', #775 ) ;
#2408 = VERTEX_POINT ( 'NONE', #1248 ) ;
#2409 = EDGE_CURVE ( 'NONE', #2177, #952, #276, .T. ) ;
#2410 = CARTESIAN_POINT ( 'NONE',  ( 0.1710000000000005700, 6.469999999999998900, -0.8050000000000000500 ) ) ;
#2411 = CARTESIAN_POINT ( 'NONE',  ( 4.962, 0.8849999999999999, -0.5499999999999999 ) ) ;
#2412 = CARTESIAN_POINT ( 'NONE',  ( -0.02899999999999994600, 3.350000000000001900, -1.335000000000000000 ) ) ;
#2413 = EDGE_CURVE ( 'NONE', #2142, #2850, #2683, .T. ) ;
#2414 = EDGE_CURVE ( 'NONE', #1871, #2821, #2456, .T. ) ;
#2415 = DIRECTION ( 'NONE',  ( 0, 0, -1 ) ) ;
#2416 = LINE ( 'NONE', #1189, #1699 ) ;
#2417 = EDGE_CURVE ( 'NONE', #6, #2654, #1124, .T. ) ;
#2418 = DIRECTION ( 'NONE',  ( -1.000000000000000000, 4.336808689941997200E-015, 0.0000000000000000000 ) ) ;
#2419 = DIRECTION ( 'NONE',  ( 0, -1, 0 ) ) ;
#2420 = VECTOR ( 'NONE', #3088, 1000.000000000000000 ) ;
#2421 = EDGE_LOOP ( 'NONE', ( #304, #528, #387, #245 ) ) ;
#2422 = PLANE ( 'NONE',  #1649 ) ;
#2423 = LINE ( 'NONE', #2924, #278 ) ;
#2424 = ORIENTED_EDGE ( 'NONE', *, *, #560, .F. ) ;
#2425 = DIRECTION ( 'NONE',  ( 0.1379524107232982200, 0.0000000000000000000, 0.9904388584741769000 ) ) ;
#2426 = PLANE ( 'NONE',  #2675 ) ;
#2427 = ORIENTED_EDGE ( 'NONE', *, *, #2344, .T. ) ;
#2428 = EDGE_CURVE ( 'NONE', #2525, #257, #2608, .T. ) ;
#2429 = DIRECTION ( 'NONE',  ( -1.000000000000000000, 0.0000000000000000000, 0.0000000000000000000 ) ) ;
#2430 = LINE ( 'NONE', #2968, #640 ) ;
#2431 = CARTESIAN_POINT ( 'NONE',  ( 5.481462902748668300, 1.272491998050287600, 0.9596866415912420600 ) ) ;
#2432 = ADVANCED_FACE ( 'NONE', ( #1808 ), #2993, .F. ) ;
#2433 = CARTESIAN_POINT ( 'NONE',  ( 4.182, 0.8849999999999999, -3.6 ) ) ;
#2434 = FACE_OUTER_BOUND ( 'NONE', #2527, .T. ) ;
#2435 = ORIENTED_EDGE ( 'NONE', *, *, #2154, .T. ) ;
#2436 = ORIENTED_EDGE ( 'NONE', *, *, #1184, .T. ) ;
#2437 = DIRECTION ( 'NONE',  ( -1.000000000000000000, -0.0000000000000000000, -0.0000000000000000000 ) ) ;
#2438 = DIRECTION ( 'NONE',  ( 0.0000000000000000000, -1.000000000000000000, 0.0000000000000000000 ) ) ;
#2439 = VERTEX_POINT ( 'NONE', #612 ) ;
#2440 = AXIS2_PLACEMENT_3D ( 'NONE', #1344, #1594, #370 ) ;
#2441 = VERTEX_POINT ( 'NONE', #1324 ) ;
#2442 = CARTESIAN_POINT ( 'NONE',  ( 0.1710000000000005700, 6.469999999999998900, -1.335000000000000000 ) ) ;
#2443 = ORIENTED_EDGE ( 'NONE', *, *, #398, .T. ) ;
#2444 = DIRECTION ( 'NONE',  ( -1.000000000000000000, 9.366757429680386100E-017, 0.0000000000000000000 ) ) ;
#2445 = ORIENTED_EDGE ( 'NONE', *, *, #2312, .T. ) ;
#2446 = DIRECTION ( 'NONE',  ( 0.0000000000000000000, 0.0000000000000000000, -1.000000000000000000 ) ) ;
#2447 = ORIENTED_EDGE ( 'NONE', *, *, #1762, .F. ) ;
#2448 = EDGE_LOOP ( 'NONE', ( #1498, #2424, #288, #547 ) ) ;
#2449 = CARTESIAN_POINT ( 'NONE',  ( -0.3900000000000002, 0.8849999999999999, 0 ) ) ;
#2450 = EDGE_CURVE ( 'NONE', #146, #1817, #1734, .T. ) ;
#2451 = CARTESIAN_POINT ( 'NONE',  ( 1.785999999999999600, 6.919999999999999900, -1.335000000000000000 ) ) ;
#2452 = CARTESIAN_POINT ( 'NONE',  ( 0.1710000000000005700, 7.370000000000001000, -0.8050000000000000500 ) ) ;
#2453 = CARTESIAN_POINT ( 'NONE',  ( 2.785999999999999600, 6.919999999999999900, -1.335000000000000000 ) ) ;
#2454 = CIRCLE ( 'NONE', #403, 0.4500000000000007300 ) ;
#2455 = DIRECTION ( 'NONE',  ( -1.000000000000000000, 0.0000000000000000000, -0.0000000000000000000 ) ) ;
#2456 = LINE ( 'NONE', #2037, #741 ) ;
#2457 = CARTESIAN_POINT ( 'NONE',  ( -0.3900000000000002, 0.8849999999999999, -1.15 ) ) ;
#2458 = LINE ( 'NONE', #2277, #2722 ) ;
#2459 = LINE ( 'NONE', #428, #2157 ) ;
#2460 = DIRECTION ( 'NONE',  ( -0.0000000000000000000, 1.000000000000000000, -0.0000000000000000000 ) ) ;
#2461 = EDGE_CURVE ( 'NONE', #2486, #1827, #483, .T. ) ;
#2462 = CARTESIAN_POINT ( 'NONE',  ( -0.02899999999999994600, 3.350000000000001900, -1.335000000000000000 ) ) ;
#2463 = CARTESIAN_POINT ( 'NONE',  ( 5.518055085201929400, 1.150309166870650900, 0.2614662064981779200 ) ) ;
#2464 = VECTOR ( 'NONE', #2641, 1000.000000000000100 ) ;
#2465 = DIRECTION ( 'NONE',  ( 0, 1, 0 ) ) ;
#2466 = VERTEX_POINT ( 'NONE', #820 ) ;
#2467 = CARTESIAN_POINT ( 'NONE',  ( 1.846, 0.8849999999999999, -1.15 ) ) ;
#2468 = FACE_OUTER_BOUND ( 'NONE', #484, .T. ) ;
#2469 = CARTESIAN_POINT ( 'NONE',  ( 0.4400000000000003, 0.8849999999999999, -1.15 ) ) ;
#2470 = ORIENTED_EDGE ( 'NONE', *, *, #2015, .F. ) ;
#2471 = FACE_OUTER_BOUND ( 'NONE', #1263, .T. ) ;
#2472 = ORIENTED_EDGE ( 'NONE', *, *, #2234, .F. ) ;
#2473 = VECTOR ( 'NONE', #1928, 1000.000000000000000 ) ;
#2474 = CARTESIAN_POINT ( 'NONE',  ( 0.3900000000000002, 0.8849999999999999, -0.5499999999999999 ) ) ;
#2475 = ORIENTED_EDGE ( 'NONE', *, *, #2894, .F. ) ;
#2476 = AXIS2_PLACEMENT_3D ( 'NONE', #508, #1692, #2429 ) ;
#2477 = CARTESIAN_POINT ( 'NONE',  ( -0.3790000000000000000, 7.370000000000001000, -0.8050000000000000500 ) ) ;
#2478 = AXIS2_PLACEMENT_3D ( 'NONE', #2911, #719, #2418 ) ;
#2479 = EDGE_CURVE ( 'NONE', #943, #1576, #857, .T. ) ;
#2480 = ORIENTED_EDGE ( 'NONE', *, *, #34, .F. ) ;
#2481 = EDGE_LOOP ( 'NONE', ( #178, #742, #2211, #145, #1490, #588 ) ) ;
#2482 = PLANE ( 'NONE',  #644 ) ;
#2483 = ORIENTED_EDGE ( 'NONE', *, *, #849, .T. ) ;
#2484 = ORIENTED_EDGE ( 'NONE', *, *, #2292, .T. ) ;
#2485 = EDGE_CURVE ( 'NONE', #2605, #2525, #1087, .T. ) ;
#2486 = VERTEX_POINT ( 'NONE', #3017 ) ;
#2487 = FILL_AREA_STYLE ('',( #2237 ) ) ;
#2488 = ADVANCED_FACE ( 'NONE', ( #2229 ), #2265, .T. ) ;
#2489 = ORIENTED_EDGE ( 'NONE', *, *, #2593, .T. ) ;
#2490 = DIRECTION ( 'NONE',  ( 0, -1, 0 ) ) ;
#2491 = DIRECTION ( 'NONE',  ( 0, 0, -1 ) ) ;
#2492 = ORIENTED_EDGE ( 'NONE', *, *, #2095, .F. ) ;
#2493 = VERTEX_POINT ( 'NONE', #1073 ) ;
#2494 = DIRECTION ( 'NONE',  ( 0, 1, 0 ) ) ;
#2495 = SURFACE_STYLE_FILL_AREA ( #2282 ) ;
#2496 = CARTESIAN_POINT ( 'NONE',  ( 4.400999999999998900, 6.469999999999999800, -0.8050000000000000500 ) ) ;
#2497 = EDGE_CURVE ( 'NONE', #2319, #711, #323, .T. ) ;
#2498 = CARTESIAN_POINT ( 'NONE',  ( 2.676, 0.8849999999999999, -0.5499999999999999 ) ) ;
#2499 = DIRECTION ( 'NONE',  ( -1.000000000000000000, -0.0000000000000000000, -0.0000000000000000000 ) ) ;
#2500 = ORIENTED_EDGE ( 'NONE', *, *, #1372, .T. ) ;
#2501 = LINE ( 'NONE', #3101, #1552 ) ;
#2502 = CARTESIAN_POINT ( 'NONE',  ( 1.785999999999999800, 6.469999999999998900, -0.8050000000000000500 ) ) ;
#2503 = VECTOR ( 'NONE', #2214, 1000.000000000000000 ) ;
#2504 = LINE ( 'NONE', #2823, #780 ) ;
#2505 = PRESENTATION_LAYER_ASSIGNMENT (  '', '', ( #1743 ) ) ;
#2506 = DIRECTION ( 'NONE',  ( -0.7061450620468454600, 0.7012028844081383800, 0.09835479777094707800 ) ) ;
#2507 = VECTOR ( 'NONE', #1583, 1000.000000000000000 ) ;
#2508 = EDGE_CURVE ( 'NONE', #2350, #1872, #2797, .T. ) ;
#2509 = DIRECTION ( 'NONE',  ( 0, 0, 1 ) ) ;
#2510 = VECTOR ( 'NONE', #2108, 1000.000000000000000 ) ;
#2511 = DIRECTION ( 'NONE',  ( 1.000000000000000000, -4.336808689942016200E-015, 0.0000000000000000000 ) ) ;
#2512 = LINE ( 'NONE', #694, #203 ) ;
#2513 = CARTESIAN_POINT ( 'NONE',  ( 4.132, 0.8849999999999999, -1.15 ) ) ;
#2514 = LINE ( 'NONE', #346, #244 ) ;
#2515 = ORIENTED_EDGE ( 'NONE', *, *, #2393, .T. ) ;
#2516 = DIRECTION ( 'NONE',  ( 0, 0, 1 ) ) ;
#2517 = LINE ( 'NONE', #3159, #1855 ) ;
#2518 = ADVANCED_FACE ( 'NONE', ( #2075 ), #1315, .F. ) ;
#2519 = AXIS2_PLACEMENT_3D ( 'NONE', #2260, #803, #2269 ) ;
#2520 = DIRECTION ( 'NONE',  ( 0.05213734452107518500, -0.08703720429184765000, 0.9948397973419387300 ) ) ;
#2521 = FACE_OUTER_BOUND ( 'NONE', #2102, .T. ) ;
#2522 = EDGE_LOOP ( 'NONE', ( #1358, #2698, #1415, #888 ) ) ;
#2523 = DIRECTION ( 'NONE',  ( -1, 0, 0 ) ) ;
#2524 = ORIENTED_EDGE ( 'NONE', *, *, #103, .F. ) ;
#2525 = VERTEX_POINT ( 'NONE', #1785 ) ;
#2526 = PLANE ( 'NONE',  #2713 ) ;
#2527 = EDGE_LOOP ( 'NONE', ( #339, #2856, #123, #2365 ) ) ;
#2528 = PLANE ( 'NONE',  #1601 ) ;
#2529 = ORIENTED_EDGE ( 'NONE', *, *, #54, .F. ) ;
#2530 = EDGE_CURVE ( 'NONE', #2174, #2386, #2841, .T. ) ;
#2531 = DIRECTION ( 'NONE',  ( 0, 0, 1 ) ) ;
#2532 = SHAPE_DEFINITION_REPRESENTATION ( #2953, #2582 ) ;
#2533 = DIRECTION ( 'NONE',  ( -1.000000000000000000, 0.0000000000000000000, 0.0000000000000000000 ) ) ;
#2534 = APPLICATION_PROTOCOL_DEFINITION ( 'draft international standard', 'automotive_design', 1998, #2990 ) ;
#2535 = DIRECTION ( 'NONE',  ( -1.000000000000000000, 4.336808689941997200E-015, 0.0000000000000000000 ) ) ;
#2536 = VECTOR ( 'NONE', #309, 1000.000000000000000 ) ;
#2537 = EDGE_CURVE ( 'NONE', #3002, #1419, #2981, .T. ) ;
#2538 = CARTESIAN_POINT ( 'NONE',  ( 5.585999999999999400, 1.149999999999999900, 0.2650000000000000100 ) ) ;
#2539 = PLANE ( 'NONE',  #290 ) ;
#2540 = VECTOR ( 'NONE', #532, 1000.000000000000000 ) ;
#2541 = LINE ( 'NONE', #111, #2803 ) ;
#2542 = AXIS2_PLACEMENT_3D ( 'NONE', #11, #1723, #747 ) ;
#2543 = VECTOR ( 'NONE', #520, 1000.000000000000000 ) ;
#2544 = DIRECTION ( 'NONE',  ( 0.0000000000000000000, -0.9961946980917455500, -0.08715574274765851300 ) ) ;
#2545 = CARTESIAN_POINT ( 'NONE',  ( -0.3900000000000002, 1.415, -1.15 ) ) ;
#2546 = FACE_OUTER_BOUND ( 'NONE', #2779, .T. ) ;
#2547 = ORIENTED_EDGE ( 'NONE', *, *, #2764, .T. ) ;
#2548 = ADVANCED_FACE ( 'NONE', ( #2153 ), #1157, .T. ) ;
#2549 = VECTOR ( 'NONE', #400, 1000.000000000000100 ) ;
#2550 = DIRECTION ( 'NONE',  ( 0, 1, 0 ) ) ;
#2551 = ORIENTED_EDGE ( 'NONE', *, *, #2312, .F. ) ;
#2552 = LINE ( 'NONE', #1078, #2171 ) ;
#2553 = EDGE_CURVE ( 'NONE', #833, #1685, #1513, .T. ) ;
#2554 = CARTESIAN_POINT ( 'NONE',  ( 1.785999999999999800, 6.469999999999998900, -1.335000000000000000 ) ) ;
#2555 = DIRECTION ( 'NONE',  ( 1.000000000000000000, -0.0000000000000000000, -0.0000000000000000000 ) ) ;
#2556 = ORIENTED_EDGE ( 'NONE', *, *, #2894, .T. ) ;
#2557 = EDGE_CURVE ( 'NONE', #2562, #2043, #670, .T. ) ;
#2558 = EDGE_LOOP ( 'NONE', ( #1869, #2341, #1616, #1535, #3044 ) ) ;
#2559 = CARTESIAN_POINT ( 'NONE',  ( 2.286, 1.415, -1.15 ) ) ;
#2560 = EDGE_LOOP ( 'NONE', ( #3005, #1361, #2208, #797 ) ) ;
#2561 = DIRECTION ( 'NONE',  ( -0.0000000000000000000, -0.0000000000000000000, -1.000000000000000000 ) ) ;
#2562 = VERTEX_POINT ( 'NONE', #853 ) ;
#2563 = AXIS2_PLACEMENT_3D ( 'NONE', #1077, #2777, #3028 ) ;
#2564 = ORIENTED_EDGE ( 'NONE', *, *, #2580, .F. ) ;
#2565 = EDGE_CURVE ( 'NONE', #1027, #2268, #2720, .T. ) ;
#2566 = EDGE_CURVE ( 'NONE', #1061, #1027, #1879, .T. ) ;
#2567 = PLANE ( 'NONE',  #740 ) ;
#2568 = PRESENTATION_LAYER_ASSIGNMENT (  '', '', ( #2335 ) ) ;
#2569 = DIRECTION ( 'NONE',  ( 0, 1, 0 ) ) ;
#2570 = LINE ( 'NONE', #2948, #1050 ) ;
#2571 = PLANE ( 'NONE',  #1171 ) ;
#2572 = EDGE_CURVE ( 'NONE', #530, #2763, #5, .T. ) ;
#2573 = LINE ( 'NONE', #2737, #2231 ) ;
#2574 = LINE ( 'NONE', #3071, #3095 ) ;
#2575 = VERTEX_POINT ( 'NONE', #2835 ) ;
#2576 = FACE_OUTER_BOUND ( 'NONE', #1709, .T. ) ;
#2577 = DIRECTION ( 'NONE',  ( -0.0000000000000000000, 1.000000000000000000, -0.0000000000000000000 ) ) ;
#2578 = AXIS2_PLACEMENT_3D ( 'NONE', #1712, #1470, #2923 ) ;
#2579 = LINE ( 'NONE', #2151, #1673 ) ;
#2580 = EDGE_CURVE ( 'NONE', #544, #656, #1663, .T. ) ;
#2581 = VECTOR ( 'NONE', #2587, 1000.000000000000000 ) ;
#2582 = ADVANCED_BREP_SHAPE_REPRESENTATION ( 'TSM680P06CH X0G', ( #2960, #937, #377, #3131, #2014, #655 ), #2406 ) ;
#2583 = ORIENTED_EDGE ( 'NONE', *, *, #2580, .T. ) ;
#2584 = CARTESIAN_POINT ( 'NONE',  ( -0.3900000000000002, 0.8849999999999999, 0 ) ) ;
#2585 = LINE ( 'NONE', #3139, #1251 ) ;
#2586 = EDGE_CURVE ( 'NONE', #284, #544, #1004, .T. ) ;
#2587 = DIRECTION ( 'NONE',  ( -1, 0, 0 ) ) ;
#2588 = LINE ( 'NONE', #2224, #2812 ) ;
#2589 = FACE_OUTER_BOUND ( 'NONE', #1170, .T. ) ;
#2590 = CARTESIAN_POINT ( 'NONE',  ( 4.838571113504079, 1.415, -4.3 ) ) ;
#2591 = VERTEX_POINT ( 'NONE', #641 ) ;
#2592 = DIRECTION ( 'NONE',  ( 0, 0, -1 ) ) ;
#2593 = EDGE_CURVE ( 'NONE', #1701, #2895, #2191, .T. ) ;
#2594 = ORIENTED_EDGE ( 'NONE', *, *, #2848, .T. ) ;
#2595 = ADVANCED_FACE ( 'NONE', ( #197 ), #2649, .F. ) ;
#2596 = VERTEX_POINT ( 'NONE', #1111 ) ;
#2597 = ORIENTED_EDGE ( 'NONE', *, *, #1438, .F. ) ;
#2598 = ORIENTED_EDGE ( 'NONE', *, *, #201, .F. ) ;
#2599 = DIRECTION ( 'NONE',  ( 0.0000000000000000000, 0.0000000000000000000, -1.000000000000000000 ) ) ;
#2600 = ORIENTED_EDGE ( 'NONE', *, *, #2637, .F. ) ;
#2601 = EDGE_CURVE ( 'NONE', #844, #551, #1429, .T. ) ;
#2602 = DIRECTION ( 'NONE',  ( -1, 0, 0 ) ) ;
#2603 = COLOUR_RGB ( '',0.7921568627450980000, 0.8196078431372548800, 0.9333333333333333500 ) ;
#2604 = CIRCLE ( 'NONE', #3059, 0.4500000000000007300 ) ;
#2605 = VERTEX_POINT ( 'NONE', #623 ) ;
#2606 = CARTESIAN_POINT ( 'NONE',  ( 3.851000000000000400, 8.650000000000002100, -0.8050000000000000500 ) ) ;
#2607 = EDGE_CURVE ( 'NONE', #957, #861, #43, .T. ) ;
#2608 = LINE ( 'NONE', #1023, #971 ) ;
#2609 = ORIENTED_EDGE ( 'NONE', *, *, #1044, .F. ) ;
#2610 = PLANE ( 'NONE',  #1208 ) ;
#2611 = VECTOR ( 'NONE', #602, 1000.000000000000000 ) ;
#2612 = LINE ( 'NONE', #2442, #782 ) ;
#2613 = VECTOR ( 'NONE', #1114, 1000.000000000000000 ) ;
#2614 = DIRECTION ( 'NONE',  ( 0, 0.9961946980917455, 0.08715574274765858 ) ) ;
#2615 = ORIENTED_EDGE ( 'NONE', *, *, #303, .F. ) ;
#2616 = CARTESIAN_POINT ( 'NONE',  ( 2.676, 0.8849999999999999, -3.6 ) ) ;
#2617 = LINE ( 'NONE', #2052, #1168 ) ;
#2618 = CARTESIAN_POINT ( 'NONE',  ( 0.4400000000000001, 1.415, -0.5499999999999998 ) ) ;
#2619 = ORIENTED_EDGE ( 'NONE', *, *, #1268, .T. ) ;
#2620 = CARTESIAN_POINT ( 'NONE',  ( 2.785999999999999600, 6.469999999999998900, -1.335000000000000000 ) ) ;
#2621 = DIRECTION ( 'NONE',  ( 1.000000000000000000, 0.0000000000000000000, -0.0000000000000000000 ) ) ;
#2622 = ORIENTED_EDGE ( 'NONE', *, *, #2071, .F. ) ;
#2623 = EDGE_LOOP ( 'NONE', ( #1098, #728, #3132, #2489 ) ) ;
#2624 = ORIENTED_EDGE ( 'NONE', *, *, #2226, .F. ) ;
#2625 = DIRECTION ( 'NONE',  ( 0, 0, 1 ) ) ;
#2626 = DIRECTION ( 'NONE',  ( 0, 0, 1 ) ) ;
#2627 = ORIENTED_EDGE ( 'NONE', *, *, #352, .F. ) ;
#2628 = VERTEX_POINT ( 'NONE', #1183 ) ;
#2629 = EDGE_CURVE ( 'NONE', #1074, #2321, #1996, .T. ) ;
#2630 = CARTESIAN_POINT ( 'NONE',  ( 4.962, 1.415, -3.6 ) ) ;
#2631 = ORIENTED_EDGE ( 'NONE', *, *, #2886, .T. ) ;
#2632 = CARTESIAN_POINT ( 'NONE',  ( 0.1710000000000005700, 6.469999999999998900, -1.335000000000000000 ) ) ;
#2633 = EDGE_LOOP ( 'NONE', ( #2034, #1636, #939, #1923 ) ) ;
#2634 = CARTESIAN_POINT ( 'NONE',  ( -0.3790000000000000000, 8.355255888325766400, -0.8050000000000000500 ) ) ;
#2635 = AXIS2_PLACEMENT_3D ( 'NONE', #996, #17, #1728 ) ;
#2636 = AXIS2_PLACEMENT_3D ( 'NONE', #212, #746, #1431 ) ;
#2637 = EDGE_CURVE ( 'NONE', #2315, #2192, #1842, .T. ) ;
#2638 = DIRECTION ( 'NONE',  ( 0.7071067811865489100, -0.7071067811865460200, -0.0000000000000000000 ) ) ;
#2639 = VECTOR ( 'NONE', #1217, 1000.000000000000000 ) ;
#2640 = EDGE_CURVE ( 'NONE', #1742, #376, #1277, .T. ) ;
#2641 = DIRECTION ( 'NONE',  ( -0.7046192927191155000, -0.7095855496894037900, -9.063609232530015100E-017 ) ) ;
#2642 = VECTOR ( 'NONE', #2520, 1000.000000000000100 ) ;
#2643 = ORIENTED_EDGE ( 'NONE', *, *, #1104, .T. ) ;
#2644 = CARTESIAN_POINT ( 'NONE',  ( 2.785999999999999600, 7.370000000000001000, -0.8050000000000000500 ) ) ;
#2645 = DIRECTION ( 'NONE',  ( -0.0000000000000000000, -0.0000000000000000000, 1.000000000000000000 ) ) ;
#2646 = VECTOR ( 'NONE', #2090, 1000.000000000000000 ) ;
#2647 = DIRECTION ( 'NONE',  ( 0, -1, 0 ) ) ;
#2648 = ORIENTED_EDGE ( 'NONE', *, *, #1332, .F. ) ;
#2649 = PLANE ( 'NONE',  #1110 ) ;
#2650 = LINE ( 'NONE', #706, #2235 ) ;
#2651 = ORIENTED_EDGE ( 'NONE', *, *, #2681, .T. ) ;
#2652 = DIRECTION ( 'NONE',  ( 0.1736481776669236, 0, 0.9848077530122092 ) ) ;
#2653 = DIRECTION ( 'NONE',  ( -1.000000000000000000, -0.0000000000000000000, -0.0000000000000000000 ) ) ;
#2654 = VERTEX_POINT ( 'NONE', #2257 ) ;
#2655 = FACE_OUTER_BOUND ( 'NONE', #2289, .T. ) ;
#2656 = CARTESIAN_POINT ( 'NONE',  ( 1.846, 0.8849999999999999, -1.15 ) ) ;
#2657 = MECHANICAL_DESIGN_GEOMETRIC_PRESENTATION_REPRESENTATION (  '', ( #456 ), #2175 ) ;
#2658 = LINE ( 'NONE', #1458, #2349 ) ;
#2659 = EDGE_CURVE ( 'NONE', #2165, #990, #1918, .T. ) ;
#2660 = ORIENTED_EDGE ( 'NONE', *, *, #2557, .T. ) ;
#2661 = CARTESIAN_POINT ( 'NONE',  ( 1.785999999999999600, 6.919999999999999900, -0.8050000000000000500 ) ) ;
#2662 = VECTOR ( 'NONE', #1397, 1000.000000000000000 ) ;
#2663 = DIRECTION ( 'NONE',  ( -1, 0, 0 ) ) ;
#2664 = ORIENTED_EDGE ( 'NONE', *, *, #1456, .F. ) ;
#2665 = VERTEX_POINT ( 'NONE', #537 ) ;
#2666 = CARTESIAN_POINT ( 'NONE',  ( 1.785999999999999800, 6.469999999999998900, -0.8050000000000000500 ) ) ;
#2667 = DIRECTION ( 'NONE',  ( 0.05213734452107518500, 0.08703720429184765000, -0.9948397973419387300 ) ) ;
#2668 = EDGE_LOOP ( 'NONE', ( #1610, #1748, #3074, #349, #1303, #1443, #1349, #628, #3076, #1079, #2738, #2671, #2885, #809 ) ) ;
#2669 = EDGE_LOOP ( 'NONE', ( #3037, #819, #2222, #915 ) ) ;
#2670 = DIRECTION ( 'NONE',  ( 0, 0, -1 ) ) ;
#2671 = ORIENTED_EDGE ( 'NONE', *, *, #552, .F. ) ;
#2672 = EDGE_CURVE ( 'NONE', #1524, #2024, #2570, .T. ) ;
#2673 = DIRECTION ( 'NONE',  ( 0.0000000000000000000, 0.0000000000000000000, -1.000000000000000000 ) ) ;
#2674 = CARTESIAN_POINT ( 'NONE',  ( 4.962, 1.415, -0.5499999999999999 ) ) ;
#2675 = AXIS2_PLACEMENT_3D ( 'NONE', #2190, #2438, #2679 ) ;
#2676 = VECTOR ( 'NONE', #399, 1000.000000000000100 ) ;
#2677 = DIRECTION ( 'NONE',  ( 1, 0, 0 ) ) ;
#2678 = CARTESIAN_POINT ( 'NONE',  ( 4.400999999999998900, 7.370000000000000100, -0.8050000000000000500 ) ) ;
#2679 = DIRECTION ( 'NONE',  ( 0.0000000000000000000, -0.0000000000000000000, -1.000000000000000000 ) ) ;
#2680 = COLOUR_RGB ( '',0.7921568627450980000, 0.8196078431372548800, 0.9333333333333333500 ) ;
#2681 = EDGE_CURVE ( 'NONE', #1701, #2665, #430, .T. ) ;
#2682 = PLANE ( 'NONE',  #2345 ) ;
#2683 = LINE ( 'NONE', #999, #2118 ) ;
#2684 = ORIENTED_EDGE ( 'NONE', *, *, #499, .T. ) ;
#2685 = VECTOR ( 'NONE', #2038, 1000.000000000000000 ) ;
#2686 = LINE ( 'NONE', #1283, #2000 ) ;
#2687 = DIRECTION ( 'NONE',  ( 0, 1, 0 ) ) ;
#2688 = DIRECTION ( 'NONE',  ( -1.390002785237827100E-016, -1.000000000000000000, 0.0000000000000000000 ) ) ;
#2689 = FACE_OUTER_BOUND ( 'NONE', #392, .T. ) ;
#2690 = DIRECTION ( 'NONE',  ( -0.0000000000000000000, -0.0000000000000000000, -1.000000000000000000 ) ) ;
#2691 = VECTOR ( 'NONE', #2555, 1000.000000000000000 ) ;
#2692 = DIRECTION ( 'NONE',  ( 0.0000000000000000000, 0.0000000000000000000, -1.000000000000000000 ) ) ;
#2693 = VECTOR ( 'NONE', #2792, 1000.000000000000000 ) ;
#2694 = DIRECTION ( 'NONE',  ( 1.390002785237827100E-016, 1.000000000000000000, 0.0000000000000000000 ) ) ;
#2695 =( LENGTH_UNIT ( ) NAMED_UNIT ( * ) SI_UNIT ( .MILLI., .METRE. ) );
#2696 = VECTOR ( 'NONE', #4, 1000.000000000000000 ) ;
#2697 = ADVANCED_FACE ( 'NONE', ( #1352 ), #1035, .F. ) ;
#2698 = ORIENTED_EDGE ( 'NONE', *, *, #1121, .F. ) ;
#2699 = EDGE_CURVE ( 'NONE', #1105, #1653, #1473, .T. ) ;
#2700 = ORIENTED_EDGE ( 'NONE', *, *, #954, .F. ) ;
#2701 = ORIENTED_EDGE ( 'NONE', *, *, #1767, .F. ) ;
#2702 = ADVANCED_FACE ( 'NONE', ( #2838 ), #1292, .F. ) ;
#2703 = PLANE ( 'NONE',  #3052 ) ;
#2704 = EDGE_LOOP ( 'NONE', ( #2795, #751, #660, #1435 ) ) ;
#2705 = ORIENTED_EDGE ( 'NONE', *, *, #1072, .T. ) ;
#2706 = DIRECTION ( 'NONE',  ( -0.0000000000000000000, 0.0000000000000000000, -1.000000000000000000 ) ) ;
#2707 = ORIENTED_EDGE ( 'NONE', *, *, #401, .F. ) ;
#2708 = DIRECTION ( 'NONE',  ( 0, 0, 1 ) ) ;
#2709 = ORIENTED_EDGE ( 'NONE', *, *, #903, .T. ) ;
#2710 = ORIENTED_EDGE ( 'NONE', *, *, #2074, .F. ) ;
#2711 = DIRECTION ( 'NONE',  ( 0, -0.9961946980917455, -0.08715574274765858 ) ) ;
#2712 = UNCERTAINTY_MEASURE_WITH_UNIT (LENGTH_MEASURE( 1.000000000000000100E-005 ), #2298, 'distance_accuracy_value', 'NONE');
#2713 = AXIS2_PLACEMENT_3D ( 'NONE', #345, #2815, #625 ) ;
#2714 = EDGE_CURVE ( 'NONE', #3020, #1034, #1084, .T. ) ;
#2715 = CARTESIAN_POINT ( 'NONE',  ( 4.400999999999998900, 7.370000000000000100, -1.335000000000000000 ) ) ;
#2716 = DIRECTION ( 'NONE',  ( 1.000000000000000000, 0.0000000000000000000, 0.0000000000000000000 ) ) ;
#2717 = DIRECTION ( 'NONE',  ( -1.000000000000000000, 0.0000000000000000000, 0.0000000000000000000 ) ) ;
#2718 = VERTEX_POINT ( 'NONE', #772 ) ;
#2719 = DIRECTION ( 'NONE',  ( 0, -1, 0 ) ) ;
#2720 = LINE ( 'NONE', #601, #2941 ) ;
#2721 = CARTESIAN_POINT ( 'NONE',  ( -0.02900000000000038000, 6.469999999999999800, -0.8050000000000000500 ) ) ;
#2722 = VECTOR ( 'NONE', #821, 1000.000000000000000 ) ;
#2723 = VERTEX_POINT ( 'NONE', #2012 ) ;
#2724 = CARTESIAN_POINT ( 'NONE',  ( 4.182, 0.8849999999999999, 0 ) ) ;
#2725 = CARTESIAN_POINT ( 'NONE',  ( -0.3900000000000002, 0.8849999999999999, 0 ) ) ;
#2726 = LINE ( 'NONE', #142, #1522 ) ;
#2727 = CARTESIAN_POINT ( 'NONE',  ( 4.950999999999999600, 7.370000000000000100, -0.8050000000000000500 ) ) ;
#2728 = LINE ( 'NONE', #1030, #327 ) ;
#2729 = ORIENTED_EDGE ( 'NONE', *, *, #2865, .F. ) ;
#2730 =( GEOMETRIC_REPRESENTATION_CONTEXT ( 3 ) GLOBAL_UNCERTAINTY_ASSIGNED_CONTEXT ( ( #1873 ) ) GLOBAL_UNIT_ASSIGNED_CONTEXT ( ( #581, #64, #3030 ) ) REPRESENTATION_CONTEXT ( 'NONE', 'WORKASPACE' ) );
#2731 = FACE_OUTER_BOUND ( 'NONE', #874, .T. ) ;
#2732 = ORIENTED_EDGE ( 'NONE', *, *, #2284, .F. ) ;
#2733 = DIRECTION ( 'NONE',  ( 0, 1, 0 ) ) ;
#2734 = CARTESIAN_POINT ( 'NONE',  ( -0.3899999999999997, 0.8849999999999999, -3.6 ) ) ;
#2735 = VECTOR ( 'NONE', #1241, 1000.000000000000000 ) ;
#2736 = VECTOR ( 'NONE', #2711, 1000.000000000000000 ) ;
#2737 = CARTESIAN_POINT ( 'NONE',  ( 4.182, 1.415, 0 ) ) ;
#2738 = ORIENTED_EDGE ( 'NONE', *, *, #978, .F. ) ;
#2739 = VERTEX_POINT ( 'NONE', #1545 ) ;
#2740 = ORIENTED_EDGE ( 'NONE', *, *, #60, .T. ) ;
#2741 = DIRECTION ( 'NONE',  ( 1, 0, 0 ) ) ;
#2742 = AXIS2_PLACEMENT_3D ( 'NONE', #3065, #1069, #1365 ) ;
#2743 = AXIS2_PLACEMENT_3D ( 'NONE', #1336, #2831, #1378 ) ;
#2744 = DIRECTION ( 'NONE',  ( 0, 1, 0 ) ) ;
#2745 = EDGE_CURVE ( 'NONE', #1013, #1605, #738, .T. ) ;
#2746 = VERTEX_POINT ( 'NONE', #2721 ) ;
#2747 = PLANE ( 'NONE',  #2310 ) ;
#2748 = EDGE_LOOP ( 'NONE', ( #2930, #617, #1859, #733 ) ) ;
#2749 = CARTESIAN_POINT ( 'NONE',  ( 2.286, 0.8849999999999999, -1.15 ) ) ;
#2750 = ADVANCED_FACE ( 'NONE', ( #2036 ), #2023, .F. ) ;
#2751 = PRODUCT_CONTEXT ( 'NONE', #75, 'mechanical' ) ;
#2752 = DIRECTION ( 'NONE',  ( -1.390002785237827100E-016, 1.000000000000000000, -0.0000000000000000000 ) ) ;
#2753 = DIRECTION ( 'NONE',  ( 0, 0, 1 ) ) ;
#2754 = FACE_OUTER_BOUND ( 'NONE', #2818, .T. ) ;
#2755 = EDGE_LOOP ( 'NONE', ( #1176, #394, #3085, #265, #3110, #3079 ) ) ;
#2756 = PRESENTATION_LAYER_ASSIGNMENT (  '', '', ( #1463 ) ) ;
#2757 = LINE ( 'NONE', #2888, #1187 ) ;
#2758 = DIRECTION ( 'NONE',  ( 0.0000000000000000000, -1.000000000000000000, 0.0000000000000000000 ) ) ;
#2759 = DIRECTION ( 'NONE',  ( 0.9986295347545742800, 0.0000000000000000000, 0.05233595624293724300 ) ) ;
#2760 = ORIENTED_EDGE ( 'NONE', *, *, #1482, .T. ) ;
#2761 = VECTOR ( 'NONE', #2240, 1000.000000000000100 ) ;
#2762 = DIRECTION ( 'NONE',  ( 1, 0, 0 ) ) ;
#2763 = VERTEX_POINT ( 'NONE', #1554 ) ;
#2764 = EDGE_CURVE ( 'NONE', #77, #1419, #1001, .T. ) ;
#2765 = ADVANCED_FACE ( 'NONE', ( #2188 ), #2354, .F. ) ;
#2766 = LINE ( 'NONE', #2295, #2646 ) ;
#2767 = CARTESIAN_POINT ( 'NONE',  ( 5.483014879926329900, 6.814832900794137100, 0.9300731529280411600 ) ) ;
#2768 = PRESENTATION_STYLE_ASSIGNMENT (( #1726 ) ) ;
#2769 = CARTESIAN_POINT ( 'NONE',  ( 2.785999999999999600, 6.469999999999998900, -0.8050000000000000500 ) ) ;
#2770 = ADVANCED_FACE ( 'NONE', ( #969 ), #1145, .F. ) ;
#2771 = FACE_OUTER_BOUND ( 'NONE', #1305, .T. ) ;
#2772 = ORIENTED_EDGE ( 'NONE', *, *, #466, .F. ) ;
#2773 = DIRECTION ( 'NONE',  ( -1, 0, 0 ) ) ;
#2774 = VECTOR ( 'NONE', #1695, 1000.000000000000000 ) ;
#2775 = EDGE_CURVE ( 'NONE', #3011, #2897, #360, .T. ) ;
#2776 = DIRECTION ( 'NONE',  ( 0.05213734452107518500, -0.08703720429184765000, 0.9948397973419388400 ) ) ;
#2777 = DIRECTION ( 'NONE',  ( -1.000000000000000000, -0.0000000000000000000, 0.0000000000000000000 ) ) ;
#2778 = CIRCLE ( 'NONE', #823, 0.4500000000000007300 ) ;
#2779 = EDGE_LOOP ( 'NONE', ( #2597, #789, #1487, #2970 ) ) ;
#2780 = ORIENTED_EDGE ( 'NONE', *, *, #1109, .T. ) ;
#2781 = ORIENTED_EDGE ( 'NONE', *, *, #3038, .T. ) ;
#2782 = CARTESIAN_POINT ( 'NONE',  ( -1.014000000000000200, 1.289981861641478700, -1.335000000000000000 ) ) ;
#2783 = EDGE_LOOP ( 'NONE', ( #2793, #2105, #76, #2087 ) ) ;
#2784 = CARTESIAN_POINT ( 'NONE',  ( 4.962, 0.8849999999999999, -3.6 ) ) ;
#2785 = AXIS2_PLACEMENT_3D ( 'NONE', #1982, #36, #1271 ) ;
#2786 = ORIENTED_EDGE ( 'NONE', *, *, #1482, .F. ) ;
#2787 = CARTESIAN_POINT ( 'NONE',  ( 0.4400000000000003, 0.8849999999999999, -1.15 ) ) ;
#2788 = ADVANCED_FACE ( 'NONE', ( #1275 ), #1646, .F. ) ;
#2789 = CARTESIAN_POINT ( 'NONE',  ( 2.676, 1.415, -0.5499999999999999 ) ) ;
#2790 = ORIENTED_EDGE ( 'NONE', *, *, #2369, .T. ) ;
#2791 = EDGE_CURVE ( 'NONE', #2057, #833, #3016, .T. ) ;
#2792 = DIRECTION ( 'NONE',  ( 0, 0, 1 ) ) ;
#2793 = ORIENTED_EDGE ( 'NONE', *, *, #2059, .F. ) ;
#2794 = CARTESIAN_POINT ( 'NONE',  ( 1.785999999999999800, 6.469999999999998900, -0.8050000000000000500 ) ) ;
#2795 = ORIENTED_EDGE ( 'NONE', *, *, #695, .T. ) ;
#2796 = FACE_OUTER_BOUND ( 'NONE', #681, .T. ) ;
#2797 = LINE ( 'NONE', #342, #3091 ) ;
#2798 = AXIS2_PLACEMENT_3D ( 'NONE', #247, #494, #745 ) ;
#2799 = DIRECTION ( 'NONE',  ( 0, 1, 0 ) ) ;
#2800 = DIRECTION ( 'NONE',  ( -0.9659258262890682000, 0.2588190451025212400, 0.0000000000000000000 ) ) ;
#2801 = CYLINDRICAL_SURFACE ( 'NONE', #1766, 0.4500000000000007300 ) ;
#2802 = PLANE ( 'NONE',  #1417 ) ;
#2803 = VECTOR ( 'NONE', #3058, 1000.000000000000000 ) ;
#2804 = ORIENTED_EDGE ( 'NONE', *, *, #1698, .T. ) ;
#2805 = EDGE_CURVE ( 'NONE', #2158, #2192, #1660, .T. ) ;
#2806 = LINE ( 'NONE', #161, #1816 ) ;
#2807 = ORIENTED_EDGE ( 'NONE', *, *, #1085, .T. ) ;
#2808 = CARTESIAN_POINT ( 'NONE',  ( 4.182, 1.415, 0.04636899166873998 ) ) ;
#2809 = FACE_OUTER_BOUND ( 'NONE', #2160, .T. ) ;
#2810 = ORIENTED_EDGE ( 'NONE', *, *, #887, .T. ) ;
#2811 = CARTESIAN_POINT ( 'NONE',  ( 1.896, 0.8849999999999999, -3.6 ) ) ;
#2812 = VECTOR ( 'NONE', #51, 1000.000000000000000 ) ;
#2813 = EDGE_CURVE ( 'NONE', #449, #1125, #629, .T. ) ;
#2814 = EDGE_LOOP ( 'NONE', ( #1640, #839, #158, #611 ) ) ;
#2815 = DIRECTION ( 'NONE',  ( -0.9848077530122092, 0, 0.1736481776669236 ) ) ;
#2816 = ADVANCED_FACE ( 'NONE', ( #1731 ), #418, .F. ) ;
#2817 = CARTESIAN_POINT ( 'NONE',  ( 0.1710000000000005700, 6.469999999999998900, -0.8050000000000000500 ) ) ;
#2818 = EDGE_LOOP ( 'NONE', ( #1943, #1377, #426, #2810, #2278, #1912, #716, #2564, #1068, #671, #1648, #1518, #2648 ) ) ;
#2819 = VERTEX_POINT ( 'NONE', #1627 ) ;
#2820 = CARTESIAN_POINT ( 'NONE',  ( 5.585999999999999400, 1.289981861641478700, -1.335000000000000000 ) ) ;
#2821 = VERTEX_POINT ( 'NONE', #1617 ) ;
#2822 = DIRECTION ( 'NONE',  ( -1.000000000000000000, 0.0000000000000000000, 0.0000000000000000000 ) ) ;
#2823 = CARTESIAN_POINT ( 'NONE',  ( 1.846, 0.8849999999999999, -0.5499999999999998 ) ) ;
#2824 = ORIENTED_EDGE ( 'NONE', *, *, #1892, .F. ) ;
#2825 = VERTEX_POINT ( 'NONE', #1847 ) ;
#2826 = EDGE_CURVE ( 'NONE', #1027, #2135, #1626, .T. ) ;
#2827 = VERTEX_POINT ( 'NONE', #1870 ) ;
#2828 = CARTESIAN_POINT ( 'NONE',  ( 5.585999999999999400, 7.370000000000000100, -1.335000000000000000 ) ) ;
#2829 = DIRECTION ( 'NONE',  ( 0.0000000000000000000, 1.000000000000000000, 1.277310288589908900E-016 ) ) ;
#2830 = DIRECTION ( 'NONE',  ( 4.336808689942016200E-015, 1.000000000000000000, -0.0000000000000000000 ) ) ;
#2831 = DIRECTION ( 'NONE',  ( -0.0000000000000000000, -0.0000000000000000000, -1.000000000000000000 ) ) ;
#2832 = CARTESIAN_POINT ( 'NONE',  ( 0.1710000000000005700, 6.469999999999998900, -1.335000000000000000 ) ) ;
#2833 = ADVANCED_FACE ( 'NONE', ( #667 ), #1388, .F. ) ;
#2834 = LINE ( 'NONE', #525, #316 ) ;
#2835 = CARTESIAN_POINT ( 'NONE',  ( -0.3899999999999997, 1.415, -3.6 ) ) ;
#2836 = VERTEX_POINT ( 'NONE', #2820 ) ;
#2837 = EDGE_CURVE ( 'NONE', #2932, #2723, #2604, .T. ) ;
#2838 = FACE_OUTER_BOUND ( 'NONE', #1385, .T. ) ;
#2839 = CARTESIAN_POINT ( 'NONE',  ( -0.9091844414339310700, 6.811777197622636700, 0.9649999999999988600 ) ) ;
#2840 = DIRECTION ( 'NONE',  ( 0, 0, 1 ) ) ;
#2841 = LINE ( 'NONE', #1051, #595 ) ;
#2842 = ORIENTED_EDGE ( 'NONE', *, *, #1938, .F. ) ;
#2843 = COLOUR_RGB ( '',0.7921568627450980000, 0.8196078431372548800, 0.9333333333333333500 ) ;
#2844 = ORIENTED_EDGE ( 'NONE', *, *, #83, .T. ) ;
#2845 = CARTESIAN_POINT ( 'NONE',  ( 4.400999999999998900, 6.469999999999999800, -1.335000000000000000 ) ) ;
#2846 = LINE ( 'NONE', #2937, #748 ) ;
#2847 = VECTOR ( 'NONE', #2653, 1000.000000000000000 ) ;
#2848 = EDGE_CURVE ( 'NONE', #423, #3113, #2977, .T. ) ;
#2849 = VECTOR ( 'NONE', #1678, 1000.000000000000000 ) ;
#2850 = VERTEX_POINT ( 'NONE', #1407 ) ;
#2851 = DIRECTION ( 'NONE',  ( 1.000000000000000000, -4.336808689941997200E-015, -0.0000000000000000000 ) ) ;
#2852 = LINE ( 'NONE', #795, #1138 ) ;
#2853 = DIRECTION ( 'NONE',  ( -0.0000000000000000000, -0.0000000000000000000, 1.000000000000000000 ) ) ;
#2854 = ORIENTED_EDGE ( 'NONE', *, *, #1915, .T. ) ;
#2855 = EDGE_CURVE ( 'NONE', #545, #2395, #320, .T. ) ;
#2856 = ORIENTED_EDGE ( 'NONE', *, *, #2837, .F. ) ;
#2857 = DIRECTION ( 'NONE',  ( 0, -1, 0 ) ) ;
#2858 = ORIENTED_EDGE ( 'NONE', *, *, #2196, .F. ) ;
#2859 = ORIENTED_EDGE ( 'NONE', *, *, #201, .T. ) ;
#2860 = EDGE_CURVE ( 'NONE', #3041, #2124, #2501, .T. ) ;
#2861 = VERTEX_POINT ( 'NONE', #3092 ) ;
#2862 = CARTESIAN_POINT ( 'NONE',  ( 5.012, 0.8849999999999999, -1.15 ) ) ;
#2863 = ORIENTED_EDGE ( 'NONE', *, *, #1017, .F. ) ;
#2864 = AXIS2_PLACEMENT_3D ( 'NONE', #1789, #301, #324 ) ;
#2865 = EDGE_CURVE ( 'NONE', #146, #879, #2757, .T. ) ;
#2866 = CARTESIAN_POINT ( 'NONE',  ( 4.182, 1.415, -3.6 ) ) ;
#2867 = VECTOR ( 'NONE', #388, 1000.000000000000000 ) ;
#2868 = CARTESIAN_POINT ( 'NONE',  ( 0.4400000000000001, 1.415, -0.5499999999999998 ) ) ;
#2869 = CARTESIAN_POINT ( 'NONE',  ( 4.182, 0.8849999999999999, -0.5499999999999999 ) ) ;
#2870 = VECTOR ( 'NONE', #2103, 1000.000000000000000 ) ;
#2871 = DIRECTION ( 'NONE',  ( 0, 1, 0 ) ) ;
#2872 = FACE_OUTER_BOUND ( 'NONE', #2481, .T. ) ;
#2873 = DIRECTION ( 'NONE',  ( 0.0000000000000000000, 0.0000000000000000000, 1.000000000000000000 ) ) ;
#2874 = VECTOR ( 'NONE', #1318, 1000.000000000000000 ) ;
#2875 = ORIENTED_EDGE ( 'NONE', *, *, #1826, .F. ) ;
#2876 = VECTOR ( 'NONE', #2652, 1000.000000000000100 ) ;
#2877 = CARTESIAN_POINT ( 'NONE',  ( 2.786000000000000500, 5.419999999999999000, 0.8649999999999987700 ) ) ;
#2878 = EDGE_LOOP ( 'NONE', ( #478, #2216, #363, #1201 ) ) ;
#2879 = AXIS2_PLACEMENT_3D ( 'NONE', #2453, #2692, #2717 ) ;
#2880 = LINE ( 'NONE', #2817, #1889 ) ;
#2881 = DIRECTION ( 'NONE',  ( 0.0000000000000000000, 0.9848077530122080200, -0.1736481776669307200 ) ) ;
#2882 = ORIENTED_EDGE ( 'NONE', *, *, #2051, .F. ) ;
#2883 = EDGE_CURVE ( 'NONE', #397, #757, #3126, .T. ) ;
#2884 = VECTOR ( 'NONE', #351, 1000.000000000000000 ) ;
#2885 = ORIENTED_EDGE ( 'NONE', *, *, #1109, .F. ) ;
#2886 = EDGE_CURVE ( 'NONE', #2891, #825, #153, .T. ) ;
#2887 = VECTOR ( 'NONE', #2921, 1000.000000000000000 ) ;
#2888 = CARTESIAN_POINT ( 'NONE',  ( 2.676, 0.8849999999999999, 0 ) ) ;
#2889 = EDGE_LOOP ( 'NONE', ( #1761, #1754, #2271, #386 ) ) ;
#2890 = ADVANCED_FACE ( 'NONE', ( #1839 ), #1934, .F. ) ;
#2891 = VERTEX_POINT ( 'NONE', #2877 ) ;
#2892 = ORIENTED_EDGE ( 'NONE', *, *, #1438, .T. ) ;
#2893 = EDGE_LOOP ( 'NONE', ( #1102, #1413, #760, #223 ) ) ;
#2894 = EDGE_CURVE ( 'NONE', #1913, #2739, #557, .T. ) ;
#2895 = VERTEX_POINT ( 'NONE', #459 ) ;
#2896 = CARTESIAN_POINT ( 'NONE',  ( 5.585999999999999400, 1.289981861641478700, -1.335000000000000000 ) ) ;
#2897 = VERTEX_POINT ( 'NONE', #2404 ) ;
#2898 = CARTESIAN_POINT ( 'NONE',  ( 2.286000000000000000, 0.0000000000000000000, -1.335000000000000000 ) ) ;
#2899 = ORIENTED_EDGE ( 'NONE', *, *, #2775, .F. ) ;
#2900 = EDGE_CURVE ( 'NONE', #2441, #2596, #2416, .T. ) ;
#2901 = VERTEX_POINT ( 'NONE', #2129 ) ;
#2902 = PRESENTATION_STYLE_ASSIGNMENT (( #1746 ) ) ;
#2903 = EDGE_CURVE ( 'NONE', #1651, #2177, #1390, .T. ) ;
#2904 = DIRECTION ( 'NONE',  ( 0, -0.9961946980917455, -0.08715574274765858 ) ) ;
#2905 = VECTOR ( 'NONE', #2708, 1000.000000000000000 ) ;
#2906 = ORIENTED_EDGE ( 'NONE', *, *, #2805, .F. ) ;
#2907 = CARTESIAN_POINT ( 'NONE',  ( 2.676, 0.8849999999999999, -3.6 ) ) ;
#2908 = VECTOR ( 'NONE', #1261, 1000.000000000000000 ) ;
#2909 = EDGE_CURVE ( 'NONE', #879, #190, #2115, .T. ) ;
#2910 = VECTOR ( 'NONE', #1670, 1000.000000000000000 ) ;
#2911 = CARTESIAN_POINT ( 'NONE',  ( 0.1710000000000005700, 6.469999999999998900, -0.8050000000000000500 ) ) ;
#2912 = FACE_OUTER_BOUND ( 'NONE', #216, .T. ) ;
#2913 = EDGE_CURVE ( 'NONE', #257, #2055, #1230, .T. ) ;
#2914 = VERTEX_POINT ( 'NONE', #673 ) ;
#2915 = DIRECTION ( 'NONE',  ( 0.0000000000000000000, 0.0000000000000000000, 1.000000000000000000 ) ) ;
#2916 = LINE ( 'NONE', #1424, #334 ) ;
#2917 = CARTESIAN_POINT ( 'NONE',  ( 4.182, 1.415, -0.5499999999999999 ) ) ;
#2918 = DIRECTION ( 'NONE',  ( 0, 0, 1 ) ) ;
#2919 = EDGE_CURVE ( 'NONE', #1542, #2215, #2454, .T. ) ;
#2920 = DIRECTION ( 'NONE',  ( 0.0000000000000000000, 0.0000000000000000000, 1.000000000000000000 ) ) ;
#2921 = DIRECTION ( 'NONE',  ( 0.7071067811865468000, 0.7071067811865483500, -0.0000000000000000000 ) ) ;
#2922 = LINE ( 'NONE', #1668, #174 ) ;
#2923 = DIRECTION ( 'NONE',  ( 1.000000000000000000, 0.0000000000000000000, 0.0000000000000000000 ) ) ;
#2924 = CARTESIAN_POINT ( 'NONE',  ( 5.576802600595962100, 6.979197399404036200, -0.9150894671374105700 ) ) ;
#2925 = ORIENTED_EDGE ( 'NONE', *, *, #1048, .F. ) ;
#2926 = CARTESIAN_POINT ( 'NONE',  ( 4.400999999999998900, 7.370000000000000100, -0.8050000000000000500 ) ) ;
#2927 = ORIENTED_EDGE ( 'NONE', *, *, #2903, .F. ) ;
#2928 = EDGE_LOOP ( 'NONE', ( #2065, #1043, #165, #2172 ) ) ;
#2929 = CARTESIAN_POINT ( 'NONE',  ( 0.1710000000000005700, 6.469999999999998900, -0.8050000000000000500 ) ) ;
#2930 = ORIENTED_EDGE ( 'NONE', *, *, #2273, .F. ) ;
#2931 = CARTESIAN_POINT ( 'NONE',  ( -0.3900000000000002, 0.8849999999999999, -0.5499999999999999 ) ) ;
#2932 = VERTEX_POINT ( 'NONE', #2666 ) ;
#2933 = CARTESIAN_POINT ( 'NONE',  ( -0.4400000000000003, 1.415, -1.15 ) ) ;
#2934 = ORIENTED_EDGE ( 'NONE', *, *, #129, .T. ) ;
#2935 = DIRECTION ( 'NONE',  ( 0.0000000000000000000, -0.0000000000000000000, -1.000000000000000000 ) ) ;
#2936 = CARTESIAN_POINT ( 'NONE',  ( -0.02900000000000038000, 6.469999999999999800, -1.335000000000000000 ) ) ;
#2937 = CARTESIAN_POINT ( 'NONE',  ( 1.846, 1.415, -0.5499999999999998 ) ) ;
#2938 = CARTESIAN_POINT ( 'NONE',  ( 4.400999999999998900, 6.469999999999999800, -1.335000000000000000 ) ) ;
#2939 = CARTESIAN_POINT ( 'NONE',  ( 1.335999999999999000, 6.919999999999999900, -0.8050000000000000500 ) ) ;
#2940 = DIRECTION ( 'NONE',  ( 0.05213734452107518500, 0.08703720429184742800, -0.9948397973419388400 ) ) ;
#2941 = VECTOR ( 'NONE', #2799, 1000.000000000000000 ) ;
#2942 = CARTESIAN_POINT ( 'NONE',  ( 4.962, 0.8849999999999999, 0 ) ) ;
#2943 = FACE_OUTER_BOUND ( 'NONE', #2060, .T. ) ;
#2944 = CARTESIAN_POINT ( 'NONE',  ( 4.132, 1.415, -1.15 ) ) ;
#2945 = FACE_OUTER_BOUND ( 'NONE', #355, .T. ) ;
#2946 = DIRECTION ( 'NONE',  ( 0.0000000000000000000, 0.0000000000000000000, -1.000000000000000000 ) ) ;
#2947 = ORIENTED_EDGE ( 'NONE', *, *, #2537, .T. ) ;
#2948 = CARTESIAN_POINT ( 'NONE',  ( 0.3899999999999997, 0.8849999999999999, -3.6 ) ) ;
#2949 = VECTOR ( 'NONE', #922, 1000.000000000000000 ) ;
#2950 = ORIENTED_EDGE ( 'NONE', *, *, #2909, .F. ) ;
#2951 = DIRECTION ( 'NONE',  ( -0.0000000000000000000, -0.0000000000000000000, -1.000000000000000000 ) ) ;
#2952 = FACE_OUTER_BOUND ( 'NONE', #1106, .T. ) ;
#2953 = PRODUCT_DEFINITION_SHAPE ( 'NONE', 'NONE',  #2138 ) ;
#2954 = CARTESIAN_POINT ( 'NONE',  ( 5.559513457560944600, 6.942538337094759100, -0.5296066633350168300 ) ) ;
#2955 = LINE ( 'NONE', #1071, #19 ) ;
#2956 = FILL_AREA_STYLE_COLOUR ( '', #2843 ) ;
#2957 = DIRECTION ( 'NONE',  ( 0.0000000000000000000, 0.0000000000000000000, -1.000000000000000000 ) ) ;
#2958 = VERTEX_POINT ( 'NONE', #2644 ) ;
#2959 = AXIS2_PLACEMENT_3D ( 'NONE', #2954, #511, #1512 ) ;
#2960 = MANIFOLD_SOLID_BREP ( 'Body-Move/Copy1[1]', #509 ) ;
#2961 = EDGE_CURVE ( 'NONE', #2932, #3156, #1154, .T. ) ;
#2962 = VERTEX_POINT ( 'NONE', #2938 ) ;
#2963 = ORIENTED_EDGE ( 'NONE', *, *, #2764, .F. ) ;
#2964 = DIRECTION ( 'NONE',  ( 0.0000000000000000000, 0.0000000000000000000, -1.000000000000000000 ) ) ;
#2965 = DIRECTION ( 'NONE',  ( 1.000000000000000000, -0.0000000000000000000, 0.0000000000000000000 ) ) ;
#2966 = ORIENTED_EDGE ( 'NONE', *, *, #1704, .T. ) ;
#2967 = VERTEX_POINT ( 'NONE', #1003 ) ;
#2968 = CARTESIAN_POINT ( 'NONE',  ( 5.585999999999999400, 7.370000000000000100, -1.335000000000000000 ) ) ;
#2969 = PLANE ( 'NONE',  #1165 ) ;
#2970 = ORIENTED_EDGE ( 'NONE', *, *, #103, .T. ) ;
#2971 = CARTESIAN_POINT ( 'NONE',  ( 4.182, 0.8849999999999999, 0 ) ) ;
#2972 = CARTESIAN_POINT ( 'NONE',  ( 1.335999999999999000, 6.919999999999999900, -1.335000000000000000 ) ) ;
#2973 = CARTESIAN_POINT ( 'NONE',  ( 4.30542888649592, 0.8849999999999999, -4.3 ) ) ;
#2974 = VECTOR ( 'NONE', #1496, 1000.000000000000000 ) ;
#2975 = AXIS2_PLACEMENT_3D ( 'NONE', #574, #1260, #788 ) ;
#2976 = PLANE ( 'NONE',  #2864 ) ;
#2977 = LINE ( 'NONE', #198, #1590 ) ;
#2978 = EDGE_CURVE ( 'NONE', #110, #187, #2834, .T. ) ;
#2979 = EDGE_LOOP ( 'NONE', ( #1148, #2285, #3145, #801 ) ) ;
#2980 = CARTESIAN_POINT ( 'NONE',  ( 4.962, 0.8849999999999999, -3.6 ) ) ;
#2981 = LINE ( 'NONE', #2287, #434 ) ;
#2982 = DIRECTION ( 'NONE',  ( 0, 1, 0 ) ) ;
#2983 = EDGE_LOOP ( 'NONE', ( #86, #1688, #136, #1053 ) ) ;
#2984 = CARTESIAN_POINT ( 'NONE',  ( 2.785999999999999600, 6.919999999999999900, -0.8050000000000000500 ) ) ;
#2985 = CARTESIAN_POINT ( 'NONE',  ( -0.3899999999999997, 0.8849999999999999, -3.6 ) ) ;
#2986 = VECTOR ( 'NONE', #437, 1000.000000000000000 ) ;
#2987 = VECTOR ( 'NONE', #1264, 1000.000000000000000 ) ;
#2988 = LINE ( 'NONE', #2207, #2613 ) ;
#2989 = ORIENTED_EDGE ( 'NONE', *, *, #1614, .T. ) ;
#2990 = APPLICATION_CONTEXT ( 'automotive_design' ) ;
#2991 = FACE_OUTER_BOUND ( 'NONE', #1765, .T. ) ;
#2992 = VECTOR ( 'NONE', #2741, 1000.000000000000000 ) ;
#2993 = PLANE ( 'NONE',  #282 ) ;
#2994 = DIRECTION ( 'NONE',  ( 0, 0, 1 ) ) ;
#2995 = VERTEX_POINT ( 'NONE', #2469 ) ;
#2996 = ORIENTED_EDGE ( 'NONE', *, *, #391, .F. ) ;
#2997 = EDGE_LOOP ( 'NONE', ( #2019, #1213, #221, #898 ) ) ;
#2998 = ADVANCED_FACE ( 'NONE', ( #1549 ), #1506, .F. ) ;
#2999 = DIRECTION ( 'NONE',  ( 0, 0, 1 ) ) ;
#3000 = DIRECTION ( 'NONE',  ( 0, 0, -1 ) ) ;
#3001 = VERTEX_POINT ( 'NONE', #1716 ) ;
#3002 = VERTEX_POINT ( 'NONE', #1239 ) ;
#3003 = DIRECTION ( 'NONE',  ( -0.05213734452107517800, -0.08703720429184762200, 0.9948397973419387300 ) ) ;
#3004 = EDGE_CURVE ( 'NONE', #1410, #2130, #2072, .T. ) ;
#3005 = ORIENTED_EDGE ( 'NONE', *, *, #2919, .T. ) ;
#3006 = DIRECTION ( 'NONE',  ( -1.000000000000000000, 0.0000000000000000000, 0.0000000000000000000 ) ) ;
#3007 = AXIS2_PLACEMENT_3D ( 'NONE', #2198, #2915, #1002 ) ;
#3008 = CARTESIAN_POINT ( 'NONE',  ( 2.286, 1.415, -1.15 ) ) ;
#3009 = CARTESIAN_POINT ( 'NONE',  ( 0.3899999999999997, 0.8849999999999999, -3.6 ) ) ;
#3010 = ORIENTED_EDGE ( 'NONE', *, *, #2557, .F. ) ;
#3011 = VERTEX_POINT ( 'NONE', #2907 ) ;
#3012 = CARTESIAN_POINT ( 'NONE',  ( 5.585999999999999400, 6.969999999999998900, 0.0000000000000000000 ) ) ;
#3013 = DIRECTION ( 'NONE',  ( 0, 1, 0 ) ) ;
#3014 = DIRECTION ( 'NONE',  ( 0, 1, 0 ) ) ;
#3015 = EDGE_CURVE ( 'NONE', #2466, #854, #1426, .T. ) ;
#3016 = LINE ( 'NONE', #154, #3166 ) ;
#3017 = CARTESIAN_POINT ( 'NONE',  ( 2.785999999999999600, 7.370000000000001000, -0.8050000000000000500 ) ) ;
#3018 = DIRECTION ( 'NONE',  ( 1.000000000000000000, 0.0000000000000000000, 0.0000000000000000000 ) ) ;
#3019 = LINE ( 'NONE', #1491, #817 ) ;
#3020 = VERTEX_POINT ( 'NONE', #3151 ) ;
#3021 = FACE_OUTER_BOUND ( 'NONE', #2140, .T. ) ;
#3022 = FACE_OUTER_BOUND ( 'NONE', #2305, .T. ) ;
#3023 = VECTOR ( 'NONE', #2117, 1000.000000000000000 ) ;
#3024 = LINE ( 'NONE', #1752, #409 ) ;
#3025 = DIRECTION ( 'NONE',  ( -0.05213734452107517800, 0.08703720429184762200, -0.9948397973419387300 ) ) ;
#3026 = ADVANCED_FACE ( 'NONE', ( #852 ), #734, .F. ) ;
#3027 = VECTOR ( 'NONE', #2840, 1000.000000000000000 ) ;
#3028 = DIRECTION ( 'NONE',  ( 0.0000000000000000000, 0.0000000000000000000, 1.000000000000000000 ) ) ;
#3029 = LINE ( 'NONE', #995, #2735 ) ;
#3030 =( NAMED_UNIT ( * ) SI_UNIT ( $, .STERADIAN. ) SOLID_ANGLE_UNIT ( ) );
#3031 = ORIENTED_EDGE ( 'NONE', *, *, #2508, .F. ) ;
#3032 = EDGE_CURVE ( 'NONE', #844, #1721, #1047, .T. ) ;
#3033 = VECTOR ( 'NONE', #144, 1000.000000000000000 ) ;
#3034 = ORIENTED_EDGE ( 'NONE', *, *, #3032, .F. ) ;
#3035 = CARTESIAN_POINT ( 'NONE',  ( -0.4400000000000003, 0.8849999999999999, -0.5499999999999998 ) ) ;
#3036 = ORIENTED_EDGE ( 'NONE', *, *, #2137, .F. ) ;
#3037 = ORIENTED_EDGE ( 'NONE', *, *, #1032, .F. ) ;
#3038 = EDGE_CURVE ( 'NONE', #2055, #1796, #813, .T. ) ;
#3039 = ADVANCED_FACE ( 'NONE', ( #2754 ), #2976, .F. ) ;
#3040 = ORIENTED_EDGE ( 'NONE', *, *, #170, .F. ) ;
#3041 = VERTEX_POINT ( 'NONE', #1065 ) ;
#3042 = ADVANCED_FACE ( 'NONE', ( #2330 ), #48, .F. ) ;
#3043 = ORIENTED_EDGE ( 'NONE', *, *, #2865, .T. ) ;
#3044 = ORIENTED_EDGE ( 'NONE', *, *, #2417, .T. ) ;
#3045 = DIRECTION ( 'NONE',  ( 1, 0, 0 ) ) ;
#3046 = EDGE_CURVE ( 'NONE', #3113, #1013, #2146, .T. ) ;
#3047 = DIRECTION ( 'NONE',  ( 1.000000000000000000, -0.0000000000000000000, -0.0000000000000000000 ) ) ;
#3048 = LINE ( 'NONE', #3012, #1876 ) ;
#3049 = ORIENTED_EDGE ( 'NONE', *, *, #44, .T. ) ;
#3050 = CARTESIAN_POINT ( 'NONE',  ( 5.585999999999999400, 1.289981861641478700, -1.335000000000000000 ) ) ;
#3051 = VECTOR ( 'NONE', #559, 1000.000000000000000 ) ;
#3052 = AXIS2_PLACEMENT_3D ( 'NONE', #1232, #2227, #2935 ) ;
#3053 = CARTESIAN_POINT ( 'NONE',  ( 5.585999999999999400, 7.370000000000000100, -0.8050000000000000500 ) ) ;
#3054 = ADVANCED_FACE ( 'NONE', ( #773 ), #2610, .F. ) ;
#3055 = FACE_OUTER_BOUND ( 'NONE', #2560, .T. ) ;
#3056 = VECTOR ( 'NONE', #3122, 1000.000000000000100 ) ;
#3057 = EDGE_LOOP ( 'NONE', ( #2317, #3010, #1720, #1019 ) ) ;
#3058 = DIRECTION ( 'NONE',  ( 0, 1, 0 ) ) ;
#3059 = AXIS2_PLACEMENT_3D ( 'NONE', #929, #220, #920 ) ;
#3060 = VECTOR ( 'NONE', #1681, 1000.000000000000000 ) ;
#3061 = DIRECTION ( 'NONE',  ( -1, 0, 0 ) ) ;
#3062 = LINE ( 'NONE', #239, #2304 ) ;
#3063 = DIRECTION ( 'NONE',  ( 0.1736481776669236, 0, 0.9848077530122092 ) ) ;
#3064 = FACE_OUTER_BOUND ( 'NONE', #3157, .T. ) ;
#3065 = CARTESIAN_POINT ( 'NONE',  ( 4.132, 0.8849999999999999, -0.5499999999999998 ) ) ;
#3066 = VERTEX_POINT ( 'NONE', #2411 ) ;
#3067 = VECTOR ( 'NONE', #2446, 1000.000000000000000 ) ;
#3068 = ORIENTED_EDGE ( 'NONE', *, *, #2637, .T. ) ;
#3069 = LINE ( 'NONE', #1306, #1101 ) ;
#3070 = ORIENTED_EDGE ( 'NONE', *, *, #293, .F. ) ;
#3071 = CARTESIAN_POINT ( 'NONE',  ( -0.3790000000000000000, 7.370000000000001000, -0.8050000000000000500 ) ) ;
#3072 = CARTESIAN_POINT ( 'NONE',  ( 4.182, 0.8849999999999999, -0.5499999999999999 ) ) ;
#3073 = VERTEX_POINT ( 'NONE', #2332 ) ;
#3074 = ORIENTED_EDGE ( 'NONE', *, *, #1587, .F. ) ;
#3075 = CARTESIAN_POINT ( 'NONE',  ( 4.182, 0.8849999999999999, 0 ) ) ;
#3076 = ORIENTED_EDGE ( 'NONE', *, *, #1520, .F. ) ;
#3077 = CARTESIAN_POINT ( 'NONE',  ( 1.896, 0.8849999999999999, -3.6 ) ) ;
#3078 = CARTESIAN_POINT ( 'NONE',  ( 4.182, 0.8849999999999999, -0.5499999999999999 ) ) ;
#3079 = ORIENTED_EDGE ( 'NONE', *, *, #654, .T. ) ;
#3080 = CARTESIAN_POINT ( 'NONE',  ( -1.014000000000000200, 1.263735262583701300, -1.035000000000000100 ) ) ;
#3081 = ORIENTED_EDGE ( 'NONE', *, *, #1783, .T. ) ;
#3082 = CARTESIAN_POINT ( 'NONE',  ( 0.1710000000000005700, 6.469999999999998900, -0.8050000000000000500 ) ) ;
#3083 = ORIENTED_EDGE ( 'NONE', *, *, #1988, .F. ) ;
#3084 = CARTESIAN_POINT ( 'NONE',  ( 4.400999999999998900, 6.469999999999999800, -0.8050000000000000500 ) ) ;
#3085 = ORIENTED_EDGE ( 'NONE', *, *, #1920, .F. ) ;
#3086 = CARTESIAN_POINT ( 'NONE',  ( -0.6250293761866690900, 7.358970623813331000, -0.8960064454649392400 ) ) ;
#3087 = EDGE_CURVE ( 'NONE', #1125, #2158, #2111, .T. ) ;
#3088 = DIRECTION ( 'NONE',  ( -0.0000000000000000000, 1.000000000000000000, -0.0000000000000000000 ) ) ;
#3089 = ADVANCED_FACE ( 'NONE', ( #2796 ), #193, .T. ) ;
#3090 = DIRECTION ( 'NONE',  ( 0, 0, 1 ) ) ;
#3091 = VECTOR ( 'NONE', #2758, 1000.000000000000000 ) ;
#3092 = CARTESIAN_POINT ( 'NONE',  ( 2.785999999999999600, 6.469999999999998900, -1.335000000000000000 ) ) ;
#3093 = LINE ( 'NONE', #1950, #522 ) ;
#3094 =( GEOMETRIC_REPRESENTATION_CONTEXT ( 3 ) GLOBAL_UNCERTAINTY_ASSIGNED_CONTEXT ( ( #2402 ) ) GLOBAL_UNIT_ASSIGNED_CONTEXT ( ( #1504, #1250, #1514 ) ) REPRESENTATION_CONTEXT ( 'NONE', 'WORKASPACE' ) );
#3095 = VECTOR ( 'NONE', #1652, 1000.000000000000000 ) ;
#3096 = CARTESIAN_POINT ( 'NONE',  ( 2.676, 1.415, -0.5499999999999999 ) ) ;
#3097 = AXIS2_PLACEMENT_3D ( 'NONE', #431, #2387, #2415 ) ;
#3098 = LINE ( 'NONE', #416, #2238 ) ;
#3099 = DIRECTION ( 'NONE',  ( 0.0000000000000000000, 0.0000000000000000000, -1.000000000000000000 ) ) ;
#3100 = FACE_OUTER_BOUND ( 'NONE', #57, .T. ) ;
#3101 = CARTESIAN_POINT ( 'NONE',  ( 4.962, 0.8849999999999999, -3.6 ) ) ;
#3102 = ORIENTED_EDGE ( 'NONE', *, *, #2837, .T. ) ;
#3103 = CARTESIAN_POINT ( 'NONE',  ( 2.676, 0.8849999999999999, -0.5499999999999999 ) ) ;
#3104 = ADVANCED_FACE ( 'NONE', ( #272 ), #1146, .T. ) ;
#3105 = CARTESIAN_POINT ( 'NONE',  ( 4.950999999999999600, 8.355255888325766400, -0.8050000000000000500 ) ) ;
#3106 = CARTESIAN_POINT ( 'NONE',  ( 2.019428886495921, 0.8849999999999999, -4.3 ) ) ;
#3107 = LINE ( 'NONE', #1758, #1749 ) ;
#3108 = ORIENTED_EDGE ( 'NONE', *, *, #1679, .F. ) ;
#3109 = EDGE_CURVE ( 'NONE', #2654, #2315, #700, .T. ) ;
#3110 = ORIENTED_EDGE ( 'NONE', *, *, #1489, .F. ) ;
#3111 = DIRECTION ( 'NONE',  ( -0.05226442768870735700, 0.05226442768870712800, 0.9972646886342380100 ) ) ;
#3112 = DIRECTION ( 'NONE',  ( 0.1736481776669236, 0, -0.9848077530122092 ) ) ;
#3113 = VERTEX_POINT ( 'NONE', #1588 ) ;
#3114 = CARTESIAN_POINT ( 'NONE',  ( 0.1710000000000005700, 7.370000000000001000, -1.335000000000000000 ) ) ;
#3115 = ORIENTED_EDGE ( 'NONE', *, *, #2485, .T. ) ;
#3116 = AXIS2_PLACEMENT_3D ( 'NONE', #517, #35, #2490 ) ;
#3117 = ORIENTED_EDGE ( 'NONE', *, *, #1121, .T. ) ;
#3118 = CARTESIAN_POINT ( 'NONE',  ( 2.676, 1.415, 0.04636899166873998 ) ) ;
#3119 = ORIENTED_EDGE ( 'NONE', *, *, #2385, .T. ) ;
#3120 = AXIS2_PLACEMENT_3D ( 'NONE', #1448, #1941, #1471 ) ;
#3121 = ORIENTED_EDGE ( 'NONE', *, *, #1364, .F. ) ;
#3122 = DIRECTION ( 'NONE',  ( 0.05154298404611869200, -0.1734173605119499200, -0.9834987238775095800 ) ) ;
#3123 = DIRECTION ( 'NONE',  ( 1.000000000000000000, -4.336808689942016200E-015, 0.0000000000000000000 ) ) ;
#3124 = CARTESIAN_POINT ( 'NONE',  ( -0.02900000000000038000, 6.469999999999999800, -0.8050000000000000500 ) ) ;
#3125 = DIRECTION ( 'NONE',  ( 0, -1, 0 ) ) ;
#3126 = LINE ( 'NONE', #3124, #1877 ) ;
#3127 = CARTESIAN_POINT ( 'NONE',  ( -0.3900000000000002, 0.8849999999999999, -0.5499999999999999 ) ) ;
#3128 = FACE_OUTER_BOUND ( 'NONE', #1747, .T. ) ;
#3129 = CARTESIAN_POINT ( 'NONE',  ( -0.3900000000000002, 1.415, -1.15 ) ) ;
#3130 = FACE_OUTER_BOUND ( 'NONE', #2623, .T. ) ;
#3131 = MANIFOLD_SOLID_BREP ( 'Body-Move/Copy1[4]', #955 ) ;
#3132 = ORIENTED_EDGE ( 'NONE', *, *, #2681, .F. ) ;
#3133 = DIRECTION ( 'NONE',  ( -1.000000000000000000, 9.366757429680386100E-017, 0.0000000000000000000 ) ) ;
#3134 = AXIS2_PLACEMENT_3D ( 'NONE', #1328, #3018, #357 ) ;
#3135 = LINE ( 'NONE', #226, #2986 ) ;
#3136 = FACE_OUTER_BOUND ( 'NONE', #1572, .T. ) ;
#3137 = DIRECTION ( 'NONE',  ( 1, 0, 0 ) ) ;
#3138 = ORIENTED_EDGE ( 'NONE', *, *, #2553, .F. ) ;
#3139 = CARTESIAN_POINT ( 'NONE',  ( 5.174490241265124800, 7.371817627594650100, -0.8257755784737912400 ) ) ;
#3140 = ADVANCED_FACE ( 'NONE', ( #664 ), #2528, .F. ) ;
#3141 = LINE ( 'NONE', #318, #329 ) ;
#3142 = ORIENTED_EDGE ( 'NONE', *, *, #1566, .T. ) ;
#3143 = EDGE_CURVE ( 'NONE', #335, #1871, #3048, .T. ) ;
#3144 = VECTOR ( 'NONE', #3000, 1000.000000000000000 ) ;
#3145 = ORIENTED_EDGE ( 'NONE', *, *, #712, .F. ) ;
#3146 = DIRECTION ( 'NONE',  ( 0, 1, 0 ) ) ;
#3147 = EDGE_CURVE ( 'NONE', #1894, #77, #1914, .T. ) ;
#3148 = DIRECTION ( 'NONE',  ( 1.000000000000000000, 0.0000000000000000000, 0.0000000000000000000 ) ) ;
#3149 = FACE_OUTER_BOUND ( 'NONE', #267, .T. ) ;
#3150 = EDGE_LOOP ( 'NONE', ( #2500, #2053, #837, #1216 ) ) ;
#3151 = CARTESIAN_POINT ( 'NONE',  ( 1.785999999999999800, 6.469999999999998900, -1.335000000000000000 ) ) ;
#3152 = ORIENTED_EDGE ( 'NONE', *, *, #521, .T. ) ;
#3153 = PRODUCT_DEFINITION_FORMATION_WITH_SPECIFIED_SOURCE ( 'ANY', '', #1144, .NOT_KNOWN. ) ;
#3154 = ORIENTED_EDGE ( 'NONE', *, *, #1574, .F. ) ;
#3155 = ORIENTED_EDGE ( 'NONE', *, *, #2110, .F. ) ;
#3156 = VERTEX_POINT ( 'NONE', #2554 ) ;
#3157 = EDGE_LOOP ( 'NONE', ( #468, #1220, #882, #92, #137, #696 ) ) ;
#3158 = PLANE ( 'NONE',  #2367 ) ;
#3159 = CARTESIAN_POINT ( 'NONE',  ( 4.600999999999999100, 3.350000000000001400, -0.8050000000000000500 ) ) ;
#3160 = VERTEX_POINT ( 'NONE', #2389 ) ;
#3161 = DIRECTION ( 'NONE',  ( 0.1736481776669236, 0, 0.9848077530122092 ) ) ;
#3162 = DIRECTION ( 'NONE',  ( 0, 0, -1 ) ) ;
#3163 = CARTESIAN_POINT ( 'NONE',  ( -0.6139999999999999900, 7.370000000000000100, -1.335000000000000000 ) ) ;
#3164 = VECTOR ( 'NONE', #2425, 999.9999999999998900 ) ;
#3165 = CARTESIAN_POINT ( 'NONE',  ( 5.143121550348924500, 7.370000000000000100, -0.5876034461895010000 ) ) ;
#3166 = VECTOR ( 'NONE', #164, 1000.000000000000000 ) ;
ENDSEC;
END-ISO-10303-21;
